Workbook

Sheet Instructions - READ FIRST
A1: HOW THIS SYSTEM WORKS (v8 - same layout as before, one bug fixed)
A3: This is the same Master Leads layout you already have live. Only the F-Code rule changed:
A5: F-CODE IS NOW UNIQUE PER PHONE NUMBER, PERMANENTLY
A6: Before: every new campaign entry generated a brand new F-code, even for a phone number already in the system.
A7: Now: 'Add New Lead' checks column A (Phone Normalized) for this number FIRST. If it's already there under any
A8: earlier row, it REUSES that same F-code. A new F-code is only generated the very first time a number is ever seen.
A10: So the same student messaging in through a different boost later keeps their original F-code, and gets a new
A11: row logging the new campaign/enquiry - not a new identity.
A13: DUPLICATE VS REPEAT (unchanged)
A14: Same phone + same campaign already logged = true duplicate, blocked, no new row.
A15: Same phone + a different/new campaign = new row added, F-code reused, marked 'Repeat Student'.
A17: SETUP STEPS
... A48: 0716030661

Sheet Members
A1: Member Name | B1: Total Leads (auto) | C1: Converted Leads (auto)
A2: maheesha | B2: =COUNTIF('Master Leads'!$D$2:$D$1000,A2) -> 1 | C2: =COUNTIFS('Master Leads'!$D$2:$D$1000,A2,'Master Leads'!$F$2:$F$1000,"Converted") -> 1
A3: menik | B3: =COUNTIF('Master Leads'!$D$2:$D$1000,A3) -> 0 | C3: =COUNTIFS('Master Leads'!$D$2:$D$1000,A3,'Master Leads'!$F$2:$F$1000,"Converted") -> 0
A4: kavinda | B4: =COUNTIF('Master Leads'!$D$2:$D$1000,A4) -> 2 | C4: =COUNTIFS('Master Leads'!$D$2:$D$1000,A4,'Master Leads'!$F$2:$F$1000,"Converted") -> 0
A5: umesh | B5: =COUNTIF('Master Leads'!$D$2:$D$1000,A5) -> 4 | C5: =COUNTIFS('Master Leads'!$D$2:$D$1000,A5,'Master Leads'!$F$2:$F$1000,"Converted") -> 1
A6: Avishka | B6: =COUNTIF('Master Leads'!$D$2:$D$1000,A6) -> 0 | C6: =COUNTIFS('Master Leads'!$D$2:$D$1000,A6,'Master Leads'!$F$2:$F$1000,"Converted") -> 0
A7: Wihanga | B7: =COUNTIF('Master Leads'!$D$2:$D$1000,A7) -> 0 | C7: =COUNTIFS('Master Leads'!$D$2:$D$1000,A7,'Master Leads'!$F$2:$F$1000,"Converted") -> 0
A8: muthumali | B8: =COUNTIF('Master Leads'!$D$2:$D$1000,A8) -> 1 | C8: =COUNTIFS('Master Leads'!$D$2:$D$1000,A8,'Master Leads'!$F$2:$F$1000,"Converted") -> 0
A9: shamali | B9: =COUNTIF('Master Leads'!$D$2:$D$1000,A9) -> 0 | C9: =COUNTIFS('Master Leads'!$D$2:$D$1000,A9,'Master Leads'!$F$2:$F$1000,"Converted") -> 0

Sheet Master Leads
A1: Phone (Normalized) | B1: Raw Phone (as entered) | C1: F-Code | D1: Assigned Member | E1: Date Added | F1: Status | G1: Grade | H1: Comments | I1: Second Call Done | J1: Second Call Notes | K1: Duplicate Check | L1: Campaign / Boost Name | M1: Repeat Student? | N1: Previous F-Code (if repeat) | O1: Paid | P1: Grade
A2: =IFERROR(__xludf.DUMMYFUNCTION("IF(B2="""","""",RIGHT(regexreplace(B2&"""",""[^0-9]"",""""),9))"),"778625101") -> 778625101 | B2: +94 77 862 5101 | C2: F00001 | D2: maheesha | E2: 2026-07-01 | F2: Converted | G2: 6 | I2: No | K2: =IF(COUNTIFS($A$2:A2,A2,$L$2:L2,L2)>1,"DUPLICATE - CHECK","") | L2: B1 | M2: =IF(COUNTIF($A1:A$2,A)>0,"Yes - see Previous F-Code","No") -> No | N2: {=IF(COUNTIF($A1:A$2,A)>0,INDEX($C1:C$2,MATCH(A2,$A1:A$2,0)),"")} | O2: No | P2: 7, 9
A3: =IFERROR(__xludf.DUMMYFUNCTION("IF(B3="""","""",RIGHT(regexreplace(B3&"""",""[^0-9]"",""""),9))"),"766820157") -> 766820157 | B3: 0766820157 | C3: F00002 | D3: umesh | E3: 2026-07-02 | F3: Not Interested | H3: off | I3: No | K3: =IF(COUNTIFS($A$2:A3,A3,$L$2:L3,L3)>1,"DUPLICATE - CHECK","") | L3: B1 | M3: =IF(COUNTIF($A2:A$2,A3)>0,"Yes - see Previous F-Code","No") -> No | N3: =IF(COUNTIF($A2:A$2,A3)>0,INDEX($C2:C$2,MATCH(A3,$A2:A$2,0)),"")
A4: =IFERROR(__xludf.DUMMYFUNCTION("IF(B4="""","""",RIGHT(regexreplace(B4&"""",""[^0-9]"",""""),9))"),"712197438") -> 712197438 | B4: +94 71 219 7438 | C4: F00003 | D4: kavinda | E4: 2026-07-03 | F4: Contacted | G4: 11 | I4: Yes | J4: details ewanna | K4: =IF(COUNTIFS($A$2:A4,A4,$L$2:L4,L4)>1,"DUPLICATE - CHECK","") | M4: =IF(COUNTIF($A3:A$2,A4)>0,"Yes - see Previous F-Code","No") -> No | N4: =IF(COUNTIF($A3:A$2,A4)>0,INDEX($C3:C$2,MATCH(A4,$A3:A$2,0)),"")
A5: =IFERROR(__xludf.DUMMYFUNCTION("IF(B5="""","""",RIGHT(regexreplace(B5&"""",""[^0-9]"",""""),9))"),"716030661") -> 716030661 | B5: 716030661 | C5: F00004 | D5: umesh | E5: 46223.351 | F5: Contacted | G5: 8, 9 | H5: send details | K5: =IF(COUNTIFS($A$2:A5,A5,$L$2:L5,L5)>1,"DUPLICATE - CHECK","") | M5: =IF(COUNTIF($A4:A$2,A5)>0,"Yes - see Previous F-Code","No") -> No | N5: {=IF(COUNTIF($A$2:A4,A)>0,INDEX($C$2:C4,MATCH(A5,$A$2:A4,0)),"")} | P5: 9
A6: =IFERROR(__xludf.DUMMYFUNCTION("IF(B6="""","""",RIGHT(regexreplace(B6&"""",""[^0-9]"",""""),9))"),"781833131") -> 781833131 | B6: 781833131 | C6: F00005 | D6: umesh | E6: 46223.351 | F6: Converted | G6: 9 | K6: =IF(COUNTIFS($A$2:A6,A6,$L$2:L6,L6)>1,"DUPLICATE - CHECK","") | M6: =IF(COUNTIF($A5:A$2,A6)>0,"Yes - see Previous F-Code","No") -> No | N6: =IF(COUNTIF($A$2:A5,A6)>0,INDEX($C$2:C5,MATCH(A6,$A$2:A5,0)),"")
A7: =IFERROR(__xludf.DUMMYFUNCTION("IF(B7="""","""",RIGHT(regexreplace(B7&"""",""[^0-9]"",""""),9))"),"716030661") -> 716030661 | B7: 716030661 | C7: F00004 | E7: 46223.355 | F7: New | G7: 7 | K7: =IF(COUNTIFS($A$2:A7,A7,$L$2:L7,L7)>1,"DUPLICATE - CHECK","") | M7: =IF(COUNTIF($A6:A$2,A7)>0,"Yes - see Previous F-Code","No") -> Yes - see Previous F-Code | N7: =IF(COUNTIF($A$2:A6,A7)>0,INDEX($C$2:C6,MATCH(A7,$A$2:A6,0)),"") -> F00004
A8: =IFERROR(__xludf.DUMMYFUNCTION("IF(B8="""","""",RIGHT(regexreplace(B8&"""",""[^0-9]"",""""),9))"),"752945180") -> 752945180 | B8: 752945180 | C8: F00006 | D8: kavinda | E8: 46223.36 | F8: No Answer | I8: No | K8: =IF(COUNTIFS($A$2:A8,A8,$L$2:L8,L8)>1,"DUPLICATE - CHECK","") | L8: B1 | M8: =IF(COUNTIF($A7:A$2,A8)>0,"Yes - see Previous F-Code","No") -> No | N8: {=IF(COUNTIF($A$2:A7,A)>0,INDEX($C$2:C7,MATCH(A8,$A$2:A7,0)),"")}
A9: =IFERROR(__xludf.DUMMYFUNCTION("IF(B9="""","""",RIGHT(regexreplace(B9&"""",""[^0-9]"",""""),9))"),"752945180") -> 752945180 | B9: 94752945180 | C9: F00006 | D9: muthumali | E9: 46223.36 | F9: Contacted | G9: 8 | K9: =IF(COUNTIFS($A$2:A9,A9,$L$2:L9,L9)>1,"DUPLICATE - CHECK","") -> DUPLICATE - CHECK | L9: B1 | M9: =IF(COUNTIF($A8:A$2,A9)>0,"Yes - see Previous F-Code","No") -> Yes - see Previous F-Code | N9: =IF(COUNTIF($A$2:A8,A9)>0,INDEX($C$2:C8,MATCH(A9,$A$2:A8,0)),"") -> F00006
A10: =IFERROR(__xludf.DUMMYFUNCTION("IF(B10="""","""",RIGHT(regexreplace(B10&"""",""[^0-9]"",""""),9))"),"778625101") -> 778625101 | B10: 778625101 | C10: F00001 | D10: umesh | E10: 46223.361 | F10: Contacted | G10: 10 | K10: =IF(COUNTIFS($A$2:A10,A10,$L$2:L10,L10)>1,"DUPLICATE - CHECK","") | L10: B2 | M10: =IF(COUNTIF($A9:A$2,A10)>0,"Yes - see Previous F-Code","No") -> Yes - see Previous F-Code | N10: =IF(COUNTIF($A$2:A9,A10)>0,INDEX($C$2:C9,MATCH(A10,$A$2:A9,0)),"") -> F00001
A11: =IFERROR(__xludf.DUMMYFUNCTION("IF(B11="""","""",RIGHT(regexreplace(B11&"""",""[^0-9]"",""""),9))"),"789632546") -> 789632546 | B11: 789632546 | C11: F00007 | E11: 46223.364 | K11: =IF(COUNTIFS($A$2:A11,A11,$L$2:L11,L11)>1,"DUPLICATE - CHECK","") | M11: =IF(COUNTIF($A10:A$2,A11)>0,"Yes - see Previous F-Code","No") -> No | N11: {=IF(COUNTIF($A$2:A10,A)>0,INDEX($C$2:C10,MATCH(A11,$A$2:A10,0)),"")}
A12: =IFERROR(__xludf.DUMMYFUNCTION("IF(B12="""","""",RIGHT(regexreplace(B12&"""",""[^0-9]"",""""),9))"),"") | K12: =IF(COUNTIFS($A$2:A12,A12,$L$2:L12,L12)>1,"DUPLICATE - CHECK","") | M12: =IF(COUNTIF($A11:A$2,A12)>0,"Yes - see Previous F-Code","No") -> No | N12: =IF(COUNTIF($A$2:A11,A12)>0,INDEX($C$2:C11,MATCH(A12,$A$2:A11,0)),"")
A13: =IFERROR(__xludf.DUMMYFUNCTION("IF(B13="""","""",RIGHT(regexreplace(B13&"""",""[^0-9]"",""""),9))"),"") | K13: =IF(COUNTIFS($A$2:A13,A13,$L$2:L13,L13)>1,"DUPLICATE - CHECK","") | M13: =IF(COUNTIF($A12:A$2,A13)>0,"Yes - see Previous F-Code","No") -> Yes - see Previous F-Code | N13: =IF(COUNTIF($A$2:A12,A13)>0,INDEX($C$2:C12,MATCH(A13,$A$2:A12,0)),"")
A14: =IFERROR(__xludf.DUMMYFUNCTION("IF(B14="""","""",RIGHT(regexreplace(B14&"""",""[^0-9]"",""""),9))"),"") | K14: =IF(COUNTIFS($A$2:A14,A14,$L$2:L14,L14)>1,"DUPLICATE - CHECK","") | M14: =IF(COUNTIF($A13:A$2,A14)>0,"Yes - see Previous F-Code","No") -> Yes - see Previous F-Code | N14: {=IF(COUNTIF($A$2:A13,A)>0,INDEX($C$2:C13,MATCH(A14,$A$2:A13,0)),"")}
A15: =IFERROR(__xludf.DUMMYFUNCTION("IF(B15="""","""",RIGHT(regexreplace(B15&"""",""[^0-9]"",""""),9))"),"") | K15: =IF(COUNTIFS($A$2:A15,A15,$L$2:L15,L15)>1,"DUPLICATE - CHECK","") | M15: =IF(COUNTIF($A14:A$2,A15)>0,"Yes - see Previous F-Code","No") -> Yes - see Previous F-Code | N15: =IF(COUNTIF($A$2:A14,A15)>0,INDEX($C$2:C14,MATCH(A15,$A$2:A14,0)),"")
A16: =IFERROR(__xludf.DUMMYFUNCTION("IF(B16="""","""",RIGHT(regexreplace(B16&"""",""[^0-9]"",""""),9))"),"") | K16: =IF(COUNTIFS($A$2:A16,A16,$L$2:L16,L16)>1,"DUPLICATE - CHECK","") | M16: =IF(COUNTIF($A15:A$2,A16)>0,"Yes - see Previous F-Code","No") -> Yes - see Previous F-Code | N16: =IF(COUNTIF($A$2:A15,A16)>0,INDEX($C$2:C15,MATCH(A16,$A$2:A15,0)),"")
A17: =IFERROR(__xludf.DUMMYFUNCTION("IF(B17="""","""",RIGHT(regexreplace(B17&"""",""[^0-9]"",""""),9))"),"") | K17: =IF(COUNTIFS($A$2:A17,A17,$L$2:L17,L17)>1,"DUPLICATE - CHECK","") | M17: =IF(COUNTIF($A16:A$2,A17)>0,"Yes - see Previous F-Code","No") -> Yes - see Previous F-Code | N17: {=IF(COUNTIF($A$2:A16,A)>0,INDEX($C$2:C16,MATCH(A17,$A$2:A16,0)),"")}
A18: =IFERROR(__xludf.DUMMYFUNCTION("IF(B18="""","""",RIGHT(regexreplace(B18&"""",""[^0-9]"",""""),9))"),"") | K18: =IF(COUNTIFS($A$2:A18,A18,$L$2:L18,L18)>1,"DUPLICATE - CHECK","") | M18: =IF(COUNTIF($A17:A$2,A18)>0,"Yes - see Previous F-Code","No") -> Yes - see Previous F-Code | N18: =IF(COUNTIF($A$2:A17,A18)>0,INDEX($C$2:C17,MATCH(A18,$A$2:A17,0)),"")
A19: =IFERROR(__xludf.DUMMYFUNCTION("IF(B19="""","""",RIGHT(regexreplace(B19&"""",""[^0-9]"",""""),9))"),"") | K19: =IF(COUNTIFS($A$2:A19,A19,$L$2:L19,L19)>1,"DUPLICATE - CHECK","") | M19: =IF(COUNTIF($A18:A$2,A19)>0,"Yes - see Previous F-Code","No") -> Yes - see Previous F-Code | N19: =IF(COUNTIF($A$2:A18,A19)>0,INDEX($C$2:C18,MATCH(A19,$A$2:A18,0)),"")
A20: =IFERROR(__xludf.DUMMYFUNCTION("IF(B20="""","""",RIGHT(regexreplace(B20&"""",""[^0-9]"",""""),9))"),"") | K20: =IF(COUNTIFS($A$2:A20,A20,$L$2:L20,L20)>1,"DUPLICATE - CHECK","") | M20: =IF(COUNTIF($A19:A$2,A20)>0,"Yes - see Previous F-Code","No") -> Yes - see Previous F-Code | N20: {=IF(COUNTIF($A$2:A19,A)>0,INDEX($C$2:C19,MATCH(A20,$A$2:A19,0)),"")}
A21: =IFERROR(__xludf.DUMMYFUNCTION("IF(B21="""","""",RIGHT(regexreplace(B21&"""",""[^0-9]"",""""),9))"),"") | K21: =IF(COUNTIFS($A$2:A21,A21,$L$2:L21,L21)>1,"DUPLICATE - CHECK","") | M21: =IF(COUNTIF($A20:A$2,A21)>0,"Yes - see Previous F-Code","No") -> Yes - see Previous F-Code | N21: =IF(COUNTIF($A$2:A20,A21)>0,INDEX($C$2:C20,MATCH(A21,$A$2:A20,0)),"")
A22: =IFERROR(__xludf.DUMMYFUNCTION("IF(B22="""","""",RIGHT(regexreplace(B22&"""",""[^0-9]"",""""),9))"),"") | K22: =IF(COUNTIFS($A$2:A22,A22,$L$2:L22,L22)>1,"DUPLICATE - CHECK","") | M22: =IF(COUNTIF($A21:A$2,A22)>0,"Yes - see Previous F-Code","No") -> Yes - see Previous F-Code | N22: =IF(COUNTIF($A$2:A21,A22)>0,INDEX($C$2:C21,MATCH(A22,$A$2:A21,0)),"")
A23: =IFERROR(__xludf.DUMMYFUNCTION("IF(B23="""","""",RIGHT(regexreplace(B23&"""",""[^0-9]"",""""),9))"),"") | K23: =IF(COUNTIFS($A$2:A23,A23,$L$2:L23,L23)>1,"DUPLICATE - CHECK","") | N23: {=IF(COUNTIF($A$2:A22,A)>0,INDEX($C$2:C22,MATCH(A23,$A$2:A22,0)),"")}
A24: =IFERROR(__xludf.DUMMYFUNCTION("IF(B24="""","""",RIGHT(regexreplace(B24&"""",""[^0-9]"",""""),9))"),"") | K24: =IF(COUNTIFS($A$2:A24,A24,$L$2:L24,L24)>1,"DUPLICATE - CHECK","") | N24: =IF(COUNTIF($A$2:A23,A24)>0,INDEX($C$2:C23,MATCH(A24,$A$2:A23,0)),"")
A25: =IFERROR(__xludf.DUMMYFUNCTION("IF(B25="""","""",RIGHT(regexreplace(B25&"""",""[^0-9]"",""""),9))"),"") | K25: =IF(COUNTIFS($A$2:A25,A25,$L$2:L25,L25)>1,"DUPLICATE - CHECK","") | N25: =IF(COUNTIF($A$2:A24,A25)>0,INDEX($C$2:C24,MATCH(A25,$A$2:A24,0)),"")
A26: =IFERROR(__xludf.DUMMYFUNCTION("IF(B26="""","""",RIGHT(regexreplace(B26&"""",""[^0-9]"",""""),9))"),"") | K26: =IF(COUNTIFS($A$2:A26,A26,$L$2:L26,L26)>1,"DUPLICATE - CHECK","") | N26: {=IF(COUNTIF($A$2:A25,A)>0,INDEX($C$2:C25,MATCH(A26,$A$2:A25,0)),"")}
A27: =IFERROR(__xludf.DUMMYFUNCTION("IF(B27="""","""",RIGHT(regexreplace(B27&"""",""[^0-9]"",""""),9))"),"") | K27: =IF(COUNTIFS($A$2:A27,A27,$L$2:L27,L27)>1,"DUPLICATE - CHECK","") | N27: =IF(COUNTIF($A$2:A26,A27)>0,INDEX($C$2:C26,MATCH(A27,$A$2:A26,0)),"")
A28: =IFERROR(__xludf.DUMMYFUNCTION("IF(B28="""","""",RIGHT(regexreplace(B28&"""",""[^0-9]"",""""),9))"),"") | K28: =IF(COUNTIFS($A$2:A28,A28,$L$2:L28,L28)>1,"DUPLICATE - CHECK","") | N28: =IF(COUNTIF($A$2:A27,A28)>0,INDEX($C$2:C27,MATCH(A28,$A$2:A27,0)),"")
A29: =IFERROR(__xludf.DUMMYFUNCTION("IF(B29="""","""",RIGHT(regexreplace(B29&"""",""[^0-9]"",""""),9))"),"") | K29: =IF(COUNTIFS($A$2:A29,A29,$L$2:L29,L29)>1,"DUPLICATE - CHECK","") | N29: {=IF(COUNTIF($A$2:A28,A)>0,INDEX($C$2:C28,MATCH(A29,$A$2:A28,0)),"")}
A30: =IFERROR(__xludf.DUMMYFUNCTION("IF(B30="""","""",RIGHT(regexreplace(B30&"""",""[^0-9]"",""""),9))"),"") | K30: =IF(COUNTIFS($A$2:A30,A30,$L$2:L30,L30)>1,"DUPLICATE - CHECK","") | N30: =IF(COUNTIF($A$2:A29,A30)>0,INDEX($C$2:C29,MATCH(A30,$A$2:A29,0)),"")
A31: =IFERROR(__xludf.DUMMYFUNCTION("IF(B31="""","""",RIGHT(regexreplace(B31&"""",""[^0-9]"",""""),9))"),"") | K31: =IF(COUNTIFS($A$2:A31,A31,$L$2:L31,L31)>1,"DUPLICATE - CHECK","") | N31: =IF(COUNTIF($A$2:A30,A31)>0,INDEX($C$2:C30,MATCH(A31,$A$2:A30,0)),"")
A32: =IFERROR(__xludf.DUMMYFUNCTION("IF(B32="""","""",RIGHT(regexreplace(B32&"""",""[^0-9]"",""""),9))"),"") | K32: =IF(COUNTIFS($A$2:A32,A32,$L$2:L32,L32)>1,"DUPLICATE - CHECK","") | N32: {=IF(COUNTIF($A$2:A31,A)>0,INDEX($C$2:C31,MATCH(A32,$A$2:A31,0)),"")}
A33: =IFERROR(__xludf.DUMMYFUNCTION("IF(B33="""","""",RIGHT(regexreplace(B33&"""",""[^0-9]"",""""),9))"),"") | K33: =IF(COUNTIFS($A$2:A33,A33,$L$2:L33,L33)>1,"DUPLICATE - CHECK","") | N33: =IF(COUNTIF($A$2:A32,A33)>0,INDEX($C$2:C32,MATCH(A33,$A$2:A32,0)),"")
A34: =IFERROR(__xludf.DUMMYFUNCTION("IF(B34="""","""",RIGHT(regexreplace(B34&"""",""[^0-9]"",""""),9))"),"") | K34: =IF(COUNTIFS($A$2:A34,A34,$L$2:L34,L34)>1,"DUPLICATE - CHECK","") | N34: =IF(COUNTIF($A$2:A33,A34)>0,INDEX($C$2:C33,MATCH(A34,$A$2:A33,0)),"")
A35: =IFERROR(__xludf.DUMMYFUNCTION("IF(B35="""","""",RIGHT(regexreplace(B35&"""",""[^0-9]"",""""),9))"),"") | K35: =IF(COUNTIFS($A$2:A35,A35,$L$2:L35,L35)>1,"DUPLICATE - CHECK","") | N35: {=IF(COUNTIF($A$2:A34,A)>0,INDEX($C$2:C34,MATCH(A35,$A$2:A34,0)),"")}
A36: =IFERROR(__xludf.DUMMYFUNCTION("IF(B36="""","""",RIGHT(regexreplace(B36&"""",""[^0-9]"",""""),9))"),"") | K36: =IF(COUNTIFS($A$2:A36,A36,$L$2:L36,L36)>1,"DUPLICATE - CHECK","") | N36: =IF(COUNTIF($A$2:A35,A36)>0,INDEX($C$2:C35,MATCH(A36,$A$2:A35,0)),"")
A37: =IFERROR(__xludf.DUMMYFUNCTION("IF(B37="""","""",RIGHT(regexreplace(B37&"""",""[^0-9]"",""""),9))"),"") | K37: =IF(COUNTIFS($A$2:A37,A37,$L$2:L37,L37)>1,"DUPLICATE - CHECK","") | N37: =IF(COUNTIF($A$2:A36,A37)>0,INDEX($C$2:C36,MATCH(A37,$A$2:A36,0)),"")
A38: =IFERROR(__xludf.DUMMYFUNCTION("IF(B38="""","""",RIGHT(regexreplace(B38&"""",""[^0-9]"",""""),9))"),"") | K38: =IF(COUNTIFS($A$2:A38,A38,$L$2:L38,L38)>1,"DUPLICATE - CHECK","") | N38: {=IF(COUNTIF($A$2:A37,A)>0,INDEX($C$2:C37,MATCH(A38,$A$2:A37,0)),"")}
A39: =IFERROR(__xludf.DUMMYFUNCTION("IF(B39="""","""",RIGHT(regexreplace(B39&"""",""[^0-9]"",""""),9))"),"") | K39: =IF(COUNTIFS($A$2:A39,A39,$L$2:L39,L39)>1,"DUPLICATE - CHECK","") | N39: =IF(COUNTIF($A$2:A38,A39)>0,INDEX($C$2:C38,MATCH(A39,$A$2:A38,0)),"")
A40: =IFERROR(__xludf.DUMMYFUNCTION("IF(B40="""","""",RIGHT(regexreplace(B40&"""",""[^0-9]"",""""),9))"),"") | K40: =IF(COUNTIFS($A$2:A40,A40,$L$2:L40,L40)>1,"DUPLICATE - CHECK","") | N40: =IF(COUNTIF($A$2:A39,A40)>0,INDEX($C$2:C39,MATCH(A40,$A$2:A39,0)),"")
A41: =IFERROR(__xludf.DUMMYFUNCTION("IF(B41="""","""",RIGHT(regexreplace(B41&"""",""[^0-9]"",""""),9))"),"") | K41: =IF(COUNTIFS($A$2:A41,A41,$L$2:L41,L41)>1,"DUPLICATE - CHECK","") | N41: {=IF(COUNTIF($A$2:A40,A)>0,INDEX($C$2:C40,MATCH(A41,$A$2:A40,0)),"")}
A42: =IFERROR(__xludf.DUMMYFUNCTION("IF(B42="""","""",RIGHT(regexreplace(B42&"""",""[^0-9]"",""""),9))"),"") | K42: =IF(COUNTIFS($A$2:A42,A42,$L$2:L42,L42)>1,"DUPLICATE - CHECK","") | N42: =IF(COUNTIF($A$2:A41,A42)>0,INDEX($C$2:C41,MATCH(A42,$A$2:A41,0)),"")
A43: =IFERROR(__xludf.DUMMYFUNCTION("IF(B43="""","""",RIGHT(regexreplace(B43&"""",""[^0-9]"",""""),9))"),"") | K43: =IF(COUNTIFS($A$2:A43,A43,$L$2:L43,L43)>1,"DUPLICATE - CHECK","") | N43: =IF(COUNTIF($A$2:A42,A43)>0,INDEX($C$2:C42,MATCH(A43,$A$2:A42,0)),"")
A44: =IFERROR(__xludf.DUMMYFUNCTION("IF(B44="""","""",RIGHT(regexreplace(B44&"""",""[^0-9]"",""""),9))"),"") | K44: =IF(COUNTIFS($A$2:A44,A44,$L$2:L44,L44)>1,"DUPLICATE - CHECK","") | N44: {=IF(COUNTIF($A$2:A43,A)>0,INDEX($C$2:C43,MATCH(A44,$A$2:A43,0)),"")}
A45: =IFERROR(__xludf.DUMMYFUNCTION("IF(B45="""","""",RIGHT(regexreplace(B45&"""",""[^0-9]"",""""),9))"),"") | K45: =IF(COUNTIFS($A$2:A45,A45,$L$2:L45,L45)>1,"DUPLICATE - CHECK","") | N45: =IF(COUNTIF($A$2:A44,A45)>0,INDEX($C$2:C44,MATCH(A45,$A$2:A44,0)),"")
A46: =IFERROR(__xludf.DUMMYFUNCTION("IF(B46="""","""",RIGHT(regexreplace(B46&"""",""[^0-9]"",""""),9))"),"") | K46: =IF(COUNTIFS($A$2:A46,A46,$L$2:L46,L46)>1,"DUPLICATE - CHECK","") | N46: =IF(COUNTIF($A$2:A45,A46)>0,INDEX($C$2:C45,MATCH(A46,$A$2:A45,0)),"")
A47: =IFERROR(__xludf.DUMMYFUNCTION("IF(B47="""","""",RIGHT(regexreplace(B47&"""",""[^0-9]"",""""),9))"),"") | K47: =IF(COUNTIFS($A$2:A47,A47,$L$2:L47,L47)>1,"DUPLICATE - CHECK","") | N47: {=IF(COUNTIF($A$2:A46,A)>0,INDEX($C$2:C46,MATCH(A47,$A$2:A46,0)),"")}
A48: =IFERROR(__xludf.DUMMYFUNCTION("IF(B48="""","""",RIGHT(regexreplace(B48&"""",""[^0-9]"",""""),9))"),"") | K48: =IF(COUNTIFS($A$2:A48,A48,$L$2:L48,L48)>1,"DUPLICATE - CHECK","") | N48: =IF(COUNTIF($A$2:A47,A48)>0,INDEX($C$2:C47,MATCH(A48,$A$2:A47,0)),"")
A49: =IFERROR(__xludf.DUMMYFUNCTION("IF(B49="""","""",RIGHT(regexreplace(B49&"""",""[^0-9]"",""""),9))"),"") | K49: =IF(COUNTIFS($A$2:A49,A49,$L$2:L49,L49)>1,"DUPLICATE - CHECK","") | N49: =IF(COUNTIF($A$2:A48,A49)>0,INDEX($C$2:C48,MATCH(A49,$A$2:A48,0)),"")
A50: =IFERROR(__xludf.DUMMYFUNCTION("IF(B50="""","""",RIGHT(regexreplace(B50&"""",""[^0-9]"",""""),9))"),"") | K50: =IF(COUNTIFS($A$2:A50,A50,$L$2:L50,L50)>1,"DUPLICATE - CHECK","") | N50: {=IF(COUNTIF($A$2:A49,A)>0,INDEX($C$2:C49,MATCH(A50,$A$2:A49,0)),"")}
A51: =IFERROR(__xludf.DUMMYFUNCTION("IF(B51="""","""",RIGHT(regexreplace(B51&"""",""[^0-9]"",""""),9))"),"") | K51: =IF(COUNTIFS($A$2:A51,A51,$L$2:L51,L51)>1,"DUPLICATE - CHECK","") | N51: =IF(COUNTIF($A$2:A50,A51)>0,INDEX($C$2:C50,MATCH(A51,$A$2:A50,0)),"")
A52: =IFERROR(__xludf.DUMMYFUNCTION("IF(B52="""","""",RIGHT(regexreplace(B52&"""",""[^0-9]"",""""),9))"),"") | K52: =IF(COUNTIFS($A$2:A52,A52,$L$2:L52,L52)>1,"DUPLICATE - CHECK","") | N52: =IF(COUNTIF($A$2:A51,A52)>0,INDEX($C$2:C51,MATCH(A52,$A$2:A51,0)),"")
A53: =IFERROR(__xludf.DUMMYFUNCTION("IF(B53="""","""",RIGHT(regexreplace(B53&"""",""[^0-9]"",""""),9))"),"") | K53: =IF(COUNTIFS($A$2:A53,A53,$L$2:L53,L53)>1,"DUPLICATE - CHECK","") | N53: {=IF(COUNTIF($A$2:A52,A)>0,INDEX($C$2:C52,MATCH(A53,$A$2:A52,0)),"")}
A54: =IFERROR(__xludf.DUMMYFUNCTION("IF(B54="""","""",RIGHT(regexreplace(B54&"""",""[^0-9]"",""""),9))"),"") | K54: =IF(COUNTIFS($A$2:A54,A54,$L$2:L54,L54)>1,"DUPLICATE - CHECK","") | N54: =IF(COUNTIF($A$2:A53,A54)>0,INDEX($C$2:C53,MATCH(A54,$A$2:A53,0)),"")
A55: =IFERROR(__xludf.DUMMYFUNCTION("IF(B55="""","""",RIGHT(regexreplace(B55&"""",""[^0-9]"",""""),9))"),"") | K55: =IF(COUNTIFS($A$2:A55,A55,$L$2:L55,L55)>1,"DUPLICATE - CHECK","") | N55: =IF(COUNTIF($A$2:A54,A55)>0,INDEX($C$2:C54,MATCH(A55,$A$2:A54,0)),"")
A56: =IFERROR(__xludf.DUMMYFUNCTION("IF(B56="""","""",RIGHT(regexreplace(B56&"""",""[^0-9]"",""""),9))"),"") | K56: =IF(COUNTIFS($A$2:A56,A56,$L$2:L56,L56)>1,"DUPLICATE - CHECK","") | N56: {=IF(COUNTIF($A$2:A55,A)>0,INDEX($C$2:C55,MATCH(A56,$A$2:A55,0)),"")}
A57: =IFERROR(__xludf.DUMMYFUNCTION("IF(B57="""","""",RIGHT(regexreplace(B57&"""",""[^0-9]"",""""),9))"),"") | K57: =IF(COUNTIFS($A$2:A57,A57,$L$2:L57,L57)>1,"DUPLICATE - CHECK","") | N57: =IF(COUNTIF($A$2:A56,A57)>0,INDEX($C$2:C56,MATCH(A57,$A$2:A56,0)),"")
A58: =IFERROR(__xludf.DUMMYFUNCTION("IF(B58="""","""",RIGHT(regexreplace(B58&"""",""[^0-9]"",""""),9))"),"") | K58: =IF(COUNTIFS($A$2:A58,A58,$L$2:L58,L58)>1,"DUPLICATE - CHECK","") | N58: =IF(COUNTIF($A$2:A57,A58)>0,INDEX($C$2:C57,MATCH(A58,$A$2:A57,0)),"")
A59: =IFERROR(__xludf.DUMMYFUNCTION("IF(B59="""","""",RIGHT(regexreplace(B59&"""",""[^0-9]"",""""),9))"),"") | K59: =IF(COUNTIFS($A$2:A59,A59,$L$2:L59,L59)>1,"DUPLICATE - CHECK","") | N59: {=IF(COUNTIF($A$2:A58,A)>0,INDEX($C$2:C58,MATCH(A59,$A$2:A58,0)),"")}
A60: =IFERROR(__xludf.DUMMYFUNCTION("IF(B60="""","""",RIGHT(regexreplace(B60&"""",""[^0-9]"",""""),9))"),"") | K60: =IF(COUNTIFS($A$2:A60,A60,$L$2:L60,L60)>1,"DUPLICATE - CHECK","") | N60: =IF(COUNTIF($A$2:A59,A60)>0,INDEX($C$2:C59,MATCH(A60,$A$2:A59,0)),"")
A61: =IFERROR(__xludf.DUMMYFUNCTION("IF(B61="""","""",RIGHT(regexreplace(B61&"""",""[^0-9]"",""""),9))"),"") | K61: =IF(COUNTIFS($A$2:A61,A61,$L$2:L61,L61)>1,"DUPLICATE - CHECK","") | N61: =IF(COUNTIF($A$2:A60,A61)>0,INDEX($C$2:C60,MATCH(A61,$A$2:A60,0)),"")
A62: =IFERROR(__xludf.DUMMYFUNCTION("IF(B62="""","""",RIGHT(regexreplace(B62&"""",""[^0-9]"",""""),9))"),"") | K62: =IF(COUNTIFS($A$2:A62,A62,$L$2:L62,L62)>1,"DUPLICATE - CHECK","") | N62: {=IF(COUNTIF($A$2:A61,A)>0,INDEX($C$2:C61,MATCH(A62,$A$2:A61,0)),"")}
A63: =IFERROR(__xludf.DUMMYFUNCTION("IF(B63="""","""",RIGHT(regexreplace(B63&"""",""[^0-9]"",""""),9))"),"") | K63: =IF(COUNTIFS($A$2:A63,A63,$L$2:L63,L63)>1,"DUPLICATE - CHECK","") | N63: =IF(COUNTIF($A$2:A62,A63)>0,INDEX($C$2:C62,MATCH(A63,$A$2:A62,0)),"")
A64: =IFERROR(__xludf.DUMMYFUNCTION("IF(B64="""","""",RIGHT(regexreplace(B64&"""",""[^0-9]"",""""),9))"),"") | K64: =IF(COUNTIFS($A$2:A64,A64,$L$2:L64,L64)>1,"DUPLICATE - CHECK","") | N64: =IF(COUNTIF($A$2:A63,A64)>0,INDEX($C$2:C63,MATCH(A64,$A$2:A63,0)),"")
A65: =IFERROR(__xludf.DUMMYFUNCTION("IF(B65="""","""",RIGHT(regexreplace(B65&"""",""[^0-9]"",""""),9))"),"") | K65: =IF(COUNTIFS($A$2:A65,A65,$L$2:L65,L65)>1,"DUPLICATE - CHECK","") | N65: {=IF(COUNTIF($A$2:A64,A)>0,INDEX($C$2:C64,MATCH(A65,$A$2:A64,0)),"")}
A66: =IFERROR(__xludf.DUMMYFUNCTION("IF(B66="""","""",RIGHT(regexreplace(B66&"""",""[^0-9]"",""""),9))"),"") | K66: =IF(COUNTIFS($A$2:A66,A66,$L$2:L66,L66)>1,"DUPLICATE - CHECK","") | N66: =IF(COUNTIF($A$2:A65,A66)>0,INDEX($C$2:C65,MATCH(A66,$A$2:A65,0)),"")
A67: =IFERROR(__xludf.DUMMYFUNCTION("IF(B67="""","""",RIGHT(regexreplace(B67&"""",""[^0-9]"",""""),9))"),"") | K67: =IF(COUNTIFS($A$2:A67,A67,$L$2:L67,L67)>1,"DUPLICATE - CHECK","") | N67: =IF(COUNTIF($A$2:A66,A67)>0,INDEX($C$2:C66,MATCH(A67,$A$2:A66,0)),"")
A68: =IFERROR(__xludf.DUMMYFUNCTION("IF(B68="""","""",RIGHT(regexreplace(B68&"""",""[^0-9]"",""""),9))"),"") | K68: =IF(COUNTIFS($A$2:A68,A68,$L$2:L68,L68)>1,"DUPLICATE - CHECK","") | N68: {=IF(COUNTIF($A$2:A67,A)>0,INDEX($C$2:C67,MATCH(A68,$A$2:A67,0)),"")}
A69: =IFERROR(__xludf.DUMMYFUNCTION("IF(B69="""","""",RIGHT(regexreplace(B69&"""",""[^0-9]"",""""),9))"),"") | K69: =IF(COUNTIFS($A$2:A69,A69,$L$2:L69,L69)>1,"DUPLICATE - CHECK","") | N69: =IF(COUNTIF($A$2:A68,A69)>0,INDEX($C$2:C68,MATCH(A69,$A$2:A68,0)),"")
A70: =IFERROR(__xludf.DUMMYFUNCTION("IF(B70="""","""",RIGHT(regexreplace(B70&"""",""[^0-9]"",""""),9))"),"") | K70: =IF(COUNTIFS($A$2:A70,A70,$L$2:L70,L70)>1,"DUPLICATE - CHECK","") | N70: =IF(COUNTIF($A$2:A69,A70)>0,INDEX($C$2:C69,MATCH(A70,$A$2:A69,0)),"")
A71: =IFERROR(__xludf.DUMMYFUNCTION("IF(B71="""","""",RIGHT(regexreplace(B71&"""",""[^0-9]"",""""),9))"),"") | K71: =IF(COUNTIFS($A$2:A71,A71,$L$2:L71,L71)>1,"DUPLICATE - CHECK","") | N71: {=IF(COUNTIF($A$2:A70,A)>0,INDEX($C$2:C70,MATCH(A71,$A$2:A70,0)),"")}
A72: =IFERROR(__xludf.DUMMYFUNCTION("IF(B72="""","""",RIGHT(regexreplace(B72&"""",""[^0-9]"",""""),9))"),"") | K72: =IF(COUNTIFS($A$2:A72,A72,$L$2:L72,L72)>1,"DUPLICATE - CHECK","") | N72: =IF(COUNTIF($A$2:A71,A72)>0,INDEX($C$2:C71,MATCH(A72,$A$2:A71,0)),"")
A73: =IFERROR(__xludf.DUMMYFUNCTION("IF(B73="""","""",RIGHT(regexreplace(B73&"""",""[^0-9]"",""""),9))"),"") | K73: =IF(COUNTIFS($A$2:A73,A73,$L$2:L73,L73)>1,"DUPLICATE - CHECK","") | N73: =IF(COUNTIF($A$2:A72,A73)>0,INDEX($C$2:C72,MATCH(A73,$A$2:A72,0)),"")
A74: =IFERROR(__xludf.DUMMYFUNCTION("IF(B74="""","""",RIGHT(regexreplace(B74&"""",""[^0-9]"",""""),9))"),"") | K74: =IF(COUNTIFS($A$2:A74,A74,$L$2:L74,L74)>1,"DUPLICATE - CHECK","") | N74: {=IF(COUNTIF($A$2:A73,A)>0,INDEX($C$2:C73,MATCH(A74,$A$2:A73,0)),"")}
A75: =IFERROR(__xludf.DUMMYFUNCTION("IF(B75="""","""",RIGHT(regexreplace(B75&"""",""[^0-9]"",""""),9))"),"") | K75: =IF(COUNTIFS($A$2:A75,A75,$L$2:L75,L75)>1,"DUPLICATE - CHECK","") | N75: =IF(COUNTIF($A$2:A74,A75)>0,INDEX($C$2:C74,MATCH(A75,$A$2:A74,0)),"")
A76: =IFERROR(__xludf.DUMMYFUNCTION("IF(B76="""","""",RIGHT(regexreplace(B76&"""",""[^0-9]"",""""),9))"),"") | K76: =IF(COUNTIFS($A$2:A76,A76,$L$2:L76,L76)>1,"DUPLICATE - CHECK","") | N76: =IF(COUNTIF($A$2:A75,A76)>0,INDEX($C$2:C75,MATCH(A76,$A$2:A75,0)),"")
A77: =IFERROR(__xludf.DUMMYFUNCTION("IF(B77="""","""",RIGHT(regexreplace(B77&"""",""[^0-9]"",""""),9))"),"") | K77: =IF(COUNTIFS($A$2:A77,A77,$L$2:L77,L77)>1,"DUPLICATE - CHECK","") | N77: {=IF(COUNTIF($A$2:A76,A)>0,INDEX($C$2:C76,MATCH(A77,$A$2:A76,0)),"")}
A78: =IFERROR(__xludf.DUMMYFUNCTION("IF(B78="""","""",RIGHT(regexreplace(B78&"""",""[^0-9]"",""""),9))"),"") | K78: =IF(COUNTIFS($A$2:A78,A78,$L$2:L78,L78)>1,"DUPLICATE - CHECK","") | N78: =IF(COUNTIF($A$2:A77,A78)>0,INDEX($C$2:C77,MATCH(A78,$A$2:A77,0)),"")
A79: =IFERROR(__xludf.DUMMYFUNCTION("IF(B79="""","""",RIGHT(regexreplace(B79&"""",""[^0-9]"",""""),9))"),"") | K79: =IF(COUNTIFS($A$2:A79,A79,$L$2:L79,L79)>1,"DUPLICATE - CHECK","") | N79: =IF(COUNTIF($A$2:A78,A79)>0,INDEX($C$2:C78,MATCH(A79,$A$2:A78,0)),"")
A80: =IFERROR(__xludf.DUMMYFUNCTION("IF(B80="""","""",RIGHT(regexreplace(B80&"""",""[^0-9]"",""""),9))"),"") | K80: =IF(COUNTIFS($A$2:A80,A80,$L$2:L80,L80)>1,"DUPLICATE - CHECK","") | N80: {=IF(COUNTIF($A$2:A79,A)>0,INDEX($C$2:C79,MATCH(A80,$A$2:A79,0)),"")}
A81: =IFERROR(__xludf.DUMMYFUNCTION("IF(B81="""","""",RIGHT(regexreplace(B81&"""",""[^0-9]"",""""),9))"),"") | K81: =IF(COUNTIFS($A$2:A81,A81,$L$2:L81,L81)>1,"DUPLICATE - CHECK","") | N81: =IF(COUNTIF($A$2:A80,A81)>0,INDEX($C$2:C80,MATCH(A81,$A$2:A80,0)),"")
A82: =IFERROR(__xludf.DUMMYFUNCTION("IF(B82="""","""",RIGHT(regexreplace(B82&"""",""[^0-9]"",""""),9))"),"") | K82: =IF(COUNTIFS($A$2:A82,A82,$L$2:L82,L82)>1,"DUPLICATE - CHECK","") | N82: =IF(COUNTIF($A$2:A81,A82)>0,INDEX($C$2:C81,MATCH(A82,$A$2:A81,0)),"")
A83: =IFERROR(__xludf.DUMMYFUNCTION("IF(B83="""","""",RIGHT(regexreplace(B83&"""",""[^0-9]"",""""),9))"),"") | K83: =IF(COUNTIFS($A$2:A83,A83,$L$2:L83,L83)>1,"DUPLICATE - CHECK","") | N83: {=IF(COUNTIF($A$2:A82,A)>0,INDEX($C$2:C82,MATCH(A83,$A$2:A82,0)),"")}
A84: =IFERROR(__xludf.DUMMYFUNCTION("IF(B84="""","""",RIGHT(regexreplace(B84&"""",""[^0-9]"",""""),9))"),"") | K84: =IF(COUNTIFS($A$2:A84,A84,$L$2:L84,L84)>1,"DUPLICATE - CHECK","") | N84: =IF(COUNTIF($A$2:A83,A84)>0,INDEX($C$2:C83,MATCH(A84,$A$2:A83,0)),"")
A85: =IFERROR(__xludf.DUMMYFUNCTION("IF(B85="""","""",RIGHT(regexreplace(B85&"""",""[^0-9]"",""""),9))"),"") | K85: =IF(COUNTIFS($A$2:A85,A85,$L$2:L85,L85)>1,"DUPLICATE - CHECK","") | N85: =IF(COUNTIF($A$2:A84,A85)>0,INDEX($C$2:C84,MATCH(A85,$A$2:A84,0)),"")
A86: =IFERROR(__xludf.DUMMYFUNCTION("IF(B86="""","""",RIGHT(regexreplace(B86&"""",""[^0-9]"",""""),9))"),"") | K86: =IF(COUNTIFS($A$2:A86,A86,$L$2:L86,L86)>1,"DUPLICATE - CHECK","") | N86: {=IF(COUNTIF($A$2:A85,A)>0,INDEX($C$2:C85,MATCH(A86,$A$2:A85,0)),"")}
A87: =IFERROR(__xludf.DUMMYFUNCTION("IF(B87="""","""",RIGHT(regexreplace(B87&"""",""[^0-9]"",""""),9))"),"") | K87: =IF(COUNTIFS($A$2:A87,A87,$L$2:L87,L87)>1,"DUPLICATE - CHECK","") | N87: =IF(COUNTIF($A$2:A86,A87)>0,INDEX($C$2:C86,MATCH(A87,$A$2:A86,0)),"")
A88: =IFERROR(__xludf.DUMMYFUNCTION("IF(B88="""","""",RIGHT(regexreplace(B88&"""",""[^0-9]"",""""),9))"),"") | K88: =IF(COUNTIFS($A$2:A88,A88,$L$2:L88,L88)>1,"DUPLICATE - CHECK","") | N88: =IF(COUNTIF($A$2:A87,A88)>0,INDEX($C$2:C87,MATCH(A88,$A$2:A87,0)),"")
A89: =IFERROR(__xludf.DUMMYFUNCTION("IF(B89="""","""",RIGHT(regexreplace(B89&"""",""[^0-9]"",""""),9))"),"") | K89: =IF(COUNTIFS($A$2:A89,A89,$L$2:L89,L89)>1,"DUPLICATE - CHECK","") | N89: {=IF(COUNTIF($A$2:A88,A)>0,INDEX($C$2:C88,MATCH(A89,$A$2:A88,0)),"")}
A90: =IFERROR(__xludf.DUMMYFUNCTION("IF(B90="""","""",RIGHT(regexreplace(B90&"""",""[^0-9]"",""""),9))"),"") | K90: =IF(COUNTIFS($A$2:A90,A90,$L$2:L90,L90)>1,"DUPLICATE - CHECK","") | N90: =IF(COUNTIF($A$2:A89,A90)>0,INDEX($C$2:C89,MATCH(A90,$A$2:A89,0)),"")
A91: =IFERROR(__xludf.DUMMYFUNCTION("IF(B91="""","""",RIGHT(regexreplace(B91&"""",""[^0-9]"",""""),9))"),"") | K91: =IF(COUNTIFS($A$2:A91,A91,$L$2:L91,L91)>1,"DUPLICATE - CHECK","") | N91: =IF(COUNTIF($A$2:A90,A91)>0,INDEX($C$2:C90,MATCH(A91,$A$2:A90,0)),"")
A92: =IFERROR(__xludf.DUMMYFUNCTION("IF(B92="""","""",RIGHT(regexreplace(B92&"""",""[^0-9]"",""""),9))"),"") | K92: =IF(COUNTIFS($A$2:A92,A92,$L$2:L92,L92)>1,"DUPLICATE - CHECK","") | N92: {=IF(COUNTIF($A$2:A91,A)>0,INDEX($C$2:C91,MATCH(A92,$A$2:A91,0)),"")}
A93: =IFERROR(__xludf.DUMMYFUNCTION("IF(B93="""","""",RIGHT(regexreplace(B93&"""",""[^0-9]"",""""),9))"),"") | K93: =IF(COUNTIFS($A$2:A93,A93,$L$2:L93,L93)>1,"DUPLICATE - CHECK","") | N93: =IF(COUNTIF($A$2:A92,A93)>0,INDEX($C$2:C92,MATCH(A93,$A$2:A92,0)),"")
A94: =IFERROR(__xludf.DUMMYFUNCTION("IF(B94="""","""",RIGHT(regexreplace(B94&"""",""[^0-9]"",""""),9))"),"") | K94: =IF(COUNTIFS($A$2:A94,A94,$L$2:L94,L94)>1,"DUPLICATE - CHECK","") | N94: =IF(COUNTIF($A$2:A93,A94)>0,INDEX($C$2:C93,MATCH(A94,$A$2:A93,0)),"")
A95: =IFERROR(__xludf.DUMMYFUNCTION("IF(B95="""","""",RIGHT(regexreplace(B95&"""",""[^0-9]"",""""),9))"),"") | K95: =IF(COUNTIFS($A$2:A95,A95,$L$2:L95,L95)>1,"DUPLICATE - CHECK","") | N95: {=IF(COUNTIF($A$2:A94,A)>0,INDEX($C$2:C94,MATCH(A95,$A$2:A94,0)),"")}
A96: =IFERROR(__xludf.DUMMYFUNCTION("IF(B96="""","""",RIGHT(regexreplace(B96&"""",""[^0-9]"",""""),9))"),"") | K96: =IF(COUNTIFS($A$2:A96,A96,$L$2:L96,L96)>1,"DUPLICATE - CHECK","") | N96: =IF(COUNTIF($A$2:A95,A96)>0,INDEX($C$2:C95,MATCH(A96,$A$2:A95,0)),"")
A97: =IFERROR(__xludf.DUMMYFUNCTION("IF(B97="""","""",RIGHT(regexreplace(B97&"""",""[^0-9]"",""""),9))"),"") | K97: =IF(COUNTIFS($A$2:A97,A97,$L$2:L97,L97)>1,"DUPLICATE - CHECK","") | N97: =IF(COUNTIF($A$2:A96,A97)>0,INDEX($C$2:C96,MATCH(A97,$A$2:A96,0)),"")
A98: =IFERROR(__xludf.DUMMYFUNCTION("IF(B98="""","""",RIGHT(regexreplace(B98&"""",""[^0-9]"",""""),9))"),"") | K98: =IF(COUNTIFS($A$2:A98,A98,$L$2:L98,L98)>1,"DUPLICATE - CHECK","") | N98: {=IF(COUNTIF($A$2:A97,A)>0,INDEX($C$2:C97,MATCH(A98,$A$2:A97,0)),"")}
A99: =IFERROR(__xludf.DUMMYFUNCTION("IF(B99="""","""",RIGHT(regexreplace(B99&"""",""[^0-9]"",""""),9))"),"") | K99: =IF(COUNTIFS($A$2:A99,A99,$L$2:L99,L99)>1,"DUPLICATE - CHECK","") | N99: =IF(COUNTIF($A$2:A98,A99)>0,INDEX($C$2:C98,MATCH(A99,$A$2:A98,0)),"")
A100: =IFERROR(__xludf.DUMMYFUNCTION("IF(B100="""","""",RIGHT(regexreplace(B100&"""",""[^0-9]"",""""),9))"),"") | K100: =IF(COUNTIFS($A$2:A100,A100,$L$2:L100,L100)>1,"DUPLICATE - CHECK","") | N100: =IF(COUNTIF($A$2:A99,A100)>0,INDEX($C$2:C99,MATCH(A100,$A$2:A99,0)),"")
...

Sheet Leads Summary
A1: Member | B1: Total Leads Handled | C1: Converted Leads | D1: Conversion Rate
A2: =Members!A2 -> maheesha | B2: =COUNTIF('Master Leads'!$D$2:$D$1000,A2) -> 1 | C2: =COUNTIFS('Master Leads'!$D$2:$D$1000,A2,'Master Leads'!$F$2:$F$1000,"Converted") -> 1 | D2: =IF(B2=0,"-",C2/B2) -> 1
A3: =Members!A3 -> menik | B3: =COUNTIF('Master Leads'!$D$2:$D$1000,A3) -> 0 | C3: =COUNTIFS('Master Leads'!$D$2:$D$1000,A3,'Master Leads'!$F$2:$F$1000,"Converted") -> 0 | D3: =IF(B3=0,"-",C3/B3) -> -
A4: =Members!A4 -> kavinda | B4: =COUNTIF('Master Leads'!$D$2:$D$1000,A4) -> 2 | C4: =COUNTIFS('Master Leads'!$D$2:$D$1000,A4,'Master Leads'!$F$2:$F$1000,"Converted") -> 0 | D4: =IF(B4=0,"-",C4/B4) -> 0
A5: =Members!A5 -> umesh | B5: =COUNTIF('Master Leads'!$D$2:$D$1000,A5) -> 4 | C5: =COUNTIFS('Master Leads'!$D$2:$D$1000,A5,'Master Leads'!$F$2:$F$1000,"Converted") -> 1 | D5: =IF(B5=0,"-",C5/B5) -> 0.25
A6: =Members!A6 -> Avishka | B6: =COUNTIF('Master Leads'!$D$2:$D$1000,A6) -> 0 | C6: =COUNTIFS('Master Leads'!$D$2:$D$1000,A6,'Master Leads'!$F$2:$F$1000,"Converted") -> 0 | D6: =IF(B6=0,"-",C6/B6) -> -
A7: =Members!A7 -> Wihanga | B7: =COUNTIF('Master Leads'!$D$2:$D$1000,A7) -> 0 | C7: =COUNTIFS('Master Leads'!$D$2:$D$1000,A7,'Master Leads'!$F$2:$F$1000,"Converted") -> 0 | D7: =IF(B7=0,"-",C7/B7) -> -
A8: =Members!A8 -> muthumali | B8: =COUNTIF('Master Leads'!$D$2:$D$1000,A8) -> 1 | C8: =COUNTIFS('Master Leads'!$D$2:$D$1000,A8,'Master Leads'!$F$2:$F$1000,"Converted") -> 0 | D8: =IF(B8=0,"-",C8/B8) -> 0
A9: =Members!A9 -> shamali | B9: =COUNTIF('Master Leads'!$D$2:$D$1000,A9) -> 0 | C9: =COUNTIFS('Master Leads'!$D$2:$D$1000,A9,'Master Leads'!$F$2:$F$1000,"Converted") -> 0 | D9: =IF(B9=0,"-",C9/B9) -> -
A10: TOTAL | B10: =SUM(B2:B9) -> 8 | C10: =SUM(C2:C9) -> 2 | D10: =IF(B10=0,"-",C10/B10) -> 0.25
