Workbook

Sheet Master Leads
A1: Phone (Normalized) | B1: Raw Phone (as entered) | C1: F-Code | D1: Assigned Member | E1: Date Added | F1: Status | G1: Grade | H1: Comments | I1: Campaign / Boost Name | J1: Repeat Student? | K1: Duplicate Check | L1: Previous F-Code (if repeat) | M1: Second Call Done | N1: Second Call Notes | O1: Paid | P1: Grade (Final / Interested)

Sheet Leads Summary
A2: CRM LEADS & PERFORMANCE ANALYTICS
A3: Real-time team analytics, grade distribution, conversion metrics, unresolved pipelines, and campaign effectiveness.
A5: Filter Start Date: | C5: End Date: | E5: Leave dates blank to view All-Time data. Format: YYYY-MM-DD (e.g. 2026-07-01)
A7: TABLE 1: ALL LEADS BY MEMBER & GRADE
A8: Assigned Member | B8: Grade 6 | C8: Grade 7 | D8: Grade 8 | E8: Grade 9 | F8: Grade 10 | G8: Grade 11 | H8: Total Leads | I8: Share %
A9: =IF(INDEX(Members!$A:$A,2)="","",INDEX(Members!$A:$A,2)) | B9: =IF($A9="","",SUMPRODUCT(('Master Leads'!$D:$D=$A9) * (ISNUMBER(SEARCH("6", 'Master Leads'!$G:$G))) * ('Master Leads'!$E:$E>=IF(ISBLANK($B$5),0,$B$5)) * ('Master Leads'!$E:$E<=IF(ISBLANK($D$5),99999,$D$5)))) | C9: =IF($A9="","",SUMPRODUCT(('Master Leads'!$D:$D=$A9) * (ISNUMBER(SEARCH("7", 'Master Leads'!$G:$G))) * ('Master Leads'!$E:$E>=IF(ISBLANK($B$5),0,$B$5)) * ('Master Leads'!$E:$E<=IF(ISBLANK($D$5),99999,$D$5)))) | D9: =IF($A9="","",SUMPRODUCT(('Master Leads'!$D:$D=$A9) * (ISNUMBER(SEARCH("8", 'Master Leads'!$G:$G))) * ('Master Leads'!$E:$E>=IF(ISBLANK($B$5),0,$B$5)) * ('Master Leads'!$E:$E<=IF(ISBLANK($D$5),99999,$D$5)))) | E9: =IF($A9="","",SUMPRODUCT(('Master Leads'!$D:$D=$A9) * (ISNUMBER(SEARCH("9", 'Master Leads'!$G:$G))) * ('Master Leads'!$E:$E>=IF(ISBLANK($B$5),0,$B$5)) * ('Master Leads'!$E:$E<=IF(ISBLANK($D$5),99999,$D$5)))) | F9: =IF($A9="","",SUMPRODUCT(('Master Leads'!$D:$D=$A9) * (ISNUMBER(SEARCH("10", 'Master Leads'!$G:$G))) * ('Master Leads'!$E:$E>=IF(ISBLANK($B$5),0,$B$5)) * ('Master Leads'!$E:$E<=IF(ISBLANK($D$5),99999,$D$5)))) | G9: =IF($A9="","",SUMPRODUCT(('Master Leads'!$D:$D=$A9) * (ISNUMBER(SEARCH("11", 'Master Leads'!$G:$G))) * ('Master Leads'!$E:$E>=IF(ISBLANK($B$5),0,$B$5)) * ('Master Leads'!$E:$E<=IF(ISBLANK($D$5),99999,$D$5)))) | H9: =IF($A9="","",COUNTIFS('Master Leads'!$D:$D,$A9,'Master Leads'!$E:$E,">="&IF(ISBLANK($B$5),0,$B$5),'Master Leads'!$E:$E,"<="&IF(ISBLANK($D$5),99999,$D$5))) | I9: =IF(OR($A9="",$H$29=0),"",H9/$H$29)
A10: =IF(INDEX(Members!$A:$A,3)="","",INDEX(Members!$A:$A,3)) | B10: =IF($A10="","",SUMPRODUCT(('Master Leads'!$D:$D=$A10) * (ISNUMBER(SEARCH("6", 'Master Leads'!$G:$G))) * ('Master Leads'!$E:$E>=IF(ISBLANK($B$5),0,$B$5)) * ('Master Leads'!$E:$E<=IF(ISBLANK($D$5),99999,$D$5)))) | C10: =IF($A10="","",SUMPRODUCT(('Master Leads'!$D:$D=$A10) * (ISNUMBER(SEARCH("7", 'Master Leads'!$G:$G))) * ('Master Leads'!$E:$E>=IF(ISBLANK($B$5),0,$B$5)) * ('Master Leads'!$E:$E<=IF(ISBLANK($D$5),99999,$D$5)))) | D10: =IF($A10="","",SUMPRODUCT(('Master Leads'!$D:$D=$A10) * (ISNUMBER(SEARCH("8", 'Master Leads'!$G:$G))) * ('Master Leads'!$E:$E>=IF(ISBLANK($B$5),0,$B$5)) * ('Master Leads'!$E:$E<=IF(ISBLANK($D$5),99999,$D$5)))) | E10: =IF($A10="","",SUMPRODUCT(('Master Leads'!$D:$D=$A10) * (ISNUMBER(SEARCH("9", 'Master Leads'!$G:$G))) * ('Master Leads'!$E:$E>=IF(ISBLANK($B$5),0,$B$5)) * ('Master Leads'!$E:$E<=IF(ISBLANK($D$5),99999,$D$5)))) | F10: =IF($A10="","",SUMPRODUCT(('Master Leads'!$D:$D=$A10) * (ISNUMBER(SEARCH("10", 'Master Leads'!$G:$G))) * ('Master Leads'!$E:$E>=IF(ISBLANK($B$5),0,$B$5)) * ('Master Leads'!$E:$E<=IF(ISBLANK($D$5),99999,$D$5)))) | G10: =IF($A10="","",SUMPRODUCT(('Master Leads'!$D:$D=$A10) * (ISNUMBER(SEARCH("11", 'Master Leads'!$G:$G))) * ('Master Leads'!$E:$E>=IF(ISBLANK($B$5),0,$B$5)) * ('Master Leads'!$E:$E<=IF(ISBLANK($D$5),99999,$D$5)))) | H10: =IF($A10="","",COUNTIFS('Master Leads'!$D:$D,$A10,'Master Leads'!$E:$E,">="&IF(ISBLANK($B$5),0,$B$5),'Master Leads'!$E:$E,"<="&IF(ISBLANK($D$5),99999,$D$5))) | I10: =IF(OR($A10="",$H$29=0),"",H10/$H$29)
A11: =IF(INDEX(Members!$A:$A,4)="","",INDEX(Members!$A:$A,4)) | B11: =IF($A11="","",SUMPRODUCT(('Master Leads'!$D:$D=$A11) * (ISNUMBER(SEARCH("6", 'Master Leads'!$G:$G))) * ('Master Leads'!$E:$E>=IF(ISBLANK($B$5),0,$B$5)) * ('Master Leads'!$E:$E<=IF(ISBLANK($D$5),99999,$D$5)))) | C11: =IF($A11="","",SUMPRODUCT(('Master Leads'!$D:$D=$A11) * (ISNUMBER(SEARCH("7", 'Master Leads'!$G:$G))) * ('Master Leads'!$E:$E>=IF(ISBLANK($B$5),0,$B$5)) * ('Master Leads'!$E:$E<=IF(ISBLANK($D$5),99999,$D$5)))) | D11: =IF($A11="","",SUMPRODUCT(('Master Leads'!$D:$D=$A11) * (ISNUMBER(SEARCH("8", 'Master Leads'!$G:$G))) * ('Master Leads'!$E:$E>=IF(ISBLANK($B$5),0,$B$5)) * ('Master Leads'!$E:$E<=IF(ISBLANK($D$5),99999,$D$5)))) | E11: =IF($A11="","",SUMPRODUCT(('Master Leads'!$D:$D=$A11) * (ISNUMBER(SEARCH("9", 'Master Leads'!$G:$G))) * ('Master Leads'!$E:$E>=IF(ISBLANK($B$5),0,$B$5)) * ('Master Leads'!$E:$E<=IF(ISBLANK($D$5),99999,$D$5)))) | F11: =IF($A11="","",SUMPRODUCT(('Master Leads'!$D:$D=$A11) * (ISNUMBER(SEARCH("10", 'Master Leads'!$G:$G))) * ('Master Leads'!$E:$E>=IF(ISBLANK($B$5),0,$B$5)) * ('Master Leads'!$E:$E<=IF(ISBLANK($D$5),99999,$D$5)))) | G11: =IF($A11="","",SUMPRODUCT(('Master Leads'!$D:$D=$A11) * (ISNUMBER(SEARCH("11", 'Master Leads'!$G:$G))) * ('Master Leads'!$E:$E>=IF(ISBLANK($B$5),0,$B$5)) * ('Master Leads'!$E:$E<=IF(ISBLANK($D$5),99999,$D$5)))) | H11: =IF($A11="","",COUNTIFS('Master Leads'!$D:$D,$A11,'Master Leads'!$E:$E,">="&IF(ISBLANK($B$5),0,$B$5),'Master Leads'!$E:$E,"<="&IF(ISBLANK($D$5),99999,$D$5))) | I11: =IF(OR($A11="",$H$29=0),"",H11/$H$29)
A12: =IF(INDEX(Members!$A:$A,5)="","",INDEX(Members!$A:$A,5)) | B12: =IF($A12="","",SUMPRODUCT(('Master Leads'!$D:$D=$A12) * (ISNUMBER(SEARCH("6", 'Master Leads'!$G:$G))) * ('Master Leads'!$E:$E>=IF(ISBLANK($B$5),0,$B$5)) * ('Master Leads'!$E:$E<=IF(ISBLANK($D$5),99999,$D$5)))) | C12: =IF($A12="","",SUMPRODUCT(('Master Leads'!$D:$D=$A12) * (ISNUMBER(SEARCH("7", 'Master Leads'!$G:$G))) * ('Master Leads'!$E:$E>=IF(ISBLANK($B$5),0,$B$5)) * ('Master Leads'!$E:$E<=IF(ISBLANK($D$5),99999,$D$5)))) | D12: =IF($A12="","",SUMPRODUCT(('Master Leads'!$D:$D=$A12) * (ISNUMBER(SEARCH("8", 'Master Leads'!$G:$G))) * ('Master Leads'!$E:$E>=IF(ISBLANK($B$5),0,$B$5)) * ('Master Leads'!$E:$E<=IF(ISBLANK($D$5),99999,$D$5)))) | E12: =IF($A12="","",SUMPRODUCT(('Master Leads'!$D:$D=$A12) * (ISNUMBER(SEARCH("9", 'Master Leads'!$G:$G))) * ('Master Leads'!$E:$E>=IF(ISBLANK($B$5),0,$B$5)) * ('Master Leads'!$E:$E<=IF(ISBLANK($D$5),99999,$D$5)))) | F12: =IF($A12="","",SUMPRODUCT(('Master Leads'!$D:$D=$A12) * (ISNUMBER(SEARCH("10", 'Master Leads'!$G:$G))) * ('Master Leads'!$E:$E>=IF(ISBLANK($B$5),0,$B$5)) * ('Master Leads'!$E:$E<=IF(ISBLANK($D$5),99999,$D$5)))) | G12: =IF($A12="","",SUMPRODUCT(('Master Leads'!$D:$D=$A12) * (ISNUMBER(SEARCH("11", 'Master Leads'!$G:$G))) * ('Master Leads'!$E:$E>=IF(ISBLANK($B$5),0,$B$5)) * ('Master Leads'!$E:$E<=IF(ISBLANK($D$5),99999,$D$5)))) | H12: =IF($A12="","",COUNTIFS('Master Leads'!$D:$D,$A12,'Master Leads'!$E:$E,">="&IF(ISBLANK($B$5),0,$B$5),'Master Leads'!$E:$E,"<="&IF(ISBLANK($D$5),99999,$D$5))) | I12: =IF(OR($A12="",$H$29=0),"",H12/$H$29)
A13: =IF(INDEX(Members!$A:$A,6)="","",INDEX(Members!$A:$A,6)) | B13: =IF($A13="","",SUMPRODUCT(('Master Leads'!$D:$D=$A13) * (ISNUMBER(SEARCH("6", 'Master Leads'!$G:$G))) * ('Master Leads'!$E:$E>=IF(ISBLANK($B$5),0,$B$5)) * ('Master Leads'!$E:$E<=IF(ISBLANK($D$5),99999,$D$5)))) | C13: =IF($A13="","",SUMPRODUCT(('Master Leads'!$D:$D=$A13) * (ISNUMBER(SEARCH("7", 'Master Leads'!$G:$G))) * ('Master Leads'!$E:$E>=IF(ISBLANK($B$5),0,$B$5)) * ('Master Leads'!$E:$E<=IF(ISBLANK($D$5),99999,$D$5)))) | D13: =IF($A13="","",SUMPRODUCT(('Master Leads'!$D:$D=$A13) * (ISNUMBER(SEARCH("8", 'Master Leads'!$G:$G))) * ('Master Leads'!$E:$E>=IF(ISBLANK($B$5),0,$B$5)) * ('Master Leads'!$E:$E<=IF(ISBLANK($D$5),99999,$D$5)))) | E13: =IF($A13="","",SUMPRODUCT(('Master Leads'!$D:$D=$A13) * (ISNUMBER(SEARCH("9", 'Master Leads'!$G:$G))) * ('Master Leads'!$E:$E>=IF(ISBLANK($B$5),0,$B$5)) * ('Master Leads'!$E:$E<=IF(ISBLANK($D$5),99999,$D$5)))) | F13: =IF($A13="","",SUMPRODUCT(('Master Leads'!$D:$D=$A13) * (ISNUMBER(SEARCH("10", 'Master Leads'!$G:$G))) * ('Master Leads'!$E:$E>=IF(ISBLANK($B$5),0,$B$5)) * ('Master Leads'!$E:$E<=IF(ISBLANK($D$5),99999,$D$5)))) | G13: =IF($A13="","",SUMPRODUCT(('Master Leads'!$D:$D=$A13) * (ISNUMBER(SEARCH("11", 'Master Leads'!$G:$G))) * ('Master Leads'!$E:$E>=IF(ISBLANK($B$5),0,$B$5)) * ('Master Leads'!$E:$E<=IF(ISBLANK($D$5),99999,$D$5)))) | H13: =IF($A13="","",COUNTIFS('Master Leads'!$D:$D,$A13,'Master Leads'!$E:$E,">="&IF(ISBLANK($B$5),0,$B$5),'Master Leads'!$E:$E,"<="&IF(ISBLANK($D$5),99999,$D$5))) | I13: =IF(OR($A13="",$H$29=0),"",H13/$H$29)
A14: =IF(INDEX(Members!$A:$A,7)="","",INDEX(Members!$A:$A,7)) | B14: =IF($A14="","",SUMPRODUCT(('Master Leads'!$D:$D=$A14) * (ISNUMBER(SEARCH("6", 'Master Leads'!$G:$G))) * ('Master Leads'!$E:$E>=IF(ISBLANK($B$5),0,$B$5)) * ('Master Leads'!$E:$E<=IF(ISBLANK($D$5),99999,$D$5)))) | C14: =IF($A14="","",SUMPRODUCT(('Master Leads'!$D:$D=$A14) * (ISNUMBER(SEARCH("7", 'Master Leads'!$G:$G))) * ('Master Leads'!$E:$E>=IF(ISBLANK($B$5),0,$B$5)) * ('Master Leads'!$E:$E<=IF(ISBLANK($D$5),99999,$D$5)))) | D14: =IF($A14="","",SUMPRODUCT(('Master Leads'!$D:$D=$A14) * (ISNUMBER(SEARCH("8", 'Master Leads'!$G:$G))) * ('Master Leads'!$E:$E>=IF(ISBLANK($B$5),0,$B$5)) * ('Master Leads'!$E:$E<=IF(ISBLANK($D$5),99999,$D$5)))) | E14: =IF($A14="","",SUMPRODUCT(('Master Leads'!$D:$D=$A14) * (ISNUMBER(SEARCH("9", 'Master Leads'!$G:$G))) * ('Master Leads'!$E:$E>=IF(ISBLANK($B$5),0,$B$5)) * ('Master Leads'!$E:$E<=IF(ISBLANK($D$5),99999,$D$5)))) | F14: =IF($A14="","",SUMPRODUCT(('Master Leads'!$D:$D=$A14) * (ISNUMBER(SEARCH("10", 'Master Leads'!$G:$G))) * ('Master Leads'!$E:$E>=IF(ISBLANK($B$5),0,$B$5)) * ('Master Leads'!$E:$E<=IF(ISBLANK($D$5),99999,$D$5)))) | G14: =IF($A14="","",SUMPRODUCT(('Master Leads'!$D:$D=$A14) * (ISNUMBER(SEARCH("11", 'Master Leads'!$G:$G))) * ('Master Leads'!$E:$E>=IF(ISBLANK($B$5),0,$B$5)) * ('Master Leads'!$E:$E<=IF(ISBLANK($D$5),99999,$D$5)))) | H14: =IF($A14="","",COUNTIFS('Master Leads'!$D:$D,$A14,'Master Leads'!$E:$E,">="&IF(ISBLANK($B$5),0,$B$5),'Master Leads'!$E:$E,"<="&IF(ISBLANK($D$5),99999,$D$5))) | I14: =IF(OR($A14="",$H$29=0),"",H14/$H$29)
A15: =IF(INDEX(Members!$A:$A,8)="","",INDEX(Members!$A:$A,8)) | B15: =IF($A15="","",SUMPRODUCT(('Master Leads'!$D:$D=$A15) * (ISNUMBER(SEARCH("6", 'Master Leads'!$G:$G))) * ('Master Leads'!$E:$E>=IF(ISBLANK($B$5),0,$B$5)) * ('Master Leads'!$E:$E<=IF(ISBLANK($D$5),99999,$D$5)))) | C15: =IF($A15="","",SUMPRODUCT(('Master Leads'!$D:$D=$A15) * (ISNUMBER(SEARCH("7", 'Master Leads'!$G:$G))) * ('Master Leads'!$E:$E>=IF(ISBLANK($B$5),0,$B$5)) * ('Master Leads'!$E:$E<=IF(ISBLANK($D$5),99999,$D$5)))) | D15: =IF($A15="","",SUMPRODUCT(('Master Leads'!$D:$D=$A15) * (ISNUMBER(SEARCH("8", 'Master Leads'!$G:$G))) * ('Master Leads'!$E:$E>=IF(ISBLANK($B$5),0,$B$5)) * ('Master Leads'!$E:$E<=IF(ISBLANK($D$5),99999,$D$5)))) | E15: =IF($A15="","",SUMPRODUCT(('Master Leads'!$D:$D=$A15) * (ISNUMBER(SEARCH("9", 'Master Leads'!$G:$G))) * ('Master Leads'!$E:$E>=IF(ISBLANK($B$5),0,$B$5)) * ('Master Leads'!$E:$E<=IF(ISBLANK($D$5),99999,$D$5)))) | F15: =IF($A15="","",SUMPRODUCT(('Master Leads'!$D:$D=$A15) * (ISNUMBER(SEARCH("10", 'Master Leads'!$G:$G))) * ('Master Leads'!$E:$E>=IF(ISBLANK($B$5),0,$B$5)) * ('Master Leads'!$E:$E<=IF(ISBLANK($D$5),99999,$D$5)))) | G15: =IF($A15="","",SUMPRODUCT(('Master Leads'!$D:$D=$A15) * (ISNUMBER(SEARCH("11", 'Master Leads'!$G:$G))) * ('Master Leads'!$E:$E>=IF(ISBLANK($B$5),0,$B$5)) * ('Master Leads'!$E:$E<=IF(ISBLANK($D$5),99999,$D$5)))) | H15: =IF($A15="","",COUNTIFS('Master Leads'!$D:$D,$A15,'Master Leads'!$E:$E,">="&IF(ISBLANK($B$5),0,$B$5),'Master Leads'!$E:$E,"<="&IF(ISBLANK($D$5),99999,$D$5))) | I15: =IF(OR($A15="",$H$29=0),"",H15/$H$29)
A16: =IF(INDEX(Members!$A:$A,9)="","",INDEX(Members!$A:$A,9)) | B16: =IF($A16="","",SUMPRODUCT(('Master Leads'!$D:$D=$A16) * (ISNUMBER(SEARCH("6", 'Master Leads'!$G:$G))) * ('Master Leads'!$E:$E>=IF(ISBLANK($B$5),0,$B$5)) * ('Master Leads'!$E:$E<=IF(ISBLANK($D$5),99999,$D$5)))) | C16: =IF($A16="","",SUMPRODUCT(('Master Leads'!$D:$D=$A16) * (ISNUMBER(SEARCH("7", 'Master Leads'!$G:$G))) * ('Master Leads'!$E:$E>=IF(ISBLANK($B$5),0,$B$5)) * ('Master Leads'!$E:$E<=IF(ISBLANK($D$5),99999,$D$5)))) | D16: =IF($A16="","",SUMPRODUCT(('Master Leads'!$D:$D=$A16) * (ISNUMBER(SEARCH("8", 'Master Leads'!$G:$G))) * ('Master Leads'!$E:$E>=IF(ISBLANK($B$5),0,$B$5)) * ('Master Leads'!$E:$E<=IF(ISBLANK($D$5),99999,$D$5)))) | E16: =IF($A16="","",SUMPRODUCT(('Master Leads'!$D:$D=$A16) * (ISNUMBER(SEARCH("9", 'Master Leads'!$G:$G))) * ('Master Leads'!$E:$E>=IF(ISBLANK($B$5),0,$B$5)) * ('Master Leads'!$E:$E<=IF(ISBLANK($D$5),99999,$D$5)))) | F16: =IF($A16="","",SUMPRODUCT(('Master Leads'!$D:$D=$A16) * (ISNUMBER(SEARCH("10", 'Master Leads'!$G:$G))) * ('Master Leads'!$E:$E>=IF(ISBLANK($B$5),0,$B$5)) * ('Master Leads'!$E:$E<=IF(ISBLANK($D$5),99999,$D$5)))) | G16: =IF($A16="","",SUMPRODUCT(('Master Leads'!$D:$D=$A16) * (ISNUMBER(SEARCH("11", 'Master Leads'!$G:$G))) * ('Master Leads'!$E:$E>=IF(ISBLANK($B$5),0,$B$5)) * ('Master Leads'!$E:$E<=IF(ISBLANK($D$5),99999,$D$5)))) | H16: =IF($A16="","",COUNTIFS('Master Leads'!$D:$D,$A16,'Master Leads'!$E:$E,">="&IF(ISBLANK($B$5),0,$B$5),'Master Leads'!$E:$E,"<="&IF(ISBLANK($D$5),99999,$D$5))) | I16: =IF(OR($A16="",$H$29=0),"",H16/$H$29)
A17: =IF(INDEX(Members!$A:$A,10)="","",INDEX(Members!$A:$A,10)) | B17: =IF($A17="","",SUMPRODUCT(('Master Leads'!$D:$D=$A17) * (ISNUMBER(SEARCH("6", 'Master Leads'!$G:$G))) * ('Master Leads'!$E:$E>=IF(ISBLANK($B$5),0,$B$5)) * ('Master Leads'!$E:$E<=IF(ISBLANK($D$5),99999,$D$5)))) | C17: =IF($A17="","",SUMPRODUCT(('Master Leads'!$D:$D=$A17) * (ISNUMBER(SEARCH("7", 'Master Leads'!$G:$G))) * ('Master Leads'!$E:$E>=IF(ISBLANK($B$5),0,$B$5)) * ('Master Leads'!$E:$E<=IF(ISBLANK($D$5),99999,$D$5)))) | D17: =IF($A17="","",SUMPRODUCT(('Master Leads'!$D:$D=$A17) * (ISNUMBER(SEARCH("8", 'Master Leads'!$G:$G))) * ('Master Leads'!$E:$E>=IF(ISBLANK($B$5),0,$B$5)) * ('Master Leads'!$E:$E<=IF(ISBLANK($D$5),99999,$D$5)))) | E17: =IF($A17="","",SUMPRODUCT(('Master Leads'!$D:$D=$A17) * (ISNUMBER(SEARCH("9", 'Master Leads'!$G:$G))) * ('Master Leads'!$E:$E>=IF(ISBLANK($B$5),0,$B$5)) * ('Master Leads'!$E:$E<=IF(ISBLANK($D$5),99999,$D$5)))) | F17: =IF($A17="","",SUMPRODUCT(('Master Leads'!$D:$D=$A17) * (ISNUMBER(SEARCH("10", 'Master Leads'!$G:$G))) * ('Master Leads'!$E:$E>=IF(ISBLANK($B$5),0,$B$5)) * ('Master Leads'!$E:$E<=IF(ISBLANK($D$5),99999,$D$5)))) | G17: =IF($A17="","",SUMPRODUCT(('Master Leads'!$D:$D=$A17) * (ISNUMBER(SEARCH("11", 'Master Leads'!$G:$G))) * ('Master Leads'!$E:$E>=IF(ISBLANK($B$5),0,$B$5)) * ('Master Leads'!$E:$E<=IF(ISBLANK($D$5),99999,$D$5)))) | H17: =IF($A17="","",COUNTIFS('Master Leads'!$D:$D,$A17,'Master Leads'!$E:$E,">="&IF(ISBLANK($B$5),0,$B$5),'Master Leads'!$E:$E,"<="&IF(ISBLANK($D$5),99999,$D$5))) | I17: =IF(OR($A17="",$H$29=0),"",H17/$H$29)
A18: =IF(INDEX(Members!$A:$A,11)="","",INDEX(Members!$A:$A,11)) | B18: =IF($A18="","",SUMPRODUCT(('Master Leads'!$D:$D=$A18) * (ISNUMBER(SEARCH("6", 'Master Leads'!$G:$G))) * ('Master Leads'!$E:$E>=IF(ISBLANK($B$5),0,$B$5)) * ('Master Leads'!$E:$E<=IF(ISBLANK($D$5),99999,$D$5)))) | C18: =IF($A18="","",SUMPRODUCT(('Master Leads'!$D:$D=$A18) * (ISNUMBER(SEARCH("7", 'Master Leads'!$G:$G))) * ('Master Leads'!$E:$E>=IF(ISBLANK($B$5),0,$B$5)) * ('Master Leads'!$E:$E<=IF(ISBLANK($D$5),99999,$D$5)))) | D18: =IF($A18="","",SUMPRODUCT(('Master Leads'!$D:$D=$A18) * (ISNUMBER(SEARCH("8", 'Master Leads'!$G:$G))) * ('Master Leads'!$E:$E>=IF(ISBLANK($B$5),0,$B$5)) * ('Master Leads'!$E:$E<=IF(ISBLANK($D$5),99999,$D$5)))) | E18: =IF($A18="","",SUMPRODUCT(('Master Leads'!$D:$D=$A18) * (ISNUMBER(SEARCH("9", 'Master Leads'!$G:$G))) * ('Master Leads'!$E:$E>=IF(ISBLANK($B$5),0,$B$5)) * ('Master Leads'!$E:$E<=IF(ISBLANK($D$5),99999,$D$5)))) | F18: =IF($A18="","",SUMPRODUCT(('Master Leads'!$D:$D=$A18) * (ISNUMBER(SEARCH("10", 'Master Leads'!$G:$G))) * ('Master Leads'!$E:$E>=IF(ISBLANK($B$5),0,$B$5)) * ('Master Leads'!$E:$E<=IF(ISBLANK($D$5),99999,$D$5)))) | G18: =IF($A18="","",SUMPRODUCT(('Master Leads'!$D:$D=$A18) * (ISNUMBER(SEARCH("11", 'Master Leads'!$G:$G))) * ('Master Leads'!$E:$E>=IF(ISBLANK($B$5),0,$B$5)) * ('Master Leads'!$E:$E<=IF(ISBLANK($D$5),99999,$D$5)))) | H18: =IF($A18="","",COUNTIFS('Master Leads'!$D:$D,$A18,'Master Leads'!$E:$E,">="&IF(ISBLANK($B$5),0,$B$5),'Master Leads'!$E:$E,"<="&IF(ISBLANK($D$5),99999,$D$5))) | I18: =IF(OR($A18="",$H$29=0),"",H18/$H$29)
A19: =IF(INDEX(Members!$A:$A,12)="","",INDEX(Members!$A:$A,12)) | B19: =IF($A19="","",SUMPRODUCT(('Master Leads'!$D:$D=$A19) * (ISNUMBER(SEARCH("6", 'Master Leads'!$G:$G))) * ('Master Leads'!$E:$E>=IF(ISBLANK($B$5),0,$B$5)) * ('Master Leads'!$E:$E<=IF(ISBLANK($D$5),99999,$D$5)))) | C19: =IF($A19="","",SUMPRODUCT(('Master Leads'!$D:$D=$A19) * (ISNUMBER(SEARCH("7", 'Master Leads'!$G:$G))) * ('Master Leads'!$E:$E>=IF(ISBLANK($B$5),0,$B$5)) * ('Master Leads'!$E:$E<=IF(ISBLANK($D$5),99999,$D$5)))) | D19: =IF($A19="","",SUMPRODUCT(('Master Leads'!$D:$D=$A19) * (ISNUMBER(SEARCH("8", 'Master Leads'!$G:$G))) * ('Master Leads'!$E:$E>=IF(ISBLANK($B$5),0,$B$5)) * ('Master Leads'!$E:$E<=IF(ISBLANK($D$5),99999,$D$5)))) | E19: =IF($A19="","",SUMPRODUCT(('Master Leads'!$D:$D=$A19) * (ISNUMBER(SEARCH("9", 'Master Leads'!$G:$G))) * ('Master Leads'!$E:$E>=IF(ISBLANK($B$5),0,$B$5)) * ('Master Leads'!$E:$E<=IF(ISBLANK($D$5),99999,$D$5)))) | F19: =IF($A19="","",SUMPRODUCT(('Master Leads'!$D:$D=$A19) * (ISNUMBER(SEARCH("10", 'Master Leads'!$G:$G))) * ('Master Leads'!$E:$E>=IF(ISBLANK($B$5),0,$B$5)) * ('Master Leads'!$E:$E<=IF(ISBLANK($D$5),99999,$D$5)))) | G19: =IF($A19="","",SUMPRODUCT(('Master Leads'!$D:$D=$A19) * (ISNUMBER(SEARCH("11", 'Master Leads'!$G:$G))) * ('Master Leads'!$E:$E>=IF(ISBLANK($B$5),0,$B$5)) * ('Master Leads'!$E:$E<=IF(ISBLANK($D$5),99999,$D$5)))) | H19: =IF($A19="","",COUNTIFS('Master Leads'!$D:$D,$A19,'Master Leads'!$E:$E,">="&IF(ISBLANK($B$5),0,$B$5),'Master Leads'!$E:$E,"<="&IF(ISBLANK($D$5),99999,$D$5))) | I19: =IF(OR($A19="",$H$29=0),"",H19/$H$29)
A20: =IF(INDEX(Members!$A:$A,13)="","",INDEX(Members!$A:$A,13)) | B20: =IF($A20="","",SUMPRODUCT(('Master Leads'!$D:$D=$A20) * (ISNUMBER(SEARCH("6", 'Master Leads'!$G:$G))) * ('Master Leads'!$E:$E>=IF(ISBLANK($B$5),0,$B$5)) * ('Master Leads'!$E:$E<=IF(ISBLANK($D$5),99999,$D$5)))) | C20: =IF($A20="","",SUMPRODUCT(('Master Leads'!$D:$D=$A20) * (ISNUMBER(SEARCH("7", 'Master Leads'!$G:$G))) * ('Master Leads'!$E:$E>=IF(ISBLANK($B$5),0,$B$5)) * ('Master Leads'!$E:$E<=IF(ISBLANK($D$5),99999,$D$5)))) | D20: =IF($A20="","",SUMPRODUCT(('Master Leads'!$D:$D=$A20) * (ISNUMBER(SEARCH("8", 'Master Leads'!$G:$G))) * ('Master Leads'!$E:$E>=IF(ISBLANK($B$5),0,$B$5)) * ('Master Leads'!$E:$E<=IF(ISBLANK($D$5),99999,$D$5)))) | E20: =IF($A20="","",SUMPRODUCT(('Master Leads'!$D:$D=$A20) * (ISNUMBER(SEARCH("9", 'Master Leads'!$G:$G))) * ('Master Leads'!$E:$E>=IF(ISBLANK($B$5),0,$B$5)) * ('Master Leads'!$E:$E<=IF(ISBLANK($D$5),99999,$D$5)))) | F20: =IF($A20="","",SUMPRODUCT(('Master Leads'!$D:$D=$A20) * (ISNUMBER(SEARCH("10", 'Master Leads'!$G:$G))) * ('Master Leads'!$E:$E>=IF(ISBLANK($B$5),0,$B$5)) * ('Master Leads'!$E:$E<=IF(ISBLANK($D$5),99999,$D$5)))) | G20: =IF($A20="","",SUMPRODUCT(('Master Leads'!$D:$D=$A20) * (ISNUMBER(SEARCH("11", 'Master Leads'!$G:$G))) * ('Master Leads'!$E:$E>=IF(ISBLANK($B$5),0,$B$5)) * ('Master Leads'!$E:$E<=IF(ISBLANK($D$5),99999,$D$5)))) | H20: =IF($A20="","",COUNTIFS('Master Leads'!$D:$D,$A20,'Master Leads'!$E:$E,">="&IF(ISBLANK($B$5),0,$B$5),'Master Leads'!$E:$E,"<="&IF(ISBLANK($D$5),99999,$D$5))) | I20: =IF(OR($A20="",$H$29=0),"",H20/$H$29)
A21: =IF(INDEX(Members!$A:$A,14)="","",INDEX(Members!$A:$A,14)) | B21: =IF($A21="","",SUMPRODUCT(('Master Leads'!$D:$D=$A21) * (ISNUMBER(SEARCH("6", 'Master Leads'!$G:$G))) * ('Master Leads'!$E:$E>=IF(ISBLANK($B$5),0,$B$5)) * ('Master Leads'!$E:$E<=IF(ISBLANK($D$5),99999,$D$5)))) | C21: =IF($A21="","",SUMPRODUCT(('Master Leads'!$D:$D=$A21) * (ISNUMBER(SEARCH("7", 'Master Leads'!$G:$G))) * ('Master Leads'!$E:$E>=IF(ISBLANK($B$5),0,$B$5)) * ('Master Leads'!$E:$E<=IF(ISBLANK($D$5),99999,$D$5)))) | D21: =IF($A21="","",SUMPRODUCT(('Master Leads'!$D:$D=$A21) * (ISNUMBER(SEARCH("8", 'Master Leads'!$G:$G))) * ('Master Leads'!$E:$E>=IF(ISBLANK($B$5),0,$B$5)) * ('Master Leads'!$E:$E<=IF(ISBLANK($D$5),99999,$D$5)))) | E21: =IF($A21="","",SUMPRODUCT(('Master Leads'!$D:$D=$A21) * (ISNUMBER(SEARCH("9", 'Master Leads'!$G:$G))) * ('Master Leads'!$E:$E>=IF(ISBLANK($B$5),0,$B$5)) * ('Master Leads'!$E:$E<=IF(ISBLANK($D$5),99999,$D$5)))) | F21: =IF($A21="","",SUMPRODUCT(('Master Leads'!$D:$D=$A21) * (ISNUMBER(SEARCH("10", 'Master Leads'!$G:$G))) * ('Master Leads'!$E:$E>=IF(ISBLANK($B$5),0,$B$5)) * ('Master Leads'!$E:$E<=IF(ISBLANK($D$5),99999,$D$5)))) | G21: =IF($A21="","",SUMPRODUCT(('Master Leads'!$D:$D=$A21) * (ISNUMBER(SEARCH("11", 'Master Leads'!$G:$G))) * ('Master Leads'!$E:$E>=IF(ISBLANK($B$5),0,$B$5)) * ('Master Leads'!$E:$E<=IF(ISBLANK($D$5),99999,$D$5)))) | H21: =IF($A21="","",COUNTIFS('Master Leads'!$D:$D,$A21,'Master Leads'!$E:$E,">="&IF(ISBLANK($B$5),0,$B$5),'Master Leads'!$E:$E,"<="&IF(ISBLANK($D$5),99999,$D$5))) | I21: =IF(OR($A21="",$H$29=0),"",H21/$H$29)
A22: =IF(INDEX(Members!$A:$A,15)="","",INDEX(Members!$A:$A,15)) | B22: =IF($A22="","",SUMPRODUCT(('Master Leads'!$D:$D=$A22) * (ISNUMBER(SEARCH("6", 'Master Leads'!$G:$G))) * ('Master Leads'!$E:$E>=IF(ISBLANK($B$5),0,$B$5)) * ('Master Leads'!$E:$E<=IF(ISBLANK($D$5),99999,$D$5)))) | C22: =IF($A22="","",SUMPRODUCT(('Master Leads'!$D:$D=$A22) * (ISNUMBER(SEARCH("7", 'Master Leads'!$G:$G))) * ('Master Leads'!$E:$E>=IF(ISBLANK($B$5),0,$B$5)) * ('Master Leads'!$E:$E<=IF(ISBLANK($D$5),99999,$D$5)))) | D22: =IF($A22="","",SUMPRODUCT(('Master Leads'!$D:$D=$A22) * (ISNUMBER(SEARCH("8", 'Master Leads'!$G:$G))) * ('Master Leads'!$E:$E>=IF(ISBLANK($B$5),0,$B$5)) * ('Master Leads'!$E:$E<=IF(ISBLANK($D$5),99999,$D$5)))) | E22: =IF($A22="","",SUMPRODUCT(('Master Leads'!$D:$D=$A22) * (ISNUMBER(SEARCH("9", 'Master Leads'!$G:$G))) * ('Master Leads'!$E:$E>=IF(ISBLANK($B$5),0,$B$5)) * ('Master Leads'!$E:$E<=IF(ISBLANK($D$5),99999,$D$5)))) | F22: =IF($A22="","",SUMPRODUCT(('Master Leads'!$D:$D=$A22) * (ISNUMBER(SEARCH("10", 'Master Leads'!$G:$G))) * ('Master Leads'!$E:$E>=IF(ISBLANK($B$5),0,$B$5)) * ('Master Leads'!$E:$E<=IF(ISBLANK($D$5),99999,$D$5)))) | G22: =IF($A22="","",SUMPRODUCT(('Master Leads'!$D:$D=$A22) * (ISNUMBER(SEARCH("11", 'Master Leads'!$G:$G))) * ('Master Leads'!$E:$E>=IF(ISBLANK($B$5),0,$B$5)) * ('Master Leads'!$E:$E<=IF(ISBLANK($D$5),99999,$D$5)))) | H22: =IF($A22="","",COUNTIFS('Master Leads'!$D:$D,$A22,'Master Leads'!$E:$E,">="&IF(ISBLANK($B$5),0,$B$5),'Master Leads'!$E:$E,"<="&IF(ISBLANK($D$5),99999,$D$5))) | I22: =IF(OR($A22="",$H$29=0),"",H22/$H$29)
A23: =IF(INDEX(Members!$A:$A,16)="","",INDEX(Members!$A:$A,16)) | B23: =IF($A23="","",SUMPRODUCT(('Master Leads'!$D:$D=$A23) * (ISNUMBER(SEARCH("6", 'Master Leads'!$G:$G))) * ('Master Leads'!$E:$E>=IF(ISBLANK($B$5),0,$B$5)) * ('Master Leads'!$E:$E<=IF(ISBLANK($D$5),99999,$D$5)))) | C23: =IF($A23="","",SUMPRODUCT(('Master Leads'!$D:$D=$A23) * (ISNUMBER(SEARCH("7", 'Master Leads'!$G:$G))) * ('Master Leads'!$E:$E>=IF(ISBLANK($B$5),0,$B$5)) * ('Master Leads'!$E:$E<=IF(ISBLANK($D$5),99999,$D$5)))) | D23: =IF($A23="","",SUMPRODUCT(('Master Leads'!$D:$D=$A23) * (ISNUMBER(SEARCH("8", 'Master Leads'!$G:$G))) * ('Master Leads'!$E:$E>=IF(ISBLANK($B$5),0,$B$5)) * ('Master Leads'!$E:$E<=IF(ISBLANK($D$5),99999,$D$5)))) | E23: =IF($A23="","",SUMPRODUCT(('Master Leads'!$D:$D=$A23) * (ISNUMBER(SEARCH("9", 'Master Leads'!$G:$G))) * ('Master Leads'!$E:$E>=IF(ISBLANK($B$5),0,$B$5)) * ('Master Leads'!$E:$E<=IF(ISBLANK($D$5),99999,$D$5)))) | F23: =IF($A23="","",SUMPRODUCT(('Master Leads'!$D:$D=$A23) * (ISNUMBER(SEARCH("10", 'Master Leads'!$G:$G))) * ('Master Leads'!$E:$E>=IF(ISBLANK($B$5),0,$B$5)) * ('Master Leads'!$E:$E<=IF(ISBLANK($D$5),99999,$D$5)))) | G23: =IF($A23="","",SUMPRODUCT(('Master Leads'!$D:$D=$A23) * (ISNUMBER(SEARCH("11", 'Master Leads'!$G:$G))) * ('Master Leads'!$E:$E>=IF(ISBLANK($B$5),0,$B$5)) * ('Master Leads'!$E:$E<=IF(ISBLANK($D$5),99999,$D$5)))) | H23: =IF($A23="","",COUNTIFS('Master Leads'!$D:$D,$A23,'Master Leads'!$E:$E,">="&IF(ISBLANK($B$5),0,$B$5),'Master Leads'!$E:$E,"<="&IF(ISBLANK($D$5),99999,$D$5))) | I23: =IF(OR($A23="",$H$29=0),"",H23/$H$29)
A24: =IF(INDEX(Members!$A:$A,17)="","",INDEX(Members!$A:$A,17)) | B24: =IF($A24="","",SUMPRODUCT(('Master Leads'!$D:$D=$A24) * (ISNUMBER(SEARCH("6", 'Master Leads'!$G:$G))) * ('Master Leads'!$E:$E>=IF(ISBLANK($B$5),0,$B$5)) * ('Master Leads'!$E:$E<=IF(ISBLANK($D$5),99999,$D$5)))) | C24: =IF($A24="","",SUMPRODUCT(('Master Leads'!$D:$D=$A24) * (ISNUMBER(SEARCH("7", 'Master Leads'!$G:$G))) * ('Master Leads'!$E:$E>=IF(ISBLANK($B$5),0,$B$5)) * ('Master Leads'!$E:$E<=IF(ISBLANK($D$5),99999,$D$5)))) | D24: =IF($A24="","",SUMPRODUCT(('Master Leads'!$D:$D=$A24) * (ISNUMBER(SEARCH("8", 'Master Leads'!$G:$G))) * ('Master Leads'!$E:$E>=IF(ISBLANK($B$5),0,$B$5)) * ('Master Leads'!$E:$E<=IF(ISBLANK($D$5),99999,$D$5)))) | E24: =IF($A24="","",SUMPRODUCT(('Master Leads'!$D:$D=$A24) * (ISNUMBER(SEARCH("9", 'Master Leads'!$G:$G))) * ('Master Leads'!$E:$E>=IF(ISBLANK($B$5),0,$B$5)) * ('Master Leads'!$E:$E<=IF(ISBLANK($D$5),99999,$D$5)))) | F24: =IF($A24="","",SUMPRODUCT(('Master Leads'!$D:$D=$A24) * (ISNUMBER(SEARCH("10", 'Master Leads'!$G:$G))) * ('Master Leads'!$E:$E>=IF(ISBLANK($B$5),0,$B$5)) * ('Master Leads'!$E:$E<=IF(ISBLANK($D$5),99999,$D$5)))) | G24: =IF($A24="","",SUMPRODUCT(('Master Leads'!$D:$D=$A24) * (ISNUMBER(SEARCH("11", 'Master Leads'!$G:$G))) * ('Master Leads'!$E:$E>=IF(ISBLANK($B$5),0,$B$5)) * ('Master Leads'!$E:$E<=IF(ISBLANK($D$5),99999,$D$5)))) | H24: =IF($A24="","",COUNTIFS('Master Leads'!$D:$D,$A24,'Master Leads'!$E:$E,">="&IF(ISBLANK($B$5),0,$B$5),'Master Leads'!$E:$E,"<="&IF(ISBLANK($D$5),99999,$D$5))) | I24: =IF(OR($A24="",$H$29=0),"",H24/$H$29)
A25: =IF(INDEX(Members!$A:$A,18)="","",INDEX(Members!$A:$A,18)) | B25: =IF($A25="","",SUMPRODUCT(('Master Leads'!$D:$D=$A25) * (ISNUMBER(SEARCH("6", 'Master Leads'!$G:$G))) * ('Master Leads'!$E:$E>=IF(ISBLANK($B$5),0,$B$5)) * ('Master Leads'!$E:$E<=IF(ISBLANK($D$5),99999,$D$5)))) | C25: =IF($A25="","",SUMPRODUCT(('Master Leads'!$D:$D=$A25) * (ISNUMBER(SEARCH("7", 'Master Leads'!$G:$G))) * ('Master Leads'!$E:$E>=IF(ISBLANK($B$5),0,$B$5)) * ('Master Leads'!$E:$E<=IF(ISBLANK($D$5),99999,$D$5)))) | D25: =IF($A25="","",SUMPRODUCT(('Master Leads'!$D:$D=$A25) * (ISNUMBER(SEARCH("8", 'Master Leads'!$G:$G))) * ('Master Leads'!$E:$E>=IF(ISBLANK($B$5),0,$B$5)) * ('Master Leads'!$E:$E<=IF(ISBLANK($D$5),99999,$D$5)))) | E25: =IF($A25="","",SUMPRODUCT(('Master Leads'!$D:$D=$A25) * (ISNUMBER(SEARCH("9", 'Master Leads'!$G:$G))) * ('Master Leads'!$E:$E>=IF(ISBLANK($B$5),0,$B$5)) * ('Master Leads'!$E:$E<=IF(ISBLANK($D$5),99999,$D$5)))) | F25: =IF($A25="","",SUMPRODUCT(('Master Leads'!$D:$D=$A25) * (ISNUMBER(SEARCH("10", 'Master Leads'!$G:$G))) * ('Master Leads'!$E:$E>=IF(ISBLANK($B$5),0,$B$5)) * ('Master Leads'!$E:$E<=IF(ISBLANK($D$5),99999,$D$5)))) | G25: =IF($A25="","",SUMPRODUCT(('Master Leads'!$D:$D=$A25) * (ISNUMBER(SEARCH("11", 'Master Leads'!$G:$G))) * ('Master Leads'!$E:$E>=IF(ISBLANK($B$5),0,$B$5)) * ('Master Leads'!$E:$E<=IF(ISBLANK($D$5),99999,$D$5)))) | H25: =IF($A25="","",COUNTIFS('Master Leads'!$D:$D,$A25,'Master Leads'!$E:$E,">="&IF(ISBLANK($B$5),0,$B$5),'Master Leads'!$E:$E,"<="&IF(ISBLANK($D$5),99999,$D$5))) | I25: =IF(OR($A25="",$H$29=0),"",H25/$H$29)
A26: =IF(INDEX(Members!$A:$A,19)="","",INDEX(Members!$A:$A,19)) | B26: =IF($A26="","",SUMPRODUCT(('Master Leads'!$D:$D=$A26) * (ISNUMBER(SEARCH("6", 'Master Leads'!$G:$G))) * ('Master Leads'!$E:$E>=IF(ISBLANK($B$5),0,$B$5)) * ('Master Leads'!$E:$E<=IF(ISBLANK($D$5),99999,$D$5)))) | C26: =IF($A26="","",SUMPRODUCT(('Master Leads'!$D:$D=$A26) * (ISNUMBER(SEARCH("7", 'Master Leads'!$G:$G))) * ('Master Leads'!$E:$E>=IF(ISBLANK($B$5),0,$B$5)) * ('Master Leads'!$E:$E<=IF(ISBLANK($D$5),99999,$D$5)))) | D26: =IF($A26="","",SUMPRODUCT(('Master Leads'!$D:$D=$A26) * (ISNUMBER(SEARCH("8", 'Master Leads'!$G:$G))) * ('Master Leads'!$E:$E>=IF(ISBLANK($B$5),0,$B$5)) * ('Master Leads'!$E:$E<=IF(ISBLANK($D$5),99999,$D$5)))) | E26: =IF($A26="","",SUMPRODUCT(('Master Leads'!$D:$D=$A26) * (ISNUMBER(SEARCH("9", 'Master Leads'!$G:$G))) * ('Master Leads'!$E:$E>=IF(ISBLANK($B$5),0,$B$5)) * ('Master Leads'!$E:$E<=IF(ISBLANK($D$5),99999,$D$5)))) | F26: =IF($A26="","",SUMPRODUCT(('Master Leads'!$D:$D=$A26) * (ISNUMBER(SEARCH("10", 'Master Leads'!$G:$G))) * ('Master Leads'!$E:$E>=IF(ISBLANK($B$5),0,$B$5)) * ('Master Leads'!$E:$E<=IF(ISBLANK($D$5),99999,$D$5)))) | G26: =IF($A26="","",SUMPRODUCT(('Master Leads'!$D:$D=$A26) * (ISNUMBER(SEARCH("11", 'Master Leads'!$G:$G))) * ('Master Leads'!$E:$E>=IF(ISBLANK($B$5),0,$B$5)) * ('Master Leads'!$E:$E<=IF(ISBLANK($D$5),99999,$D$5)))) | H26: =IF($A26="","",COUNTIFS('Master Leads'!$D:$D,$A26,'Master Leads'!$E:$E,">="&IF(ISBLANK($B$5),0,$B$5),'Master Leads'!$E:$E,"<="&IF(ISBLANK($D$5),99999,$D$5))) | I26: =IF(OR($A26="",$H$29=0),"",H26/$H$29)
A27: =IF(INDEX(Members!$A:$A,20)="","",INDEX(Members!$A:$A,20)) | B27: =IF($A27="","",SUMPRODUCT(('Master Leads'!$D:$D=$A27) * (ISNUMBER(SEARCH("6", 'Master Leads'!$G:$G))) * ('Master Leads'!$E:$E>=IF(ISBLANK($B$5),0,$B$5)) * ('Master Leads'!$E:$E<=IF(ISBLANK($D$5),99999,$D$5)))) | C27: =IF($A27="","",SUMPRODUCT(('Master Leads'!$D:$D=$A27) * (ISNUMBER(SEARCH("7", 'Master Leads'!$G:$G))) * ('Master Leads'!$E:$E>=IF(ISBLANK($B$5),0,$B$5)) * ('Master Leads'!$E:$E<=IF(ISBLANK($D$5),99999,$D$5)))) | D27: =IF($A27="","",SUMPRODUCT(('Master Leads'!$D:$D=$A27) * (ISNUMBER(SEARCH("8", 'Master Leads'!$G:$G))) * ('Master Leads'!$E:$E>=IF(ISBLANK($B$5),0,$B$5)) * ('Master Leads'!$E:$E<=IF(ISBLANK($D$5),99999,$D$5)))) | E27: =IF($A27="","",SUMPRODUCT(('Master Leads'!$D:$D=$A27) * (ISNUMBER(SEARCH("9", 'Master Leads'!$G:$G))) * ('Master Leads'!$E:$E>=IF(ISBLANK($B$5),0,$B$5)) * ('Master Leads'!$E:$E<=IF(ISBLANK($D$5),99999,$D$5)))) | F27: =IF($A27="","",SUMPRODUCT(('Master Leads'!$D:$D=$A27) * (ISNUMBER(SEARCH("10", 'Master Leads'!$G:$G))) * ('Master Leads'!$E:$E>=IF(ISBLANK($B$5),0,$B$5)) * ('Master Leads'!$E:$E<=IF(ISBLANK($D$5),99999,$D$5)))) | G27: =IF($A27="","",SUMPRODUCT(('Master Leads'!$D:$D=$A27) * (ISNUMBER(SEARCH("11", 'Master Leads'!$G:$G))) * ('Master Leads'!$E:$E>=IF(ISBLANK($B$5),0,$B$5)) * ('Master Leads'!$E:$E<=IF(ISBLANK($D$5),99999,$D$5)))) | H27: =IF($A27="","",COUNTIFS('Master Leads'!$D:$D,$A27,'Master Leads'!$E:$E,">="&IF(ISBLANK($B$5),0,$B$5),'Master Leads'!$E:$E,"<="&IF(ISBLANK($D$5),99999,$D$5))) | I27: =IF(OR($A27="",$H$29=0),"",H27/$H$29)
A28: =IF(INDEX(Members!$A:$A,21)="","",INDEX(Members!$A:$A,21)) | B28: =IF($A28="","",SUMPRODUCT(('Master Leads'!$D:$D=$A28) * (ISNUMBER(SEARCH("6", 'Master Leads'!$G:$G))) * ('Master Leads'!$E:$E>=IF(ISBLANK($B$5),0,$B$5)) * ('Master Leads'!$E:$E<=IF(ISBLANK($D$5),99999,$D$5)))) | C28: =IF($A28="","",SUMPRODUCT(('Master Leads'!$D:$D=$A28) * (ISNUMBER(SEARCH("7", 'Master Leads'!$G:$G))) * ('Master Leads'!$E:$E>=IF(ISBLANK($B$5),0,$B$5)) * ('Master Leads'!$E:$E<=IF(ISBLANK($D$5),99999,$D$5)))) | D28: =IF($A28="","",SUMPRODUCT(('Master Leads'!$D:$D=$A28) * (ISNUMBER(SEARCH("8", 'Master Leads'!$G:$G))) * ('Master Leads'!$E:$E>=IF(ISBLANK($B$5),0,$B$5)) * ('Master Leads'!$E:$E<=IF(ISBLANK($D$5),99999,$D$5)))) | E28: =IF($A28="","",SUMPRODUCT(('Master Leads'!$D:$D=$A28) * (ISNUMBER(SEARCH("9", 'Master Leads'!$G:$G))) * ('Master Leads'!$E:$E>=IF(ISBLANK($B$5),0,$B$5)) * ('Master Leads'!$E:$E<=IF(ISBLANK($D$5),99999,$D$5)))) | F28: =IF($A28="","",SUMPRODUCT(('Master Leads'!$D:$D=$A28) * (ISNUMBER(SEARCH("10", 'Master Leads'!$G:$G))) * ('Master Leads'!$E:$E>=IF(ISBLANK($B$5),0,$B$5)) * ('Master Leads'!$E:$E<=IF(ISBLANK($D$5),99999,$D$5)))) | G28: =IF($A28="","",SUMPRODUCT(('Master Leads'!$D:$D=$A28) * (ISNUMBER(SEARCH("11", 'Master Leads'!$G:$G))) * ('Master Leads'!$E:$E>=IF(ISBLANK($B$5),0,$B$5)) * ('Master Leads'!$E:$E<=IF(ISBLANK($D$5),99999,$D$5)))) | H28: =IF($A28="","",COUNTIFS('Master Leads'!$D:$D,$A28,'Master Leads'!$E:$E,">="&IF(ISBLANK($B$5),0,$B$5),'Master Leads'!$E:$E,"<="&IF(ISBLANK($D$5),99999,$D$5))) | I28: =IF(OR($A28="",$H$29=0),"",H28/$H$29)
A29: TOTAL | B29: =SUMPRODUCT((ISNUMBER(SEARCH("6", 'Master Leads'!$G:$G))) * ('Master Leads'!$E:$E>=IF(ISBLANK($B$5),0,$B$5)) * ('Master Leads'!$E:$E<=IF(ISBLANK($D$5),99999,$D$5))) | C29: =SUMPRODUCT((ISNUMBER(SEARCH("7", 'Master Leads'!$G:$G))) * ('Master Leads'!$E:$E>=IF(ISBLANK($B$5),0,$B$5)) * ('Master Leads'!$E:$E<=IF(ISBLANK($D$5),99999,$D$5))) | D29: =SUMPRODUCT((ISNUMBER(SEARCH("8", 'Master Leads'!$G:$G))) * ('Master Leads'!$E:$E>=IF(ISBLANK($B$5),0,$B$5)) * ('Master Leads'!$E:$E<=IF(ISBLANK($D$5),99999,$D$5))) | E29: =SUMPRODUCT((ISNUMBER(SEARCH("9", 'Master Leads'!$G:$G))) * ('Master Leads'!$E:$E>=IF(ISBLANK($B$5),0,$B$5)) * ('Master Leads'!$E:$E<=IF(ISBLANK($D$5),99999,$D$5))) | F29: =SUMPRODUCT((ISNUMBER(SEARCH("10", 'Master Leads'!$G:$G))) * ('Master Leads'!$E:$E>=IF(ISBLANK($B$5),0,$B$5)) * ('Master Leads'!$E:$E<=IF(ISBLANK($D$5),99999,$D$5))) | G29: =SUMPRODUCT((ISNUMBER(SEARCH("11", 'Master Leads'!$G:$G))) * ('Master Leads'!$E:$E>=IF(ISBLANK($B$5),0,$B$5)) * ('Master Leads'!$E:$E<=IF(ISBLANK($D$5),99999,$D$5))) | H29: =COUNTIFS('Master Leads'!$D:$D,"<>",'Master Leads'!$E:$E,">="&IF(ISBLANK($B$5),0,$B$5),'Master Leads'!$E:$E,"<="&IF(ISBLANK($D$5),99999,$D$5)) | I29: 1
A32: TABLE 2: PAID LEADS BY MEMBER & GRADE
A33: Assigned Member | B33: Grade 6 | C33: Grade 7 | D33: Grade 8 | E33: Grade 9 | F33: Grade 10 | G33: Grade 11 | H33: Total Paid | I33: Paid Share % | J33: Conversion %
A34: =IF(INDEX(Members!$A:$A,2)="","",INDEX(Members!$A:$A,2)) | B34: =IF($A34="","",SUMPRODUCT(('Master Leads'!$D:$D=$A34) * (ISNUMBER(SEARCH("6", 'Master Leads'!$P:$P))) * ('Master Leads'!$O:$O="Yes") * ('Master Leads'!$E:$E>=IF(ISBLANK($B$5),0,$B$5)) * ('Master Leads'!$E:$E<=IF(ISBLANK($D$5),99999,$D$5)))) | C34: =IF($A34="","",SUMPRODUCT(('Master Leads'!$D:$D=$A34) * (ISNUMBER(SEARCH("7", 'Master Leads'!$P:$P))) * ('Master Leads'!$O:$O="Yes") * ('Master Leads'!$E:$E>=IF(ISBLANK($B$5),0,$B$5)) * ('Master Leads'!$E:$E<=IF(ISBLANK($D$5),99999,$D$5)))) | D34: =IF($A34="","",SUMPRODUCT(('Master Leads'!$D:$D=$A34) * (ISNUMBER(SEARCH("8", 'Master Leads'!$P:$P))) * ('Master Leads'!$O:$O="Yes") * ('Master Leads'!$E:$E>=IF(ISBLANK($B$5),0,$B$5)) * ('Master Leads'!$E:$E<=IF(ISBLANK($D$5),99999,$D$5)))) | E34: =IF($A34="","",SUMPRODUCT(('Master Leads'!$D:$D=$A34) * (ISNUMBER(SEARCH("9", 'Master Leads'!$P:$P))) * ('Master Leads'!$O:$O="Yes") * ('Master Leads'!$E:$E>=IF(ISBLANK($B$5),0,$B$5)) * ('Master Leads'!$E:$E<=IF(ISBLANK($D$5),99999,$D$5)))) | F34: =IF($A34="","",SUMPRODUCT(('Master Leads'!$D:$D=$A34) * (ISNUMBER(SEARCH("10", 'Master Leads'!$P:$P))) * ('Master Leads'!$O:$O="Yes") * ('Master Leads'!$E:$E>=IF(ISBLANK($B$5),0,$B$5)) * ('Master Leads'!$E:$E<=IF(ISBLANK($D$5),99999,$D$5)))) | G34: =IF($A34="","",SUMPRODUCT(('Master Leads'!$D:$D=$A34) * (ISNUMBER(SEARCH("11", 'Master Leads'!$P:$P))) * ('Master Leads'!$O:$O="Yes") * ('Master Leads'!$E:$E>=IF(ISBLANK($B$5),0,$B$5)) * ('Master Leads'!$E:$E<=IF(ISBLANK($D$5),99999,$D$5)))) | H34: =IF($A34="","",SUM(B34:G34)) | I34: =IF(OR($A34="",$H$54=0),"",H34/$H$54) | J34: =IF(OR($A34="",H9=0),"",H34/H9)
A35: =IF(INDEX(Members!$A:$A,3)="","",INDEX(Members!$A:$A,3)) | B35: =IF($A35="","",SUMPRODUCT(('Master Leads'!$D:$D=$A35) * (ISNUMBER(SEARCH("6", 'Master Leads'!$P:$P))) * ('Master Leads'!$O:$O="Yes") * ('Master Leads'!$E:$E>=IF(ISBLANK($B$5),0,$B$5)) * ('Master Leads'!$E:$E<=IF(ISBLANK($D$5),99999,$D$5)))) | C35: =IF($A35="","",SUMPRODUCT(('Master Leads'!$D:$D=$A35) * (ISNUMBER(SEARCH("7", 'Master Leads'!$P:$P))) * ('Master Leads'!$O:$O="Yes") * ('Master Leads'!$E:$E>=IF(ISBLANK($B$5),0,$B$5)) * ('Master Leads'!$E:$E<=IF(ISBLANK($D$5),99999,$D$5)))) | D35: =IF($A35="","",SUMPRODUCT(('Master Leads'!$D:$D=$A35) * (ISNUMBER(SEARCH("8", 'Master Leads'!$P:$P))) * ('Master Leads'!$O:$O="Yes") * ('Master Leads'!$E:$E>=IF(ISBLANK($B$5),0,$B$5)) * ('Master Leads'!$E:$E<=IF(ISBLANK($D$5),99999,$D$5)))) | E35: =IF($A35="","",SUMPRODUCT(('Master Leads'!$D:$D=$A35) * (ISNUMBER(SEARCH("9", 'Master Leads'!$P:$P))) * ('Master Leads'!$O:$O="Yes") * ('Master Leads'!$E:$E>=IF(ISBLANK($B$5),0,$B$5)) * ('Master Leads'!$E:$E<=IF(ISBLANK($D$5),99999,$D$5)))) | F35: =IF($A35="","",SUMPRODUCT(('Master Leads'!$D:$D=$A35) * (ISNUMBER(SEARCH("10", 'Master Leads'!$P:$P))) * ('Master Leads'!$O:$O="Yes") * ('Master Leads'!$E:$E>=IF(ISBLANK($B$5),0,$B$5)) * ('Master Leads'!$E:$E<=IF(ISBLANK($D$5),99999,$D$5)))) | G35: =IF($A35="","",SUMPRODUCT(('Master Leads'!$D:$D=$A35) * (ISNUMBER(SEARCH("11", 'Master Leads'!$P:$P))) * ('Master Leads'!$O:$O="Yes") * ('Master Leads'!$E:$E>=IF(ISBLANK($B$5),0,$B$5)) * ('Master Leads'!$E:$E<=IF(ISBLANK($D$5),99999,$D$5)))) | H35: =IF($A35="","",SUM(B35:G35)) | I35: =IF(OR($A35="",$H$54=0),"",H35/$H$54) | J35: =IF(OR($A35="",H10=0),"",H35/H10)
A36: =IF(INDEX(Members!$A:$A,4)="","",INDEX(Members!$A:$A,4)) | B36: =IF($A36="","",SUMPRODUCT(('Master Leads'!$D:$D=$A36) * (ISNUMBER(SEARCH("6", 'Master Leads'!$P:$P))) * ('Master Leads'!$O:$O="Yes") * ('Master Leads'!$E:$E>=IF(ISBLANK($B$5),0,$B$5)) * ('Master Leads'!$E:$E<=IF(ISBLANK($D$5),99999,$D$5)))) | C36: =IF($A36="","",SUMPRODUCT(('Master Leads'!$D:$D=$A36) * (ISNUMBER(SEARCH("7", 'Master Leads'!$P:$P))) * ('Master Leads'!$O:$O="Yes") * ('Master Leads'!$E:$E>=IF(ISBLANK($B$5),0,$B$5)) * ('Master Leads'!$E:$E<=IF(ISBLANK($D$5),99999,$D$5)))) | D36: =IF($A36="","",SUMPRODUCT(('Master Leads'!$D:$D=$A36) * (ISNUMBER(SEARCH("8", 'Master Leads'!$P:$P))) * ('Master Leads'!$O:$O="Yes") * ('Master Leads'!$E:$E>=IF(ISBLANK($B$5),0,$B$5)) * ('Master Leads'!$E:$E<=IF(ISBLANK($D$5),99999,$D$5)))) | E36: =IF($A36="","",SUMPRODUCT(('Master Leads'!$D:$D=$A36) * (ISNUMBER(SEARCH("9", 'Master Leads'!$P:$P))) * ('Master Leads'!$O:$O="Yes") * ('Master Leads'!$E:$E>=IF(ISBLANK($B$5),0,$B$5)) * ('Master Leads'!$E:$E<=IF(ISBLANK($D$5),99999,$D$5)))) | F36: =IF($A36="","",SUMPRODUCT(('Master Leads'!$D:$D=$A36) * (ISNUMBER(SEARCH("10", 'Master Leads'!$P:$P))) * ('Master Leads'!$O:$O="Yes") * ('Master Leads'!$E:$E>=IF(ISBLANK($B$5),0,$B$5)) * ('Master Leads'!$E:$E<=IF(ISBLANK($D$5),99999,$D$5)))) | G36: =IF($A36="","",SUMPRODUCT(('Master Leads'!$D:$D=$A36) * (ISNUMBER(SEARCH("11", 'Master Leads'!$P:$P))) * ('Master Leads'!$O:$O="Yes") * ('Master Leads'!$E:$E>=IF(ISBLANK($B$5),0,$B$5)) * ('Master Leads'!$E:$E<=IF(ISBLANK($D$5),99999,$D$5)))) | H36: =IF($A36="","",SUM(B36:G36)) | I36: =IF(OR($A36="",$H$54=0),"",H36/$H$54) | J36: =IF(OR($A36="",H11=0),"",H36/H11)
A37: =IF(INDEX(Members!$A:$A,5)="","",INDEX(Members!$A:$A,5)) | B37: =IF($A37="","",SUMPRODUCT(('Master Leads'!$D:$D=$A37) * (ISNUMBER(SEARCH("6", 'Master Leads'!$P:$P))) * ('Master Leads'!$O:$O="Yes") * ('Master Leads'!$E:$E>=IF(ISBLANK($B$5),0,$B$5)) * ('Master Leads'!$E:$E<=IF(ISBLANK($D$5),99999,$D$5)))) | C37: =IF($A37="","",SUMPRODUCT(('Master Leads'!$D:$D=$A37) * (ISNUMBER(SEARCH("7", 'Master Leads'!$P:$P))) * ('Master Leads'!$O:$O="Yes") * ('Master Leads'!$E:$E>=IF(ISBLANK($B$5),0,$B$5)) * ('Master Leads'!$E:$E<=IF(ISBLANK($D$5),99999,$D$5)))) | D37: =IF($A37="","",SUMPRODUCT(('Master Leads'!$D:$D=$A37) * (ISNUMBER(SEARCH("8", 'Master Leads'!$P:$P))) * ('Master Leads'!$O:$O="Yes") * ('Master Leads'!$E:$E>=IF(ISBLANK($B$5),0,$B$5)) * ('Master Leads'!$E:$E<=IF(ISBLANK($D$5),99999,$D$5)))) | E37: =IF($A37="","",SUMPRODUCT(('Master Leads'!$D:$D=$A37) * (ISNUMBER(SEARCH("9", 'Master Leads'!$P:$P))) * ('Master Leads'!$O:$O="Yes") * ('Master Leads'!$E:$E>=IF(ISBLANK($B$5),0,$B$5)) * ('Master Leads'!$E:$E<=IF(ISBLANK($D$5),99999,$D$5)))) | F37: =IF($A37="","",SUMPRODUCT(('Master Leads'!$D:$D=$A37) * (ISNUMBER(SEARCH("10", 'Master Leads'!$P:$P))) * ('Master Leads'!$O:$O="Yes") * ('Master Leads'!$E:$E>=IF(ISBLANK($B$5),0,$B$5)) * ('Master Leads'!$E:$E<=IF(ISBLANK($D$5),99999,$D$5)))) | G37: =IF($A37="","",SUMPRODUCT(('Master Leads'!$D:$D=$A37) * (ISNUMBER(SEARCH("11", 'Master Leads'!$P:$P))) * ('Master Leads'!$O:$O="Yes") * ('Master Leads'!$E:$E>=IF(ISBLANK($B$5),0,$B$5)) * ('Master Leads'!$E:$E<=IF(ISBLANK($D$5),99999,$D$5)))) | H37: =IF($A37="","",SUM(B37:G37)) | I37: =IF(OR($A37="",$H$54=0),"",H37/$H$54) | J37: =IF(OR($A37="",H12=0),"",H37/H12)
A38: =IF(INDEX(Members!$A:$A,6)="","",INDEX(Members!$A:$A,6)) | B38: =IF($A38="","",SUMPRODUCT(('Master Leads'!$D:$D=$A38) * (ISNUMBER(SEARCH("6", 'Master Leads'!$P:$P))) * ('Master Leads'!$O:$O="Yes") * ('Master Leads'!$E:$E>=IF(ISBLANK($B$5),0,$B$5)) * ('Master Leads'!$E:$E<=IF(ISBLANK($D$5),99999,$D$5)))) | C38: =IF($A38="","",SUMPRODUCT(('Master Leads'!$D:$D=$A38) * (ISNUMBER(SEARCH("7", 'Master Leads'!$P:$P))) * ('Master Leads'!$O:$O="Yes") * ('Master Leads'!$E:$E>=IF(ISBLANK($B$5),0,$B$5)) * ('Master Leads'!$E:$E<=IF(ISBLANK($D$5),99999,$D$5)))) | D38: =IF($A38="","",SUMPRODUCT(('Master Leads'!$D:$D=$A38) * (ISNUMBER(SEARCH("8", 'Master Leads'!$P:$P))) * ('Master Leads'!$O:$O="Yes") * ('Master Leads'!$E:$E>=IF(ISBLANK($B$5),0,$B$5)) * ('Master Leads'!$E:$E<=IF(ISBLANK($D$5),99999,$D$5)))) | E38: =IF($A38="","",SUMPRODUCT(('Master Leads'!$D:$D=$A38) * (ISNUMBER(SEARCH("9", 'Master Leads'!$P:$P))) * ('Master Leads'!$O:$O="Yes") * ('Master Leads'!$E:$E>=IF(ISBLANK($B$5),0,$B$5)) * ('Master Leads'!$E:$E<=IF(ISBLANK($D$5),99999,$D$5)))) | F38: =IF($A38="","",SUMPRODUCT(('Master Leads'!$D:$D=$A38) * (ISNUMBER(SEARCH("10", 'Master Leads'!$P:$P))) * ('Master Leads'!$O:$O="Yes") * ('Master Leads'!$E:$E>=IF(ISBLANK($B$5),0,$B$5)) * ('Master Leads'!$E:$E<=IF(ISBLANK($D$5),99999,$D$5)))) | G38: =IF($A38="","",SUMPRODUCT(('Master Leads'!$D:$D=$A38) * (ISNUMBER(SEARCH("11", 'Master Leads'!$P:$P))) * ('Master Leads'!$O:$O="Yes") * ('Master Leads'!$E:$E>=IF(ISBLANK($B$5),0,$B$5)) * ('Master Leads'!$E:$E<=IF(ISBLANK($D$5),99999,$D$5)))) | H38: =IF($A38="","",SUM(B38:G38)) | I38: =IF(OR($A38="",$H$54=0),"",H38/$H$54) | J38: =IF(OR($A38="",H13=0),"",H38/H13)
A39: =IF(INDEX(Members!$A:$A,7)="","",INDEX(Members!$A:$A,7)) | B39: =IF($A39="","",SUMPRODUCT(('Master Leads'!$D:$D=$A39) * (ISNUMBER(SEARCH("6", 'Master Leads'!$P:$P))) * ('Master Leads'!$O:$O="Yes") * ('Master Leads'!$E:$E>=IF(ISBLANK($B$5),0,$B$5)) * ('Master Leads'!$E:$E<=IF(ISBLANK($D$5),99999,$D$5)))) | C39: =IF($A39="","",SUMPRODUCT(('Master Leads'!$D:$D=$A39) * (ISNUMBER(SEARCH("7", 'Master Leads'!$P:$P))) * ('Master Leads'!$O:$O="Yes") * ('Master Leads'!$E:$E>=IF(ISBLANK($B$5),0,$B$5)) * ('Master Leads'!$E:$E<=IF(ISBLANK($D$5),99999,$D$5)))) | D39: =IF($A39="","",SUMPRODUCT(('Master Leads'!$D:$D=$A39) * (ISNUMBER(SEARCH("8", 'Master Leads'!$P:$P))) * ('Master Leads'!$O:$O="Yes") * ('Master Leads'!$E:$E>=IF(ISBLANK($B$5),0,$B$5)) * ('Master Leads'!$E:$E<=IF(ISBLANK($D$5),99999,$D$5)))) | E39: =IF($A39="","",SUMPRODUCT(('Master Leads'!$D:$D=$A39) * (ISNUMBER(SEARCH("9", 'Master Leads'!$P:$P))) * ('Master Leads'!$O:$O="Yes") * ('Master Leads'!$E:$E>=IF(ISBLANK($B$5),0,$B$5)) * ('Master Leads'!$E:$E<=IF(ISBLANK($D$5),99999,$D$5)))) | F39: =IF($A39="","",SUMPRODUCT(('Master Leads'!$D:$D=$A39) * (ISNUMBER(SEARCH("10", 'Master Leads'!$P:$P))) * ('Master Leads'!$O:$O="Yes") * ('Master Leads'!$E:$E>=IF(ISBLANK($B$5),0,$B$5)) * ('Master Leads'!$E:$E<=IF(ISBLANK($D$5),99999,$D$5)))) | G39: =IF($A39="","",SUMPRODUCT(('Master Leads'!$D:$D=$A39) * (ISNUMBER(SEARCH("11", 'Master Leads'!$P:$P))) * ('Master Leads'!$O:$O="Yes") * ('Master Leads'!$E:$E>=IF(ISBLANK($B$5),0,$B$5)) * ('Master Leads'!$E:$E<=IF(ISBLANK($D$5),99999,$D$5)))) | H39: =IF($A39="","",SUM(B39:G39)) | I39: =IF(OR($A39="",$H$54=0),"",H39/$H$54) | J39: =IF(OR($A39="",H14=0),"",H39/H14)
A40: =IF(INDEX(Members!$A:$A,8)="","",INDEX(Members!$A:$A,8)) | B40: =IF($A40="","",SUMPRODUCT(('Master Leads'!$D:$D=$A40) * (ISNUMBER(SEARCH("6", 'Master Leads'!$P:$P))) * ('Master Leads'!$O:$O="Yes") * ('Master Leads'!$E:$E>=IF(ISBLANK($B$5),0,$B$5)) * ('Master Leads'!$E:$E<=IF(ISBLANK($D$5),99999,$D$5)))) | C40: =IF($A40="","",SUMPRODUCT(('Master Leads'!$D:$D=$A40) * (ISNUMBER(SEARCH("7", 'Master Leads'!$P:$P))) * ('Master Leads'!$O:$O="Yes") * ('Master Leads'!$E:$E>=IF(ISBLANK($B$5),0,$B$5)) * ('Master Leads'!$E:$E<=IF(ISBLANK($D$5),99999,$D$5)))) | D40: =IF($A40="","",SUMPRODUCT(('Master Leads'!$D:$D=$A40) * (ISNUMBER(SEARCH("8", 'Master Leads'!$P:$P))) * ('Master Leads'!$O:$O="Yes") * ('Master Leads'!$E:$E>=IF(ISBLANK($B$5),0,$B$5)) * ('Master Leads'!$E:$E<=IF(ISBLANK($D$5),99999,$D$5)))) | E40: =IF($A40="","",SUMPRODUCT(('Master Leads'!$D:$D=$A40) * (ISNUMBER(SEARCH("9", 'Master Leads'!$P:$P))) * ('Master Leads'!$O:$O="Yes") * ('Master Leads'!$E:$E>=IF(ISBLANK($B$5),0,$B$5)) * ('Master Leads'!$E:$E<=IF(ISBLANK($D$5),99999,$D$5)))) | F40: =IF($A40="","",SUMPRODUCT(('Master Leads'!$D:$D=$A40) * (ISNUMBER(SEARCH("10", 'Master Leads'!$P:$P))) * ('Master Leads'!$O:$O="Yes") * ('Master Leads'!$E:$E>=IF(ISBLANK($B$5),0,$B$5)) * ('Master Leads'!$E:$E<=IF(ISBLANK($D$5),99999,$D$5)))) | G40: =IF($A40="","",SUMPRODUCT(('Master Leads'!$D:$D=$A40) * (ISNUMBER(SEARCH("11", 'Master Leads'!$P:$P))) * ('Master Leads'!$O:$O="Yes") * ('Master Leads'!$E:$E>=IF(ISBLANK($B$5),0,$B$5)) * ('Master Leads'!$E:$E<=IF(ISBLANK($D$5),99999,$D$5)))) | H40: =IF($A40="","",SUM(B40:G40)) | I40: =IF(OR($A40="",$H$54=0),"",H40/$H$54) | J40: =IF(OR($A40="",H15=0),"",H40/H15)
A41: =IF(INDEX(Members!$A:$A,9)="","",INDEX(Members!$A:$A,9)) | B41: =IF($A41="","",SUMPRODUCT(('Master Leads'!$D:$D=$A41) * (ISNUMBER(SEARCH("6", 'Master Leads'!$P:$P))) * ('Master Leads'!$O:$O="Yes") * ('Master Leads'!$E:$E>=IF(ISBLANK($B$5),0,$B$5)) * ('Master Leads'!$E:$E<=IF(ISBLANK($D$5),99999,$D$5)))) | C41: =IF($A41="","",SUMPRODUCT(('Master Leads'!$D:$D=$A41) * (ISNUMBER(SEARCH("7", 'Master Leads'!$P:$P))) * ('Master Leads'!$O:$O="Yes") * ('Master Leads'!$E:$E>=IF(ISBLANK($B$5),0,$B$5)) * ('Master Leads'!$E:$E<=IF(ISBLANK($D$5),99999,$D$5)))) | D41: =IF($A41="","",SUMPRODUCT(('Master Leads'!$D:$D=$A41) * (ISNUMBER(SEARCH("8", 'Master Leads'!$P:$P))) * ('Master Leads'!$O:$O="Yes") * ('Master Leads'!$E:$E>=IF(ISBLANK($B$5),0,$B$5)) * ('Master Leads'!$E:$E<=IF(ISBLANK($D$5),99999,$D$5)))) | E41: =IF($A41="","",SUMPRODUCT(('Master Leads'!$D:$D=$A41) * (ISNUMBER(SEARCH("9", 'Master Leads'!$P:$P))) * ('Master Leads'!$O:$O="Yes") * ('Master Leads'!$E:$E>=IF(ISBLANK($B$5),0,$B$5)) * ('Master Leads'!$E:$E<=IF(ISBLANK($D$5),99999,$D$5)))) | F41: =IF($A41="","",SUMPRODUCT(('Master Leads'!$D:$D=$A41) * (ISNUMBER(SEARCH("10", 'Master Leads'!$P:$P))) * ('Master Leads'!$O:$O="Yes") * ('Master Leads'!$E:$E>=IF(ISBLANK($B$5),0,$B$5)) * ('Master Leads'!$E:$E<=IF(ISBLANK($D$5),99999,$D$5)))) | G41: =IF($A41="","",SUMPRODUCT(('Master Leads'!$D:$D=$A41) * (ISNUMBER(SEARCH("11", 'Master Leads'!$P:$P))) * ('Master Leads'!$O:$O="Yes") * ('Master Leads'!$E:$E>=IF(ISBLANK($B$5),0,$B$5)) * ('Master Leads'!$E:$E<=IF(ISBLANK($D$5),99999,$D$5)))) | H41: =IF($A41="","",SUM(B41:G41)) | I41: =IF(OR($A41="",$H$54=0),"",H41/$H$54) | J41: =IF(OR($A41="",H16=0),"",H41/H16)
A42: =IF(INDEX(Members!$A:$A,10)="","",INDEX(Members!$A:$A,10)) | B42: =IF($A42="","",SUMPRODUCT(('Master Leads'!$D:$D=$A42) * (ISNUMBER(SEARCH("6", 'Master Leads'!$P:$P))) * ('Master Leads'!$O:$O="Yes") * ('Master Leads'!$E:$E>=IF(ISBLANK($B$5),0,$B$5)) * ('Master Leads'!$E:$E<=IF(ISBLANK($D$5),99999,$D$5)))) | C42: =IF($A42="","",SUMPRODUCT(('Master Leads'!$D:$D=$A42) * (ISNUMBER(SEARCH("7", 'Master Leads'!$P:$P))) * ('Master Leads'!$O:$O="Yes") * ('Master Leads'!$E:$E>=IF(ISBLANK($B$5),0,$B$5)) * ('Master Leads'!$E:$E<=IF(ISBLANK($D$5),99999,$D$5)))) | D42: =IF($A42="","",SUMPRODUCT(('Master Leads'!$D:$D=$A42) * (ISNUMBER(SEARCH("8", 'Master Leads'!$P:$P))) * ('Master Leads'!$O:$O="Yes") * ('Master Leads'!$E:$E>=IF(ISBLANK($B$5),0,$B$5)) * ('Master Leads'!$E:$E<=IF(ISBLANK($D$5),99999,$D$5)))) | E42: =IF($A42="","",SUMPRODUCT(('Master Leads'!$D:$D=$A42) * (ISNUMBER(SEARCH("9", 'Master Leads'!$P:$P))) * ('Master Leads'!$O:$O="Yes") * ('Master Leads'!$E:$E>=IF(ISBLANK($B$5),0,$B$5)) * ('Master Leads'!$E:$E<=IF(ISBLANK($D$5),99999,$D$5)))) | F42: =IF($A42="","",SUMPRODUCT(('Master Leads'!$D:$D=$A42) * (ISNUMBER(SEARCH("10", 'Master Leads'!$P:$P))) * ('Master Leads'!$O:$O="Yes") * ('Master Leads'!$E:$E>=IF(ISBLANK($B$5),0,$B$5)) * ('Master Leads'!$E:$E<=IF(ISBLANK($D$5),99999,$D$5)))) | G42: =IF($A42="","",SUMPRODUCT(('Master Leads'!$D:$D=$A42) * (ISNUMBER(SEARCH("11", 'Master Leads'!$P:$P))) * ('Master Leads'!$O:$O="Yes") * ('Master Leads'!$E:$E>=IF(ISBLANK($B$5),0,$B$5)) * ('Master Leads'!$E:$E<=IF(ISBLANK($D$5),99999,$D$5)))) | H42: =IF($A42="","",SUM(B42:G42)) | I42: =IF(OR($A42="",$H$54=0),"",H42/$H$54) | J42: =IF(OR($A42="",H17=0),"",H42/H17)
A43: =IF(INDEX(Members!$A:$A,11)="","",INDEX(Members!$A:$A,11)) | B43: =IF($A43="","",SUMPRODUCT(('Master Leads'!$D:$D=$A43) * (ISNUMBER(SEARCH("6", 'Master Leads'!$P:$P))) * ('Master Leads'!$O:$O="Yes") * ('Master Leads'!$E:$E>=IF(ISBLANK($B$5),0,$B$5)) * ('Master Leads'!$E:$E<=IF(ISBLANK($D$5),99999,$D$5)))) | C43: =IF($A43="","",SUMPRODUCT(('Master Leads'!$D:$D=$A43) * (ISNUMBER(SEARCH("7", 'Master Leads'!$P:$P))) * ('Master Leads'!$O:$O="Yes") * ('Master Leads'!$E:$E>=IF(ISBLANK($B$5),0,$B$5)) * ('Master Leads'!$E:$E<=IF(ISBLANK($D$5),99999,$D$5)))) | D43: =IF($A43="","",SUMPRODUCT(('Master Leads'!$D:$D=$A43) * (ISNUMBER(SEARCH("8", 'Master Leads'!$P:$P))) * ('Master Leads'!$O:$O="Yes") * ('Master Leads'!$E:$E>=IF(ISBLANK($B$5),0,$B$5)) * ('Master Leads'!$E:$E<=IF(ISBLANK($D$5),99999,$D$5)))) | E43: =IF($A43="","",SUMPRODUCT(('Master Leads'!$D:$D=$A43) * (ISNUMBER(SEARCH("9", 'Master Leads'!$P:$P))) * ('Master Leads'!$O:$O="Yes") * ('Master Leads'!$E:$E>=IF(ISBLANK($B$5),0,$B$5)) * ('Master Leads'!$E:$E<=IF(ISBLANK($D$5),99999,$D$5)))) | F43: =IF($A43="","",SUMPRODUCT(('Master Leads'!$D:$D=$A43) * (ISNUMBER(SEARCH("10", 'Master Leads'!$P:$P))) * ('Master Leads'!$O:$O="Yes") * ('Master Leads'!$E:$E>=IF(ISBLANK($B$5),0,$B$5)) * ('Master Leads'!$E:$E<=IF(ISBLANK($D$5),99999,$D$5)))) | G43: =IF($A43="","",SUMPRODUCT(('Master Leads'!$D:$D=$A43) * (ISNUMBER(SEARCH("11", 'Master Leads'!$P:$P))) * ('Master Leads'!$O:$O="Yes") * ('Master Leads'!$E:$E>=IF(ISBLANK($B$5),0,$B$5)) * ('Master Leads'!$E:$E<=IF(ISBLANK($D$5),99999,$D$5)))) | H43: =IF($A43="","",SUM(B43:G43)) | I43: =IF(OR($A43="",$H$54=0),"",H43/$H$54) | J43: =IF(OR($A43="",H18=0),"",H43/H18)
A44: =IF(INDEX(Members!$A:$A,12)="","",INDEX(Members!$A:$A,12)) | B44: =IF($A44="","",SUMPRODUCT(('Master Leads'!$D:$D=$A44) * (ISNUMBER(SEARCH("6", 'Master Leads'!$P:$P))) * ('Master Leads'!$O:$O="Yes") * ('Master Leads'!$E:$E>=IF(ISBLANK($B$5),0,$B$5)) * ('Master Leads'!$E:$E<=IF(ISBLANK($D$5),99999,$D$5)))) | C44: =IF($A44="","",SUMPRODUCT(('Master Leads'!$D:$D=$A44) * (ISNUMBER(SEARCH("7", 'Master Leads'!$P:$P))) * ('Master Leads'!$O:$O="Yes") * ('Master Leads'!$E:$E>=IF(ISBLANK($B$5),0,$B$5)) * ('Master Leads'!$E:$E<=IF(ISBLANK($D$5),99999,$D$5)))) | D44: =IF($A44="","",SUMPRODUCT(('Master Leads'!$D:$D=$A44) * (ISNUMBER(SEARCH("8", 'Master Leads'!$P:$P))) * ('Master Leads'!$O:$O="Yes") * ('Master Leads'!$E:$E>=IF(ISBLANK($B$5),0,$B$5)) * ('Master Leads'!$E:$E<=IF(ISBLANK($D$5),99999,$D$5)))) | E44: =IF($A44="","",SUMPRODUCT(('Master Leads'!$D:$D=$A44) * (ISNUMBER(SEARCH("9", 'Master Leads'!$P:$P))) * ('Master Leads'!$O:$O="Yes") * ('Master Leads'!$E:$E>=IF(ISBLANK($B$5),0,$B$5)) * ('Master Leads'!$E:$E<=IF(ISBLANK($D$5),99999,$D$5)))) | F44: =IF($A44="","",SUMPRODUCT(('Master Leads'!$D:$D=$A44) * (ISNUMBER(SEARCH("10", 'Master Leads'!$P:$P))) * ('Master Leads'!$O:$O="Yes") * ('Master Leads'!$E:$E>=IF(ISBLANK($B$5),0,$B$5)) * ('Master Leads'!$E:$E<=IF(ISBLANK($D$5),99999,$D$5)))) | G44: =IF($A44="","",SUMPRODUCT(('Master Leads'!$D:$D=$A44) * (ISNUMBER(SEARCH("11", 'Master Leads'!$P:$P))) * ('Master Leads'!$O:$O="Yes") * ('Master Leads'!$E:$E>=IF(ISBLANK($B$5),0,$B$5)) * ('Master Leads'!$E:$E<=IF(ISBLANK($D$5),99999,$D$5)))) | H44: =IF($A44="","",SUM(B44:G44)) | I44: =IF(OR($A44="",$H$54=0),"",H44/$H$54) | J44: =IF(OR($A44="",H19=0),"",H44/H19)
A45: =IF(INDEX(Members!$A:$A,13)="","",INDEX(Members!$A:$A,13)) | B45: =IF($A45="","",SUMPRODUCT(('Master Leads'!$D:$D=$A45) * (ISNUMBER(SEARCH("6", 'Master Leads'!$P:$P))) * ('Master Leads'!$O:$O="Yes") * ('Master Leads'!$E:$E>=IF(ISBLANK($B$5),0,$B$5)) * ('Master Leads'!$E:$E<=IF(ISBLANK($D$5),99999,$D$5)))) | C45: =IF($A45="","",SUMPRODUCT(('Master Leads'!$D:$D=$A45) * (ISNUMBER(SEARCH("7", 'Master Leads'!$P:$P))) * ('Master Leads'!$O:$O="Yes") * ('Master Leads'!$E:$E>=IF(ISBLANK($B$5),0,$B$5)) * ('Master Leads'!$E:$E<=IF(ISBLANK($D$5),99999,$D$5)))) | D45: =IF($A45="","",SUMPRODUCT(('Master Leads'!$D:$D=$A45) * (ISNUMBER(SEARCH("8", 'Master Leads'!$P:$P))) * ('Master Leads'!$O:$O="Yes") * ('Master Leads'!$E:$E>=IF(ISBLANK($B$5),0,$B$5)) * ('Master Leads'!$E:$E<=IF(ISBLANK($D$5),99999,$D$5)))) | E45: =IF($A45="","",SUMPRODUCT(('Master Leads'!$D:$D=$A45) * (ISNUMBER(SEARCH("9", 'Master Leads'!$P:$P))) * ('Master Leads'!$O:$O="Yes") * ('Master Leads'!$E:$E>=IF(ISBLANK($B$5),0,$B$5)) * ('Master Leads'!$E:$E<=IF(ISBLANK($D$5),99999,$D$5)))) | F45: =IF($A45="","",SUMPRODUCT(('Master Leads'!$D:$D=$A45) * (ISNUMBER(SEARCH("10", 'Master Leads'!$P:$P))) * ('Master Leads'!$O:$O="Yes") * ('Master Leads'!$E:$E>=IF(ISBLANK($B$5),0,$B$5)) * ('Master Leads'!$E:$E<=IF(ISBLANK($D$5),99999,$D$5)))) | G45: =IF($A45="","",SUMPRODUCT(('Master Leads'!$D:$D=$A45) * (ISNUMBER(SEARCH("11", 'Master Leads'!$P:$P))) * ('Master Leads'!$O:$O="Yes") * ('Master Leads'!$E:$E>=IF(ISBLANK($B$5),0,$B$5)) * ('Master Leads'!$E:$E<=IF(ISBLANK($D$5),99999,$D$5)))) | H45: =IF($A45="","",SUM(B45:G45)) | I45: =IF(OR($A45="",$H$54=0),"",H45/$H$54) | J45: =IF(OR($A45="",H20=0),"",H45/H20)
A46: =IF(INDEX(Members!$A:$A,14)="","",INDEX(Members!$A:$A,14)) | B46: =IF($A46="","",SUMPRODUCT(('Master Leads'!$D:$D=$A46) * (ISNUMBER(SEARCH("6", 'Master Leads'!$P:$P))) * ('Master Leads'!$O:$O="Yes") * ('Master Leads'!$E:$E>=IF(ISBLANK($B$5),0,$B$5)) * ('Master Leads'!$E:$E<=IF(ISBLANK($D$5),99999,$D$5)))) | C46: =IF($A46="","",SUMPRODUCT(('Master Leads'!$D:$D=$A46) * (ISNUMBER(SEARCH("7", 'Master Leads'!$P:$P))) * ('Master Leads'!$O:$O="Yes") * ('Master Leads'!$E:$E>=IF(ISBLANK($B$5),0,$B$5)) * ('Master Leads'!$E:$E<=IF(ISBLANK($D$5),99999,$D$5)))) | D46: =IF($A46="","",SUMPRODUCT(('Master Leads'!$D:$D=$A46) * (ISNUMBER(SEARCH("8", 'Master Leads'!$P:$P))) * ('Master Leads'!$O:$O="Yes") * ('Master Leads'!$E:$E>=IF(ISBLANK($B$5),0,$B$5)) * ('Master Leads'!$E:$E<=IF(ISBLANK($D$5),99999,$D$5)))) | E46: =IF($A46="","",SUMPRODUCT(('Master Leads'!$D:$D=$A46) * (ISNUMBER(SEARCH("9", 'Master Leads'!$P:$P))) * ('Master Leads'!$O:$O="Yes") * ('Master Leads'!$E:$E>=IF(ISBLANK($B$5),0,$B$5)) * ('Master Leads'!$E:$E<=IF(ISBLANK($D$5),99999,$D$5)))) | F46: =IF($A46="","",SUMPRODUCT(('Master Leads'!$D:$D=$A46) * (ISNUMBER(SEARCH("10", 'Master Leads'!$P:$P))) * ('Master Leads'!$O:$O="Yes") * ('Master Leads'!$E:$E>=IF(ISBLANK($B$5),0,$B$5)) * ('Master Leads'!$E:$E<=IF(ISBLANK($D$5),99999,$D$5)))) | G46: =IF($A46="","",SUMPRODUCT(('Master Leads'!$D:$D=$A46) * (ISNUMBER(SEARCH("11", 'Master Leads'!$P:$P))) * ('Master Leads'!$O:$O="Yes") * ('Master Leads'!$E:$E>=IF(ISBLANK($B$5),0,$B$5)) * ('Master Leads'!$E:$E<=IF(ISBLANK($D$5),99999,$D$5)))) | H46: =IF($A46="","",SUM(B46:G46)) | I46: =IF(OR($A46="",$H$54=0),"",H46/$H$54) | J46: =IF(OR($A46="",H21=0),"",H46/H21)
A47: =IF(INDEX(Members!$A:$A,15)="","",INDEX(Members!$A:$A,15)) | B47: =IF($A47="","",SUMPRODUCT(('Master Leads'!$D:$D=$A47) * (ISNUMBER(SEARCH("6", 'Master Leads'!$P:$P))) * ('Master Leads'!$O:$O="Yes") * ('Master Leads'!$E:$E>=IF(ISBLANK($B$5),0,$B$5)) * ('Master Leads'!$E:$E<=IF(ISBLANK($D$5),99999,$D$5)))) | C47: =IF($A47="","",SUMPRODUCT(('Master Leads'!$D:$D=$A47) * (ISNUMBER(SEARCH("7", 'Master Leads'!$P:$P))) * ('Master Leads'!$O:$O="Yes") * ('Master Leads'!$E:$E>=IF(ISBLANK($B$5),0,$B$5)) * ('Master Leads'!$E:$E<=IF(ISBLANK($D$5),99999,$D$5)))) | D47: =IF($A47="","",SUMPRODUCT(('Master Leads'!$D:$D=$A47) * (ISNUMBER(SEARCH("8", 'Master Leads'!$P:$P))) * ('Master Leads'!$O:$O="Yes") * ('Master Leads'!$E:$E>=IF(ISBLANK($B$5),0,$B$5)) * ('Master Leads'!$E:$E<=IF(ISBLANK($D$5),99999,$D$5)))) | E47: =IF($A47="","",SUMPRODUCT(('Master Leads'!$D:$D=$A47) * (ISNUMBER(SEARCH("9", 'Master Leads'!$P:$P))) * ('Master Leads'!$O:$O="Yes") * ('Master Leads'!$E:$E>=IF(ISBLANK($B$5),0,$B$5)) * ('Master Leads'!$E:$E<=IF(ISBLANK($D$5),99999,$D$5)))) | F47: =IF($A47="","",SUMPRODUCT(('Master Leads'!$D:$D=$A47) * (ISNUMBER(SEARCH("10", 'Master Leads'!$P:$P))) * ('Master Leads'!$O:$O="Yes") * ('Master Leads'!$E:$E>=IF(ISBLANK($B$5),0,$B$5)) * ('Master Leads'!$E:$E<=IF(ISBLANK($D$5),99999,$D$5)))) | G47: =IF($A47="","",SUMPRODUCT(('Master Leads'!$D:$D=$A47) * (ISNUMBER(SEARCH("11", 'Master Leads'!$P:$P))) * ('Master Leads'!$O:$O="Yes") * ('Master Leads'!$E:$E>=IF(ISBLANK($B$5),0,$B$5)) * ('Master Leads'!$E:$E<=IF(ISBLANK($D$5),99999,$D$5)))) | H47: =IF($A47="","",SUM(B47:G47)) | I47: =IF(OR($A47="",$H$54=0),"",H47/$H$54) | J47: =IF(OR($A47="",H22=0),"",H47/H22)
A48: =IF(INDEX(Members!$A:$A,16)="","",INDEX(Members!$A:$A,16)) | B48: =IF($A48="","",SUMPRODUCT(('Master Leads'!$D:$D=$A48) * (ISNUMBER(SEARCH("6", 'Master Leads'!$P:$P))) * ('Master Leads'!$O:$O="Yes") * ('Master Leads'!$E:$E>=IF(ISBLANK($B$5),0,$B$5)) * ('Master Leads'!$E:$E<=IF(ISBLANK($D$5),99999,$D$5)))) | C48: =IF($A48="","",SUMPRODUCT(('Master Leads'!$D:$D=$A48) * (ISNUMBER(SEARCH("7", 'Master Leads'!$P:$P))) * ('Master Leads'!$O:$O="Yes") * ('Master Leads'!$E:$E>=IF(ISBLANK($B$5),0,$B$5)) * ('Master Leads'!$E:$E<=IF(ISBLANK($D$5),99999,$D$5)))) | D48: =IF($A48="","",SUMPRODUCT(('Master Leads'!$D:$D=$A48) * (ISNUMBER(SEARCH("8", 'Master Leads'!$P:$P))) * ('Master Leads'!$O:$O="Yes") * ('Master Leads'!$E:$E>=IF(ISBLANK($B$5),0,$B$5)) * ('Master Leads'!$E:$E<=IF(ISBLANK($D$5),99999,$D$5)))) | E48: =IF($A48="","",SUMPRODUCT(('Master Leads'!$D:$D=$A48) * (ISNUMBER(SEARCH("9", 'Master Leads'!$P:$P))) * ('Master Leads'!$O:$O="Yes") * ('Master Leads'!$E:$E>=IF(ISBLANK($B$5),0,$B$5)) * ('Master Leads'!$E:$E<=IF(ISBLANK($D$5),99999,$D$5)))) | F48: =IF($A48="","",SUMPRODUCT(('Master Leads'!$D:$D=$A48) * (ISNUMBER(SEARCH("10", 'Master Leads'!$P:$P))) * ('Master Leads'!$O:$O="Yes") * ('Master Leads'!$E:$E>=IF(ISBLANK($B$5),0,$B$5)) * ('Master Leads'!$E:$E<=IF(ISBLANK($D$5),99999,$D$5)))) | G48: =IF($A48="","",SUMPRODUCT(('Master Leads'!$D:$D=$A48) * (ISNUMBER(SEARCH("11", 'Master Leads'!$P:$P))) * ('Master Leads'!$O:$O="Yes") * ('Master Leads'!$E:$E>=IF(ISBLANK($B$5),0,$B$5)) * ('Master Leads'!$E:$E<=IF(ISBLANK($D$5),99999,$D$5)))) | H48: =IF($A48="","",SUM(B48:G48)) | I48: =IF(OR($A48="",$H$54=0),"",H48/$H$54) | J48: =IF(OR($A48="",H23=0),"",H48/H23)
A49: =IF(INDEX(Members!$A:$A,17)="","",INDEX(Members!$A:$A,17)) | B49: =IF($A49="","",SUMPRODUCT(('Master Leads'!$D:$D=$A49) * (ISNUMBER(SEARCH("6", 'Master Leads'!$P:$P))) * ('Master Leads'!$O:$O="Yes") * ('Master Leads'!$E:$E>=IF(ISBLANK($B$5),0,$B$5)) * ('Master Leads'!$E:$E<=IF(ISBLANK($D$5),99999,$D$5)))) | C49: =IF($A49="","",SUMPRODUCT(('Master Leads'!$D:$D=$A49) * (ISNUMBER(SEARCH("7", 'Master Leads'!$P:$P))) * ('Master Leads'!$O:$O="Yes") * ('Master Leads'!$E:$E>=IF(ISBLANK($B$5),0,$B$5)) * ('Master Leads'!$E:$E<=IF(ISBLANK($D$5),99999,$D$5)))) | D49: =IF($A49="","",SUMPRODUCT(('Master Leads'!$D:$D=$A49) * (ISNUMBER(SEARCH("8", 'Master Leads'!$P:$P))) * ('Master Leads'!$O:$O="Yes") * ('Master Leads'!$E:$E>=IF(ISBLANK($B$5),0,$B$5)) * ('Master Leads'!$E:$E<=IF(ISBLANK($D$5),99999,$D$5)))) | E49: =IF($A49="","",SUMPRODUCT(('Master Leads'!$D:$D=$A49) * (ISNUMBER(SEARCH("9", 'Master Leads'!$P:$P))) * ('Master Leads'!$O:$O="Yes") * ('Master Leads'!$E:$E>=IF(ISBLANK($B$5),0,$B$5)) * ('Master Leads'!$E:$E<=IF(ISBLANK($D$5),99999,$D$5)))) | F49: =IF($A49="","",SUMPRODUCT(('Master Leads'!$D:$D=$A49) * (ISNUMBER(SEARCH("10", 'Master Leads'!$P:$P))) * ('Master Leads'!$O:$O="Yes") * ('Master Leads'!$E:$E>=IF(ISBLANK($B$5),0,$B$5)) * ('Master Leads'!$E:$E<=IF(ISBLANK($D$5),99999,$D$5)))) | G49: =IF($A49="","",SUMPRODUCT(('Master Leads'!$D:$D=$A49) * (ISNUMBER(SEARCH("11", 'Master Leads'!$P:$P))) * ('Master Leads'!$O:$O="Yes") * ('Master Leads'!$E:$E>=IF(ISBLANK($B$5),0,$B$5)) * ('Master Leads'!$E:$E<=IF(ISBLANK($D$5),99999,$D$5)))) | H49: =IF($A49="","",SUM(B49:G49)) | I49: =IF(OR($A49="",$H$54=0),"",H49/$H$54) | J49: =IF(OR($A49="",H24=0),"",H49/H24)
A50: =IF(INDEX(Members!$A:$A,18)="","",INDEX(Members!$A:$A,18)) | B50: =IF($A50="","",SUMPRODUCT(('Master Leads'!$D:$D=$A50) * (ISNUMBER(SEARCH("6", 'Master Leads'!$P:$P))) * ('Master Leads'!$O:$O="Yes") * ('Master Leads'!$E:$E>=IF(ISBLANK($B$5),0,$B$5)) * ('Master Leads'!$E:$E<=IF(ISBLANK($D$5),99999,$D$5)))) | C50: =IF($A50="","",SUMPRODUCT(('Master Leads'!$D:$D=$A50) * (ISNUMBER(SEARCH("7", 'Master Leads'!$P:$P))) * ('Master Leads'!$O:$O="Yes") * ('Master Leads'!$E:$E>=IF(ISBLANK($B$5),0,$B$5)) * ('Master Leads'!$E:$E<=IF(ISBLANK($D$5),99999,$D$5)))) | D50: =IF($A50="","",SUMPRODUCT(('Master Leads'!$D:$D=$A50) * (ISNUMBER(SEARCH("8", 'Master Leads'!$P:$P))) * ('Master Leads'!$O:$O="Yes") * ('Master Leads'!$E:$E>=IF(ISBLANK($B$5),0,$B$5)) * ('Master Leads'!$E:$E<=IF(ISBLANK($D$5),99999,$D$5)))) | E50: =IF($A50="","",SUMPRODUCT(('Master Leads'!$D:$D=$A50) * (ISNUMBER(SEARCH("9", 'Master Leads'!$P:$P))) * ('Master Leads'!$O:$O="Yes") * ('Master Leads'!$E:$E>=IF(ISBLANK($B$5),0,$B$5)) * ('Master Leads'!$E:$E<=IF(ISBLANK($D$5),99999,$D$5)))) | F50: =IF($A50="","",SUMPRODUCT(('Master Leads'!$D:$D=$A50) * (ISNUMBER(SEARCH("10", 'Master Leads'!$P:$P))) * ('Master Leads'!$O:$O="Yes") * ('Master Leads'!$E:$E>=IF(ISBLANK($B$5),0,$B$5)) * ('Master Leads'!$E:$E<=IF(ISBLANK($D$5),99999,$D$5)))) | G50: =IF($A50="","",SUMPRODUCT(('Master Leads'!$D:$D=$A50) * (ISNUMBER(SEARCH("11", 'Master Leads'!$P:$P))) * ('Master Leads'!$O:$O="Yes") * ('Master Leads'!$E:$E>=IF(ISBLANK($B$5),0,$B$5)) * ('Master Leads'!$E:$E<=IF(ISBLANK($D$5),99999,$D$5)))) | H50: =IF($A50="","",SUM(B50:G50)) | I50: =IF(OR($A50="",$H$54=0),"",H50/$H$54) | J50: =IF(OR($A50="",H25=0),"",H50/H25)
A51: =IF(INDEX(Members!$A:$A,19)="","",INDEX(Members!$A:$A,19)) | B51: =IF($A51="","",SUMPRODUCT(('Master Leads'!$D:$D=$A51) * (ISNUMBER(SEARCH("6", 'Master Leads'!$P:$P))) * ('Master Leads'!$O:$O="Yes") * ('Master Leads'!$E:$E>=IF(ISBLANK($B$5),0,$B$5)) * ('Master Leads'!$E:$E<=IF(ISBLANK($D$5),99999,$D$5)))) | C51: =IF($A51="","",SUMPRODUCT(('Master Leads'!$D:$D=$A51) * (ISNUMBER(SEARCH("7", 'Master Leads'!$P:$P))) * ('Master Leads'!$O:$O="Yes") * ('Master Leads'!$E:$E>=IF(ISBLANK($B$5),0,$B$5)) * ('Master Leads'!$E:$E<=IF(ISBLANK($D$5),99999,$D$5)))) | D51: =IF($A51="","",SUMPRODUCT(('Master Leads'!$D:$D=$A51) * (ISNUMBER(SEARCH("8", 'Master Leads'!$P:$P))) * ('Master Leads'!$O:$O="Yes") * ('Master Leads'!$E:$E>=IF(ISBLANK($B$5),0,$B$5)) * ('Master Leads'!$E:$E<=IF(ISBLANK($D$5),99999,$D$5)))) | E51: =IF($A51="","",SUMPRODUCT(('Master Leads'!$D:$D=$A51) * (ISNUMBER(SEARCH("9", 'Master Leads'!$P:$P))) * ('Master Leads'!$O:$O="Yes") * ('Master Leads'!$E:$E>=IF(ISBLANK($B$5),0,$B$5)) * ('Master Leads'!$E:$E<=IF(ISBLANK($D$5),99999,$D$5)))) | F51: =IF($A51="","",SUMPRODUCT(('Master Leads'!$D:$D=$A51) * (ISNUMBER(SEARCH("10", 'Master Leads'!$P:$P))) * ('Master Leads'!$O:$O="Yes") * ('Master Leads'!$E:$E>=IF(ISBLANK($B$5),0,$B$5)) * ('Master Leads'!$E:$E<=IF(ISBLANK($D$5),99999,$D$5)))) | G51: =IF($A51="","",SUMPRODUCT(('Master Leads'!$D:$D=$A51) * (ISNUMBER(SEARCH("11", 'Master Leads'!$P:$P))) * ('Master Leads'!$O:$O="Yes") * ('Master Leads'!$E:$E>=IF(ISBLANK($B$5),0,$B$5)) * ('Master Leads'!$E:$E<=IF(ISBLANK($D$5),99999,$D$5)))) | H51: =IF($A51="","",SUM(B51:G51)) | I51: =IF(OR($A51="",$H$54=0),"",H51/$H$54) | J51: =IF(OR($A51="",H26=0),"",H51/H26)
A52: =IF(INDEX(Members!$A:$A,20)="","",INDEX(Members!$A:$A,20)) | B52: =IF($A52="","",SUMPRODUCT(('Master Leads'!$D:$D=$A52) * (ISNUMBER(SEARCH("6", 'Master Leads'!$P:$P))) * ('Master Leads'!$O:$O="Yes") * ('Master Leads'!$E:$E>=IF(ISBLANK($B$5),0,$B$5)) * ('Master Leads'!$E:$E<=IF(ISBLANK($D$5),99999,$D$5)))) | C52: =IF($A52="","",SUMPRODUCT(('Master Leads'!$D:$D=$A52) * (ISNUMBER(SEARCH("7", 'Master Leads'!$P:$P))) * ('Master Leads'!$O:$O="Yes") * ('Master Leads'!$E:$E>=IF(ISBLANK($B$5),0,$B$5)) * ('Master Leads'!$E:$E<=IF(ISBLANK($D$5),99999,$D$5)))) | D52: =IF($A52="","",SUMPRODUCT(('Master Leads'!$D:$D=$A52) * (ISNUMBER(SEARCH("8", 'Master Leads'!$P:$P))) * ('Master Leads'!$O:$O="Yes") * ('Master Leads'!$E:$E>=IF(ISBLANK($B$5),0,$B$5)) * ('Master Leads'!$E:$E<=IF(ISBLANK($D$5),99999,$D$5)))) | E52: =IF($A52="","",SUMPRODUCT(('Master Leads'!$D:$D=$A52) * (ISNUMBER(SEARCH("9", 'Master Leads'!$P:$P))) * ('Master Leads'!$O:$O="Yes") * ('Master Leads'!$E:$E>=IF(ISBLANK($B$5),0,$B$5)) * ('Master Leads'!$E:$E<=IF(ISBLANK($D$5),99999,$D$5)))) | F52: =IF($A52="","",SUMPRODUCT(('Master Leads'!$D:$D=$A52) * (ISNUMBER(SEARCH("10", 'Master Leads'!$P:$P))) * ('Master Leads'!$O:$O="Yes") * ('Master Leads'!$E:$E>=IF(ISBLANK($B$5),0,$B$5)) * ('Master Leads'!$E:$E<=IF(ISBLANK($D$5),99999,$D$5)))) | G52: =IF($A52="","",SUMPRODUCT(('Master Leads'!$D:$D=$A52) * (ISNUMBER(SEARCH("11", 'Master Leads'!$P:$P))) * ('Master Leads'!$O:$O="Yes") * ('Master Leads'!$E:$E>=IF(ISBLANK($B$5),0,$B$5)) * ('Master Leads'!$E:$E<=IF(ISBLANK($D$5),99999,$D$5)))) | H52: =IF($A52="","",SUM(B52:G52)) | I52: =IF(OR($A52="",$H$54=0),"",H52/$H$54) | J52: =IF(OR($A52="",H27=0),"",H52/H27)
A53: =IF(INDEX(Members!$A:$A,21)="","",INDEX(Members!$A:$A,21)) | B53: =IF($A53="","",SUMPRODUCT(('Master Leads'!$D:$D=$A53) * (ISNUMBER(SEARCH("6", 'Master Leads'!$P:$P))) * ('Master Leads'!$O:$O="Yes") * ('Master Leads'!$E:$E>=IF(ISBLANK($B$5),0,$B$5)) * ('Master Leads'!$E:$E<=IF(ISBLANK($D$5),99999,$D$5)))) | C53: =IF($A53="","",SUMPRODUCT(('Master Leads'!$D:$D=$A53) * (ISNUMBER(SEARCH("7", 'Master Leads'!$P:$P))) * ('Master Leads'!$O:$O="Yes") * ('Master Leads'!$E:$E>=IF(ISBLANK($B$5),0,$B$5)) * ('Master Leads'!$E:$E<=IF(ISBLANK($D$5),99999,$D$5)))) | D53: =IF($A53="","",SUMPRODUCT(('Master Leads'!$D:$D=$A53) * (ISNUMBER(SEARCH("8", 'Master Leads'!$P:$P))) * ('Master Leads'!$O:$O="Yes") * ('Master Leads'!$E:$E>=IF(ISBLANK($B$5),0,$B$5)) * ('Master Leads'!$E:$E<=IF(ISBLANK($D$5),99999,$D$5)))) | E53: =IF($A53="","",SUMPRODUCT(('Master Leads'!$D:$D=$A53) * (ISNUMBER(SEARCH("9", 'Master Leads'!$P:$P))) * ('Master Leads'!$O:$O="Yes") * ('Master Leads'!$E:$E>=IF(ISBLANK($B$5),0,$B$5)) * ('Master Leads'!$E:$E<=IF(ISBLANK($D$5),99999,$D$5)))) | F53: =IF($A53="","",SUMPRODUCT(('Master Leads'!$D:$D=$A53) * (ISNUMBER(SEARCH("10", 'Master Leads'!$P:$P))) * ('Master Leads'!$O:$O="Yes") * ('Master Leads'!$E:$E>=IF(ISBLANK($B$5),0,$B$5)) * ('Master Leads'!$E:$E<=IF(ISBLANK($D$5),99999,$D$5)))) | G53: =IF($A53="","",SUMPRODUCT(('Master Leads'!$D:$D=$A53) * (ISNUMBER(SEARCH("11", 'Master Leads'!$P:$P))) * ('Master Leads'!$O:$O="Yes") * ('Master Leads'!$E:$E>=IF(ISBLANK($B$5),0,$B$5)) * ('Master Leads'!$E:$E<=IF(ISBLANK($D$5),99999,$D$5)))) | H53: =IF($A53="","",SUM(B53:G53)) | I53: =IF(OR($A53="",$H$54=0),"",H53/$H$54) | J53: =IF(OR($A53="",H28=0),"",H53/H28)
A54: TOTAL PAID | B54: =SUMPRODUCT((ISNUMBER(SEARCH("6", 'Master Leads'!$P:$P))) * ('Master Leads'!$O:$O="Yes") * ('Master Leads'!$E:$E>=IF(ISBLANK($B$5),0,$B$5)) * ('Master Leads'!$E:$E<=IF(ISBLANK($D$5),99999,$D$5))) | C54: =SUMPRODUCT((ISNUMBER(SEARCH("7", 'Master Leads'!$P:$P))) * ('Master Leads'!$O:$O="Yes") * ('Master Leads'!$E:$E>=IF(ISBLANK($B$5),0,$B$5)) * ('Master Leads'!$E:$E<=IF(ISBLANK($D$5),99999,$D$5))) | D54: =SUMPRODUCT((ISNUMBER(SEARCH("8", 'Master Leads'!$P:$P))) * ('Master Leads'!$O:$O="Yes") * ('Master Leads'!$E:$E>=IF(ISBLANK($B$5),0,$B$5)) * ('Master Leads'!$E:$E<=IF(ISBLANK($D$5),99999,$D$5))) | E54: =SUMPRODUCT((ISNUMBER(SEARCH("9", 'Master Leads'!$P:$P))) * ('Master Leads'!$O:$O="Yes") * ('Master Leads'!$E:$E>=IF(ISBLANK($B$5),0,$B$5)) * ('Master Leads'!$E:$E<=IF(ISBLANK($D$5),99999,$D$5))) | F54: =SUMPRODUCT((ISNUMBER(SEARCH("10", 'Master Leads'!$P:$P))) * ('Master Leads'!$O:$O="Yes") * ('Master Leads'!$E:$E>=IF(ISBLANK($B$5),0,$B$5)) * ('Master Leads'!$E:$E<=IF(ISBLANK($D$5),99999,$D$5))) | G54: =SUMPRODUCT((ISNUMBER(SEARCH("11", 'Master Leads'!$P:$P))) * ('Master Leads'!$O:$O="Yes") * ('Master Leads'!$E:$E>=IF(ISBLANK($B$5),0,$B$5)) * ('Master Leads'!$E:$E<=IF(ISBLANK($D$5),99999,$D$5))) | H54: =SUM(B54:G54) | I54: 1 | J54: =IF(H29=0,"",H54/H29)
A57: TABLE 3: UNRESOLVED LEADS PIPELINE BY MEMBER
A58: Assigned Member | B58: New Leads | C58: Contacted | D58: No Answer | E58: Interested | F58: Other Pending | G58: Total Unresolved | H58: Unresolved % | I58: Actionable Rate
A59: =IF(INDEX(Members!$A:$A,2)="","",INDEX(Members!$A:$A,2)) | B59: =IF($A59="","",COUNTIFS('Master Leads'!$D:$D,$A59,'Master Leads'!$F:$F,"New",'Master Leads'!$E:$E,">="&IF(ISBLANK($B$5),0,$B$5),'Master Leads'!$E:$E,"<="&IF(ISBLANK($D$5),99999,$D$5))) | C59: =IF($A59="","",COUNTIFS('Master Leads'!$D:$D,$A59,'Master Leads'!$F:$F,"Contacted",'Master Leads'!$E:$E,">="&IF(ISBLANK($B$5),0,$B$5),'Master Leads'!$E:$E,"<="&IF(ISBLANK($D$5),99999,$D$5))) | D59: =IF($A59="","",COUNTIFS('Master Leads'!$D:$D,$A59,'Master Leads'!$F:$F,"No Answer",'Master Leads'!$E:$E,">="&IF(ISBLANK($B$5),0,$B$5),'Master Leads'!$E:$E,"<="&IF(ISBLANK($D$5),99999,$D$5))) | E59: =IF($A59="","",COUNTIFS('Master Leads'!$D:$D,$A59,'Master Leads'!$F:$F,"Interested",'Master Leads'!$E:$E,">="&IF(ISBLANK($B$5),0,$B$5),'Master Leads'!$E:$E,"<="&IF(ISBLANK($D$5),99999,$D$5))) | F59: =IF($A59="","",COUNTIFS('Master Leads'!$D:$D,$A59,'Master Leads'!$E:$E,">="&IF(ISBLANK($B$5),0,$B$5),'Master Leads'!$E:$E,"<="&IF(ISBLANK($D$5),99999,$D$5))-COUNTIFS('Master Leads'!$D:$D,$A59,'Master Leads'!$F:$F,"Converted",'Master Leads'!$E:$E,">="&IF(ISBLANK($B$5),0,$B$5),'Master Leads'!$E:$E,"<="&IF(ISBLANK($D$5),99999,$D$5))-COUNTIFS('Master Leads'!$D:$D,$A59,'Master Leads'!$F:$F,"Not Interested",'Master Leads'!$E:$E,">="&IF(ISBLANK($B$5),0,$B$5),'Master Leads'!$E:$E,"<="&IF(ISBLANK($D$5),99999,$D$5))-B59-C59-D59-E59) | G59: =IF($A59="","",SUM(B59:F59)) | H59: =IF(OR($A59="",H9=0),"",G59/H9) | I59: =IF(OR($A59="",H9=0),"",(B59+E59+F59)/H9)
A60: =IF(INDEX(Members!$A:$A,3)="","",INDEX(Members!$A:$A,3)) | B60: =IF($A60="","",COUNTIFS('Master Leads'!$D:$D,$A60,'Master Leads'!$F:$F,"New",'Master Leads'!$E:$E,">="&IF(ISBLANK($B$5),0,$B$5),'Master Leads'!$E:$E,"<="&IF(ISBLANK($D$5),99999,$D$5))) | C60: =IF($A60="","",COUNTIFS('Master Leads'!$D:$D,$A60,'Master Leads'!$F:$F,"Contacted",'Master Leads'!$E:$E,">="&IF(ISBLANK($B$5),0,$B$5),'Master Leads'!$E:$E,"<="&IF(ISBLANK($D$5),99999,$D$5))) | D60: =IF($A60="","",COUNTIFS('Master Leads'!$D:$D,$A60,'Master Leads'!$F:$F,"No Answer",'Master Leads'!$E:$E,">="&IF(ISBLANK($B$5),0,$B$5),'Master Leads'!$E:$E,"<="&IF(ISBLANK($D$5),99999,$D$5))) | E60: =IF($A60="","",COUNTIFS('Master Leads'!$D:$D,$A60,'Master Leads'!$F:$F,"Interested",'Master Leads'!$E:$E,">="&IF(ISBLANK($B$5),0,$B$5),'Master Leads'!$E:$E,"<="&IF(ISBLANK($D$5),99999,$D$5))) | F60: =IF($A60="","",COUNTIFS('Master Leads'!$D:$D,$A60,'Master Leads'!$E:$E,">="&IF(ISBLANK($B$5),0,$B$5),'Master Leads'!$E:$E,"<="&IF(ISBLANK($D$5),99999,$D$5))-COUNTIFS('Master Leads'!$D:$D,$A60,'Master Leads'!$F:$F,"Converted",'Master Leads'!$E:$E,">="&IF(ISBLANK($B$5),0,$B$5),'Master Leads'!$E:$E,"<="&IF(ISBLANK($D$5),99999,$D$5))-COUNTIFS('Master Leads'!$D:$D,$A60,'Master Leads'!$F:$F,"Not Interested",'Master Leads'!$E:$E,">="&IF(ISBLANK($B$5),0,$B$5),'Master Leads'!$E:$E,"<="&IF(ISBLANK($D$5),99999,$D$5))-B60-C60-D60-E60) | G60: =IF($A60="","",SUM(B60:F60)) | H60: =IF(OR($A60="",H10=0),"",G60/H10) | I60: =IF(OR($A60="",H10=0),"",(B60+E60+F60)/H10)
A61: =IF(INDEX(Members!$A:$A,4)="","",INDEX(Members!$A:$A,4)) | B61: =IF($A61="","",COUNTIFS('Master Leads'!$D:$D,$A61,'Master Leads'!$F:$F,"New",'Master Leads'!$E:$E,">="&IF(ISBLANK($B$5),0,$B$5),'Master Leads'!$E:$E,"<="&IF(ISBLANK($D$5),99999,$D$5))) | C61: =IF($A61="","",COUNTIFS('Master Leads'!$D:$D,$A61,'Master Leads'!$F:$F,"Contacted",'Master Leads'!$E:$E,">="&IF(ISBLANK($B$5),0,$B$5),'Master Leads'!$E:$E,"<="&IF(ISBLANK($D$5),99999,$D$5))) | D61: =IF($A61="","",COUNTIFS('Master Leads'!$D:$D,$A61,'Master Leads'!$F:$F,"No Answer",'Master Leads'!$E:$E,">="&IF(ISBLANK($B$5),0,$B$5),'Master Leads'!$E:$E,"<="&IF(ISBLANK($D$5),99999,$D$5))) | E61: =IF($A61="","",COUNTIFS('Master Leads'!$D:$D,$A61,'Master Leads'!$F:$F,"Interested",'Master Leads'!$E:$E,">="&IF(ISBLANK($B$5),0,$B$5),'Master Leads'!$E:$E,"<="&IF(ISBLANK($D$5),99999,$D$5))) | F61: =IF($A61="","",COUNTIFS('Master Leads'!$D:$D,$A61,'Master Leads'!$E:$E,">="&IF(ISBLANK($B$5),0,$B$5),'Master Leads'!$E:$E,"<="&IF(ISBLANK($D$5),99999,$D$5))-COUNTIFS('Master Leads'!$D:$D,$A61,'Master Leads'!$F:$F,"Converted",'Master Leads'!$E:$E,">="&IF(ISBLANK($B$5),0,$B$5),'Master Leads'!$E:$E,"<="&IF(ISBLANK($D$5),99999,$D$5))-COUNTIFS('Master Leads'!$D:$D,$A61,'Master Leads'!$F:$F,"Not Interested",'Master Leads'!$E:$E,">="&IF(ISBLANK($B$5),0,$B$5),'Master Leads'!$E:$E,"<="&IF(ISBLANK($D$5),99999,$D$5))-B61-C61-D61-E61) | G61: =IF($A61="","",SUM(B61:F61)) | H61: =IF(OR($A61="",H11=0),"",G61/H11) | I61: =IF(OR($A61="",H11=0),"",(B61+E61+F61)/H11)
A62: =IF(INDEX(Members!$A:$A,5)="","",INDEX(Members!$A:$A,5)) | B62: =IF($A62="","",COUNTIFS('Master Leads'!$D:$D,$A62,'Master Leads'!$F:$F,"New",'Master Leads'!$E:$E,">="&IF(ISBLANK($B$5),0,$B$5),'Master Leads'!$E:$E,"<="&IF(ISBLANK($D$5),99999,$D$5))) | C62: =IF($A62="","",COUNTIFS('Master Leads'!$D:$D,$A62,'Master Leads'!$F:$F,"Contacted",'Master Leads'!$E:$E,">="&IF(ISBLANK($B$5),0,$B$5),'Master Leads'!$E:$E,"<="&IF(ISBLANK($D$5),99999,$D$5))) | D62: =IF($A62="","",COUNTIFS('Master Leads'!$D:$D,$A62,'Master Leads'!$F:$F,"No Answer",'Master Leads'!$E:$E,">="&IF(ISBLANK($B$5),0,$B$5),'Master Leads'!$E:$E,"<="&IF(ISBLANK($D$5),99999,$D$5))) | E62: =IF($A62="","",COUNTIFS('Master Leads'!$D:$D,$A62,'Master Leads'!$F:$F,"Interested",'Master Leads'!$E:$E,">="&IF(ISBLANK($B$5),0,$B$5),'Master Leads'!$E:$E,"<="&IF(ISBLANK($D$5),99999,$D$5))) | F62: =IF($A62="","",COUNTIFS('Master Leads'!$D:$D,$A62,'Master Leads'!$E:$E,">="&IF(ISBLANK($B$5),0,$B$5),'Master Leads'!$E:$E,"<="&IF(ISBLANK($D$5),99999,$D$5))-COUNTIFS('Master Leads'!$D:$D,$A62,'Master Leads'!$F:$F,"Converted",'Master Leads'!$E:$E,">="&IF(ISBLANK($B$5),0,$B$5),'Master Leads'!$E:$E,"<="&IF(ISBLANK($D$5),99999,$D$5))-COUNTIFS('Master Leads'!$D:$D,$A62,'Master Leads'!$F:$F,"Not Interested",'Master Leads'!$E:$E,">="&IF(ISBLANK($B$5),0,$B$5),'Master Leads'!$E:$E,"<="&IF(ISBLANK($D$5),99999,$D$5))-B62-C62-D62-E62) | G62: =IF($A62="","",SUM(B62:F62)) | H62: =IF(OR($A62="",H12=0),"",G62/H12) | I62: =IF(OR($A62="",H12=0),"",(B62+E62+F62)/H12)
A63: =IF(INDEX(Members!$A:$A,6)="","",INDEX(Members!$A:$A,6)) | B63: =IF($A63="","",COUNTIFS('Master Leads'!$D:$D,$A63,'Master Leads'!$F:$F,"New",'Master Leads'!$E:$E,">="&IF(ISBLANK($B$5),0,$B$5),'Master Leads'!$E:$E,"<="&IF(ISBLANK($D$5),99999,$D$5))) | C63: =IF($A63="","",COUNTIFS('Master Leads'!$D:$D,$A63,'Master Leads'!$F:$F,"Contacted",'Master Leads'!$E:$E,">="&IF(ISBLANK($B$5),0,$B$5),'Master Leads'!$E:$E,"<="&IF(ISBLANK($D$5),99999,$D$5))) | D63: =IF($A63="","",COUNTIFS('Master Leads'!$D:$D,$A63,'Master Leads'!$F:$F,"No Answer",'Master Leads'!$E:$E,">="&IF(ISBLANK($B$5),0,$B$5),'Master Leads'!$E:$E,"<="&IF(ISBLANK($D$5),99999,$D$5))) | E63: =IF($A63="","",COUNTIFS('Master Leads'!$D:$D,$A63,'Master Leads'!$F:$F,"Interested",'Master Leads'!$E:$E,">="&IF(ISBLANK($B$5),0,$B$5),'Master Leads'!$E:$E,"<="&IF(ISBLANK($D$5),99999,$D$5))) | F63: =IF($A63="","",COUNTIFS('Master Leads'!$D:$D,$A63,'Master Leads'!$E:$E,">="&IF(ISBLANK($B$5),0,$B$5),'Master Leads'!$E:$E,"<="&IF(ISBLANK($D$5),99999,$D$5))-COUNTIFS('Master Leads'!$D:$D,$A63,'Master Leads'!$F:$F,"Converted",'Master Leads'!$E:$E,">="&IF(ISBLANK($B$5),0,$B$5),'Master Leads'!$E:$E,"<="&IF(ISBLANK($D$5),99999,$D$5))-COUNTIFS('Master Leads'!$D:$D,$A63,'Master Leads'!$F:$F,"Not Interested",'Master Leads'!$E:$E,">="&IF(ISBLANK($B$5),0,$B$5),'Master Leads'!$E:$E,"<="&IF(ISBLANK($D$5),99999,$D$5))-B63-C63-D63-E63) | G63: =IF($A63="","",SUM(B63:F63)) | H63: =IF(OR($A63="",H13=0),"",G63/H13) | I63: =IF(OR($A63="",H13=0),"",(B63+E63+F63)/H13)
A64: =IF(INDEX(Members!$A:$A,7)="","",INDEX(Members!$A:$A,7)) | B64: =IF($A64="","",COUNTIFS('Master Leads'!$D:$D,$A64,'Master Leads'!$F:$F,"New",'Master Leads'!$E:$E,">="&IF(ISBLANK($B$5),0,$B$5),'Master Leads'!$E:$E,"<="&IF(ISBLANK($D$5),99999,$D$5))) | C64: =IF($A64="","",COUNTIFS('Master Leads'!$D:$D,$A64,'Master Leads'!$F:$F,"Contacted",'Master Leads'!$E:$E,">="&IF(ISBLANK($B$5),0,$B$5),'Master Leads'!$E:$E,"<="&IF(ISBLANK($D$5),99999,$D$5))) | D64: =IF($A64="","",COUNTIFS('Master Leads'!$D:$D,$A64,'Master Leads'!$F:$F,"No Answer",'Master Leads'!$E:$E,">="&IF(ISBLANK($B$5),0,$B$5),'Master Leads'!$E:$E,"<="&IF(ISBLANK($D$5),99999,$D$5))) | E64: =IF($A64="","",COUNTIFS('Master Leads'!$D:$D,$A64,'Master Leads'!$F:$F,"Interested",'Master Leads'!$E:$E,">="&IF(ISBLANK($B$5),0,$B$5),'Master Leads'!$E:$E,"<="&IF(ISBLANK($D$5),99999,$D$5))) | F64: =IF($A64="","",COUNTIFS('Master Leads'!$D:$D,$A64,'Master Leads'!$E:$E,">="&IF(ISBLANK($B$5),0,$B$5),'Master Leads'!$E:$E,"<="&IF(ISBLANK($D$5),99999,$D$5))-COUNTIFS('Master Leads'!$D:$D,$A64,'Master Leads'!$F:$F,"Converted",'Master Leads'!$E:$E,">="&IF(ISBLANK($B$5),0,$B$5),'Master Leads'!$E:$E,"<="&IF(ISBLANK($D$5),99999,$D$5))-COUNTIFS('Master Leads'!$D:$D,$A64,'Master Leads'!$F:$F,"Not Interested",'Master Leads'!$E:$E,">="&IF(ISBLANK($B$5),0,$B$5),'Master Leads'!$E:$E,"<="&IF(ISBLANK($D$5),99999,$D$5))-B64-C64-D64-E64) | G64: =IF($A64="","",SUM(B64:F64)) | H64: =IF(OR($A64="",H14=0),"",G64/H14) | I64: =IF(OR($A64="",H14=0),"",(B64+E64+F64)/H14)
A65: =IF(INDEX(Members!$A:$A,8)="","",INDEX(Members!$A:$A,8)) | B65: =IF($A65="","",COUNTIFS('Master Leads'!$D:$D,$A65,'Master Leads'!$F:$F,"New",'Master Leads'!$E:$E,">="&IF(ISBLANK($B$5),0,$B$5),'Master Leads'!$E:$E,"<="&IF(ISBLANK($D$5),99999,$D$5))) | C65: =IF($A65="","",COUNTIFS('Master Leads'!$D:$D,$A65,'Master Leads'!$F:$F,"Contacted",'Master Leads'!$E:$E,">="&IF(ISBLANK($B$5),0,$B$5),'Master Leads'!$E:$E,"<="&IF(ISBLANK($D$5),99999,$D$5))) | D65: =IF($A65="","",COUNTIFS('Master Leads'!$D:$D,$A65,'Master Leads'!$F:$F,"No Answer",'Master Leads'!$E:$E,">="&IF(ISBLANK($B$5),0,$B$5),'Master Leads'!$E:$E,"<="&IF(ISBLANK($D$5),99999,$D$5))) | E65: =IF($A65="","",COUNTIFS('Master Leads'!$D:$D,$A65,'Master Leads'!$F:$F,"Interested",'Master Leads'!$E:$E,">="&IF(ISBLANK($B$5),0,$B$5),'Master Leads'!$E:$E,"<="&IF(ISBLANK($D$5),99999,$D$5))) | F65: =IF($A65="","",COUNTIFS('Master Leads'!$D:$D,$A65,'Master Leads'!$E:$E,">="&IF(ISBLANK($B$5),0,$B$5),'Master Leads'!$E:$E,"<="&IF(ISBLANK($D$5),99999,$D$5))-COUNTIFS('Master Leads'!$D:$D,$A65,'Master Leads'!$F:$F,"Converted",'Master Leads'!$E:$E,">="&IF(ISBLANK($B$5),0,$B$5),'Master Leads'!$E:$E,"<="&IF(ISBLANK($D$5),99999,$D$5))-COUNTIFS('Master Leads'!$D:$D,$A65,'Master Leads'!$F:$F,"Not Interested",'Master Leads'!$E:$E,">="&IF(ISBLANK($B$5),0,$B$5),'Master Leads'!$E:$E,"<="&IF(ISBLANK($D$5),99999,$D$5))-B65-C65-D65-E65) | G65: =IF($A65="","",SUM(B65:F65)) | H65: =IF(OR($A65="",H15=0),"",G65/H15) | I65: =IF(OR($A65="",H15=0),"",(B65+E65+F65)/H15)
A66: =IF(INDEX(Members!$A:$A,9)="","",INDEX(Members!$A:$A,9)) | B66: =IF($A66="","",COUNTIFS('Master Leads'!$D:$D,$A66,'Master Leads'!$F:$F,"New",'Master Leads'!$E:$E,">="&IF(ISBLANK($B$5),0,$B$5),'Master Leads'!$E:$E,"<="&IF(ISBLANK($D$5),99999,$D$5))) | C66: =IF($A66="","",COUNTIFS('Master Leads'!$D:$D,$A66,'Master Leads'!$F:$F,"Contacted",'Master Leads'!$E:$E,">="&IF(ISBLANK($B$5),0,$B$5),'Master Leads'!$E:$E,"<="&IF(ISBLANK($D$5),99999,$D$5))) | D66: =IF($A66="","",COUNTIFS('Master Leads'!$D:$D,$A66,'Master Leads'!$F:$F,"No Answer",'Master Leads'!$E:$E,">="&IF(ISBLANK($B$5),0,$B$5),'Master Leads'!$E:$E,"<="&IF(ISBLANK($D$5),99999,$D$5))) | E66: =IF($A66="","",COUNTIFS('Master Leads'!$D:$D,$A66,'Master Leads'!$F:$F,"Interested",'Master Leads'!$E:$E,">="&IF(ISBLANK($B$5),0,$B$5),'Master Leads'!$E:$E,"<="&IF(ISBLANK($D$5),99999,$D$5))) | F66: =IF($A66="","",COUNTIFS('Master Leads'!$D:$D,$A66,'Master Leads'!$E:$E,">="&IF(ISBLANK($B$5),0,$B$5),'Master Leads'!$E:$E,"<="&IF(ISBLANK($D$5),99999,$D$5))-COUNTIFS('Master Leads'!$D:$D,$A66,'Master Leads'!$F:$F,"Converted",'Master Leads'!$E:$E,">="&IF(ISBLANK($B$5),0,$B$5),'Master Leads'!$E:$E,"<="&IF(ISBLANK($D$5),99999,$D$5))-COUNTIFS('Master Leads'!$D:$D,$A66,'Master Leads'!$F:$F,"Not Interested",'Master Leads'!$E:$E,">="&IF(ISBLANK($B$5),0,$B$5),'Master Leads'!$E:$E,"<="&IF(ISBLANK($D$5),99999,$D$5))-B66-C66-D66-E66) | G66: =IF($A66="","",SUM(B66:F66)) | H66: =IF(OR($A66="",H16=0),"",G66/H16) | I66: =IF(OR($A66="",H16=0),"",(B66+E66+F66)/H16)
A67: =IF(INDEX(Members!$A:$A,10)="","",INDEX(Members!$A:$A,10)) | B67: =IF($A67="","",COUNTIFS('Master Leads'!$D:$D,$A67,'Master Leads'!$F:$F,"New",'Master Leads'!$E:$E,">="&IF(ISBLANK($B$5),0,$B$5),'Master Leads'!$E:$E,"<="&IF(ISBLANK($D$5),99999,$D$5))) | C67: =IF($A67="","",COUNTIFS('Master Leads'!$D:$D,$A67,'Master Leads'!$F:$F,"Contacted",'Master Leads'!$E:$E,">="&IF(ISBLANK($B$5),0,$B$5),'Master Leads'!$E:$E,"<="&IF(ISBLANK($D$5),99999,$D$5))) | D67: =IF($A67="","",COUNTIFS('Master Leads'!$D:$D,$A67,'Master Leads'!$F:$F,"No Answer",'Master Leads'!$E:$E,">="&IF(ISBLANK($B$5),0,$B$5),'Master Leads'!$E:$E,"<="&IF(ISBLANK($D$5),99999,$D$5))) | E67: =IF($A67="","",COUNTIFS('Master Leads'!$D:$D,$A67,'Master Leads'!$F:$F,"Interested",'Master Leads'!$E:$E,">="&IF(ISBLANK($B$5),0,$B$5),'Master Leads'!$E:$E,"<="&IF(ISBLANK($D$5),99999,$D$5))) | F67: =IF($A67="","",COUNTIFS('Master Leads'!$D:$D,$A67,'Master Leads'!$E:$E,">="&IF(ISBLANK($B$5),0,$B$5),'Master Leads'!$E:$E,"<="&IF(ISBLANK($D$5),99999,$D$5))-COUNTIFS('Master Leads'!$D:$D,$A67,'Master Leads'!$F:$F,"Converted",'Master Leads'!$E:$E,">="&IF(ISBLANK($B$5),0,$B$5),'Master Leads'!$E:$E,"<="&IF(ISBLANK($D$5),99999,$D$5))-COUNTIFS('Master Leads'!$D:$D,$A67,'Master Leads'!$F:$F,"Not Interested",'Master Leads'!$E:$E,">="&IF(ISBLANK($B$5),0,$B$5),'Master Leads'!$E:$E,"<="&IF(ISBLANK($D$5),99999,$D$5))-B67-C67-D67-E67) | G67: =IF($A67="","",SUM(B67:F67)) | H67: =IF(OR($A67="",H17=0),"",G67/H17) | I67: =IF(OR($A67="",H17=0),"",(B67+E67+F67)/H17)
A68: =IF(INDEX(Members!$A:$A,11)="","",INDEX(Members!$A:$A,11)) | B68: =IF($A68="","",COUNTIFS('Master Leads'!$D:$D,$A68,'Master Leads'!$F:$F,"New",'Master Leads'!$E:$E,">="&IF(ISBLANK($B$5),0,$B$5),'Master Leads'!$E:$E,"<="&IF(ISBLANK($D$5),99999,$D$5))) | C68: =IF($A68="","",COUNTIFS('Master Leads'!$D:$D,$A68,'Master Leads'!$F:$F,"Contacted",'Master Leads'!$E:$E,">="&IF(ISBLANK($B$5),0,$B$5),'Master Leads'!$E:$E,"<="&IF(ISBLANK($D$5),99999,$D$5))) | D68: =IF($A68="","",COUNTIFS('Master Leads'!$D:$D,$A68,'Master Leads'!$F:$F,"No Answer",'Master Leads'!$E:$E,">="&IF(ISBLANK($B$5),0,$B$5),'Master Leads'!$E:$E,"<="&IF(ISBLANK($D$5),99999,$D$5))) | E68: =IF($A68="","",COUNTIFS('Master Leads'!$D:$D,$A68,'Master Leads'!$F:$F,"Interested",'Master Leads'!$E:$E,">="&IF(ISBLANK($B$5),0,$B$5),'Master Leads'!$E:$E,"<="&IF(ISBLANK($D$5),99999,$D$5))) | F68: =IF($A68="","",COUNTIFS('Master Leads'!$D:$D,$A68,'Master Leads'!$E:$E,">="&IF(ISBLANK($B$5),0,$B$5),'Master Leads'!$E:$E,"<="&IF(ISBLANK($D$5),99999,$D$5))-COUNTIFS('Master Leads'!$D:$D,$A68,'Master Leads'!$F:$F,"Converted",'Master Leads'!$E:$E,">="&IF(ISBLANK($B$5),0,$B$5),'Master Leads'!$E:$E,"<="&IF(ISBLANK($D$5),99999,$D$5))-COUNTIFS('Master Leads'!$D:$D,$A68,'Master Leads'!$F:$F,"Not Interested",'Master Leads'!$E:$E,">="&IF(ISBLANK($B$5),0,$B$5),'Master Leads'!$E:$E,"<="&IF(ISBLANK($D$5),99999,$D$5))-B68-C68-D68-E68) | G68: =IF($A68="","",SUM(B68:F68)) | H68: =IF(OR($A68="",H18=0),"",G68/H18) | I68: =IF(OR($A68="",H18=0),"",(B68+E68+F68)/H18)
A69: =IF(INDEX(Members!$A:$A,12)="","",INDEX(Members!$A:$A,12)) | B69: =IF($A69="","",COUNTIFS('Master Leads'!$D:$D,$A69,'Master Leads'!$F:$F,"New",'Master Leads'!$E:$E,">="&IF(ISBLANK($B$5),0,$B$5),'Master Leads'!$E:$E,"<="&IF(ISBLANK($D$5),99999,$D$5))) | C69: =IF($A69="","",COUNTIFS('Master Leads'!$D:$D,$A69,'Master Leads'!$F:$F,"Contacted",'Master Leads'!$E:$E,">="&IF(ISBLANK($B$5),0,$B$5),'Master Leads'!$E:$E,"<="&IF(ISBLANK($D$5),99999,$D$5))) | D69: =IF($A69="","",COUNTIFS('Master Leads'!$D:$D,$A69,'Master Leads'!$F:$F,"No Answer",'Master Leads'!$E:$E,">="&IF(ISBLANK($B$5),0,$B$5),'Master Leads'!$E:$E,"<="&IF(ISBLANK($D$5),99999,$D$5))) | E69: =IF($A69="","",COUNTIFS('Master Leads'!$D:$D,$A69,'Master Leads'!$F:$F,"Interested",'Master Leads'!$E:$E,">="&IF(ISBLANK($B$5),0,$B$5),'Master Leads'!$E:$E,"<="&IF(ISBLANK($D$5),99999,$D$5))) | F69: =IF($A69="","",COUNTIFS('Master Leads'!$D:$D,$A69,'Master Leads'!$E:$E,">="&IF(ISBLANK($B$5),0,$B$5),'Master Leads'!$E:$E,"<="&IF(ISBLANK($D$5),99999,$D$5))-COUNTIFS('Master Leads'!$D:$D,$A69,'Master Leads'!$F:$F,"Converted",'Master Leads'!$E:$E,">="&IF(ISBLANK($B$5),0,$B$5),'Master Leads'!$E:$E,"<="&IF(ISBLANK($D$5),99999,$D$5))-COUNTIFS('Master Leads'!$D:$D,$A69,'Master Leads'!$F:$F,"Not Interested",'Master Leads'!$E:$E,">="&IF(ISBLANK($B$5),0,$B$5),'Master Leads'!$E:$E,"<="&IF(ISBLANK($D$5),99999,$D$5))-B69-C69-D69-E69) | G69: =IF($A69="","",SUM(B69:F69)) | H69: =IF(OR($A69="",H19=0),"",G69/H19) | I69: =IF(OR($A69="",H19=0),"",(B69+E69+F69)/H19)
A70: =IF(INDEX(Members!$A:$A,13)="","",INDEX(Members!$A:$A,13)) | B70: =IF($A70="","",COUNTIFS('Master Leads'!$D:$D,$A70,'Master Leads'!$F:$F,"New",'Master Leads'!$E:$E,">="&IF(ISBLANK($B$5),0,$B$5),'Master Leads'!$E:$E,"<="&IF(ISBLANK($D$5),99999,$D$5))) | C70: =IF($A70="","",COUNTIFS('Master Leads'!$D:$D,$A70,'Master Leads'!$F:$F,"Contacted",'Master Leads'!$E:$E,">="&IF(ISBLANK($B$5),0,$B$5),'Master Leads'!$E:$E,"<="&IF(ISBLANK($D$5),99999,$D$5))) | D70: =IF($A70="","",COUNTIFS('Master Leads'!$D:$D,$A70,'Master Leads'!$F:$F,"No Answer",'Master Leads'!$E:$E,">="&IF(ISBLANK($B$5),0,$B$5),'Master Leads'!$E:$E,"<="&IF(ISBLANK($D$5),99999,$D$5))) | E70: =IF($A70="","",COUNTIFS('Master Leads'!$D:$D,$A70,'Master Leads'!$F:$F,"Interested",'Master Leads'!$E:$E,">="&IF(ISBLANK($B$5),0,$B$5),'Master Leads'!$E:$E,"<="&IF(ISBLANK($D$5),99999,$D$5))) | F70: =IF($A70="","",COUNTIFS('Master Leads'!$D:$D,$A70,'Master Leads'!$E:$E,">="&IF(ISBLANK($B$5),0,$B$5),'Master Leads'!$E:$E,"<="&IF(ISBLANK($D$5),99999,$D$5))-COUNTIFS('Master Leads'!$D:$D,$A70,'Master Leads'!$F:$F,"Converted",'Master Leads'!$E:$E,">="&IF(ISBLANK($B$5),0,$B$5),'Master Leads'!$E:$E,"<="&IF(ISBLANK($D$5),99999,$D$5))-COUNTIFS('Master Leads'!$D:$D,$A70,'Master Leads'!$F:$F,"Not Interested",'Master Leads'!$E:$E,">="&IF(ISBLANK($B$5),0,$B$5),'Master Leads'!$E:$E,"<="&IF(ISBLANK($D$5),99999,$D$5))-B70-C70-D70-E70) | G70: =IF($A70="","",SUM(B70:F70)) | H70: =IF(OR($A70="",H20=0),"",G70/H20) | I70: =IF(OR($A70="",H20=0),"",(B70+E70+F70)/H20)
A71: =IF(INDEX(Members!$A:$A,14)="","",INDEX(Members!$A:$A,14)) | B71: =IF($A71="","",COUNTIFS('Master Leads'!$D:$D,$A71,'Master Leads'!$F:$F,"New",'Master Leads'!$E:$E,">="&IF(ISBLANK($B$5),0,$B$5),'Master Leads'!$E:$E,"<="&IF(ISBLANK($D$5),99999,$D$5))) | C71: =IF($A71="","",COUNTIFS('Master Leads'!$D:$D,$A71,'Master Leads'!$F:$F,"Contacted",'Master Leads'!$E:$E,">="&IF(ISBLANK($B$5),0,$B$5),'Master Leads'!$E:$E,"<="&IF(ISBLANK($D$5),99999,$D$5))) | D71: =IF($A71="","",COUNTIFS('Master Leads'!$D:$D,$A71,'Master Leads'!$F:$F,"No Answer",'Master Leads'!$E:$E,">="&IF(ISBLANK($B$5),0,$B$5),'Master Leads'!$E:$E,"<="&IF(ISBLANK($D$5),99999,$D$5))) | E71: =IF($A71="","",COUNTIFS('Master Leads'!$D:$D,$A71,'Master Leads'!$F:$F,"Interested",'Master Leads'!$E:$E,">="&IF(ISBLANK($B$5),0,$B$5),'Master Leads'!$E:$E,"<="&IF(ISBLANK($D$5),99999,$D$5))) | F71: =IF($A71="","",COUNTIFS('Master Leads'!$D:$D,$A71,'Master Leads'!$E:$E,">="&IF(ISBLANK($B$5),0,$B$5),'Master Leads'!$E:$E,"<="&IF(ISBLANK($D$5),99999,$D$5))-COUNTIFS('Master Leads'!$D:$D,$A71,'Master Leads'!$F:$F,"Converted",'Master Leads'!$E:$E,">="&IF(ISBLANK($B$5),0,$B$5),'Master Leads'!$E:$E,"<="&IF(ISBLANK($D$5),99999,$D$5))-COUNTIFS('Master Leads'!$D:$D,$A71,'Master Leads'!$F:$F,"Not Interested",'Master Leads'!$E:$E,">="&IF(ISBLANK($B$5),0,$B$5),'Master Leads'!$E:$E,"<="&IF(ISBLANK($D$5),99999,$D$5))-B71-C71-D71-E71) | G71: =IF($A71="","",SUM(B71:F71)) | H71: =IF(OR($A71="",H21=0),"",G71/H21) | I71: =IF(OR($A71="",H21=0),"",(B71+E71+F71)/H21)
A72: =IF(INDEX(Members!$A:$A,15)="","",INDEX(Members!$A:$A,15)) | B72: =IF($A72="","",COUNTIFS('Master Leads'!$D:$D,$A72,'Master Leads'!$F:$F,"New",'Master Leads'!$E:$E,">="&IF(ISBLANK($B$5),0,$B$5),'Master Leads'!$E:$E,"<="&IF(ISBLANK($D$5),99999,$D$5))) | C72: =IF($A72="","",COUNTIFS('Master Leads'!$D:$D,$A72,'Master Leads'!$F:$F,"Contacted",'Master Leads'!$E:$E,">="&IF(ISBLANK($B$5),0,$B$5),'Master Leads'!$E:$E,"<="&IF(ISBLANK($D$5),99999,$D$5))) | D72: =IF($A72="","",COUNTIFS('Master Leads'!$D:$D,$A72,'Master Leads'!$F:$F,"No Answer",'Master Leads'!$E:$E,">="&IF(ISBLANK($B$5),0,$B$5),'Master Leads'!$E:$E,"<="&IF(ISBLANK($D$5),99999,$D$5))) | E72: =IF($A72="","",COUNTIFS('Master Leads'!$D:$D,$A72,'Master Leads'!$F:$F,"Interested",'Master Leads'!$E:$E,">="&IF(ISBLANK($B$5),0,$B$5),'Master Leads'!$E:$E,"<="&IF(ISBLANK($D$5),99999,$D$5))) | F72: =IF($A72="","",COUNTIFS('Master Leads'!$D:$D,$A72,'Master Leads'!$E:$E,">="&IF(ISBLANK($B$5),0,$B$5),'Master Leads'!$E:$E,"<="&IF(ISBLANK($D$5),99999,$D$5))-COUNTIFS('Master Leads'!$D:$D,$A72,'Master Leads'!$F:$F,"Converted",'Master Leads'!$E:$E,">="&IF(ISBLANK($B$5),0,$B$5),'Master Leads'!$E:$E,"<="&IF(ISBLANK($D$5),99999,$D$5))-COUNTIFS('Master Leads'!$D:$D,$A72,'Master Leads'!$F:$F,"Not Interested",'Master Leads'!$E:$E,">="&IF(ISBLANK($B$5),0,$B$5),'Master Leads'!$E:$E,"<="&IF(ISBLANK($D$5),99999,$D$5))-B72-C72-D72-E72) | G72: =IF($A72="","",SUM(B72:F72)) | H72: =IF(OR($A72="",H22=0),"",G72/H22) | I72: =IF(OR($A72="",H22=0),"",(B72+E72+F72)/H22)
A73: =IF(INDEX(Members!$A:$A,16)="","",INDEX(Members!$A:$A,16)) | B73: =IF($A73="","",COUNTIFS('Master Leads'!$D:$D,$A73,'Master Leads'!$F:$F,"New",'Master Leads'!$E:$E,">="&IF(ISBLANK($B$5),0,$B$5),'Master Leads'!$E:$E,"<="&IF(ISBLANK($D$5),99999,$D$5))) | C73: =IF($A73="","",COUNTIFS('Master Leads'!$D:$D,$A73,'Master Leads'!$F:$F,"Contacted",'Master Leads'!$E:$E,">="&IF(ISBLANK($B$5),0,$B$5),'Master Leads'!$E:$E,"<="&IF(ISBLANK($D$5),99999,$D$5))) | D73: =IF($A73="","",COUNTIFS('Master Leads'!$D:$D,$A73,'Master Leads'!$F:$F,"No Answer",'Master Leads'!$E:$E,">="&IF(ISBLANK($B$5),0,$B$5),'Master Leads'!$E:$E,"<="&IF(ISBLANK($D$5),99999,$D$5))) | E73: =IF($A73="","",COUNTIFS('Master Leads'!$D:$D,$A73,'Master Leads'!$F:$F,"Interested",'Master Leads'!$E:$E,">="&IF(ISBLANK($B$5),0,$B$5),'Master Leads'!$E:$E,"<="&IF(ISBLANK($D$5),99999,$D$5))) | F73: =IF($A73="","",COUNTIFS('Master Leads'!$D:$D,$A73,'Master Leads'!$E:$E,">="&IF(ISBLANK($B$5),0,$B$5),'Master Leads'!$E:$E,"<="&IF(ISBLANK($D$5),99999,$D$5))-COUNTIFS('Master Leads'!$D:$D,$A73,'Master Leads'!$F:$F,"Converted",'Master Leads'!$E:$E,">="&IF(ISBLANK($B$5),0,$B$5),'Master Leads'!$E:$E,"<="&IF(ISBLANK($D$5),99999,$D$5))-COUNTIFS('Master Leads'!$D:$D,$A73,'Master Leads'!$F:$F,"Not Interested",'Master Leads'!$E:$E,">="&IF(ISBLANK($B$5),0,$B$5),'Master Leads'!$E:$E,"<="&IF(ISBLANK($D$5),99999,$D$5))-B73-C73-D73-E73) | G73: =IF($A73="","",SUM(B73:F73)) | H73: =IF(OR($A73="",H23=0),"",G73/H23) | I73: =IF(OR($A73="",H23=0),"",(B73+E73+F73)/H23)
A74: =IF(INDEX(Members!$A:$A,17)="","",INDEX(Members!$A:$A,17)) | B74: =IF($A74="","",COUNTIFS('Master Leads'!$D:$D,$A74,'Master Leads'!$F:$F,"New",'Master Leads'!$E:$E,">="&IF(ISBLANK($B$5),0,$B$5),'Master Leads'!$E:$E,"<="&IF(ISBLANK($D$5),99999,$D$5))) | C74: =IF($A74="","",COUNTIFS('Master Leads'!$D:$D,$A74,'Master Leads'!$F:$F,"Contacted",'Master Leads'!$E:$E,">="&IF(ISBLANK($B$5),0,$B$5),'Master Leads'!$E:$E,"<="&IF(ISBLANK($D$5),99999,$D$5))) | D74: =IF($A74="","",COUNTIFS('Master Leads'!$D:$D,$A74,'Master Leads'!$F:$F,"No Answer",'Master Leads'!$E:$E,">="&IF(ISBLANK($B$5),0,$B$5),'Master Leads'!$E:$E,"<="&IF(ISBLANK($D$5),99999,$D$5))) | E74: =IF($A74="","",COUNTIFS('Master Leads'!$D:$D,$A74,'Master Leads'!$F:$F,"Interested",'Master Leads'!$E:$E,">="&IF(ISBLANK($B$5),0,$B$5),'Master Leads'!$E:$E,"<="&IF(ISBLANK($D$5),99999,$D$5))) | F74: =IF($A74="","",COUNTIFS('Master Leads'!$D:$D,$A74,'Master Leads'!$E:$E,">="&IF(ISBLANK($B$5),0,$B$5),'Master Leads'!$E:$E,"<="&IF(ISBLANK($D$5),99999,$D$5))-COUNTIFS('Master Leads'!$D:$D,$A74,'Master Leads'!$F:$F,"Converted",'Master Leads'!$E:$E,">="&IF(ISBLANK($B$5),0,$B$5),'Master Leads'!$E:$E,"<="&IF(ISBLANK($D$5),99999,$D$5))-COUNTIFS('Master Leads'!$D:$D,$A74,'Master Leads'!$F:$F,"Not Interested",'Master Leads'!$E:$E,">="&IF(ISBLANK($B$5),0,$B$5),'Master Leads'!$E:$E,"<="&IF(ISBLANK($D$5),99999,$D$5))-B74-C74-D74-E74) | G74: =IF($A74="","",SUM(B74:F74)) | H74: =IF(OR($A74="",H24=0),"",G74/H24) | I74: =IF(OR($A74="",H24=0),"",(B74+E74+F74)/H24)
A75: =IF(INDEX(Members!$A:$A,18)="","",INDEX(Members!$A:$A,18)) | B75: =IF($A75="","",COUNTIFS('Master Leads'!$D:$D,$A75,'Master Leads'!$F:$F,"New",'Master Leads'!$E:$E,">="&IF(ISBLANK($B$5),0,$B$5),'Master Leads'!$E:$E,"<="&IF(ISBLANK($D$5),99999,$D$5))) | C75: =IF($A75="","",COUNTIFS('Master Leads'!$D:$D,$A75,'Master Leads'!$F:$F,"Contacted",'Master Leads'!$E:$E,">="&IF(ISBLANK($B$5),0,$B$5),'Master Leads'!$E:$E,"<="&IF(ISBLANK($D$5),99999,$D$5))) | D75: =IF($A75="","",COUNTIFS('Master Leads'!$D:$D,$A75,'Master Leads'!$F:$F,"No Answer",'Master Leads'!$E:$E,">="&IF(ISBLANK($B$5),0,$B$5),'Master Leads'!$E:$E,"<="&IF(ISBLANK($D$5),99999,$D$5))) | E75: =IF($A75="","",COUNTIFS('Master Leads'!$D:$D,$A75,'Master Leads'!$F:$F,"Interested",'Master Leads'!$E:$E,">="&IF(ISBLANK($B$5),0,$B$5),'Master Leads'!$E:$E,"<="&IF(ISBLANK($D$5),99999,$D$5))) | F75: =IF($A75="","",COUNTIFS('Master Leads'!$D:$D,$A75,'Master Leads'!$E:$E,">="&IF(ISBLANK($B$5),0,$B$5),'Master Leads'!$E:$E,"<="&IF(ISBLANK($D$5),99999,$D$5))-COUNTIFS('Master Leads'!$D:$D,$A75,'Master Leads'!$F:$F,"Converted",'Master Leads'!$E:$E,">="&IF(ISBLANK($B$5),0,$B$5),'Master Leads'!$E:$E,"<="&IF(ISBLANK($D$5),99999,$D$5))-COUNTIFS('Master Leads'!$D:$D,$A75,'Master Leads'!$F:$F,"Not Interested",'Master Leads'!$E:$E,">="&IF(ISBLANK($B$5),0,$B$5),'Master Leads'!$E:$E,"<="&IF(ISBLANK($D$5),99999,$D$5))-B75-C75-D75-E75) | G75: =IF($A75="","",SUM(B75:F75)) | H75: =IF(OR($A75="",H25=0),"",G75/H25) | I75: =IF(OR($A75="",H25=0),"",(B75+E75+F75)/H25)
A76: =IF(INDEX(Members!$A:$A,19)="","",INDEX(Members!$A:$A,19)) | B76: =IF($A76="","",COUNTIFS('Master Leads'!$D:$D,$A76,'Master Leads'!$F:$F,"New",'Master Leads'!$E:$E,">="&IF(ISBLANK($B$5),0,$B$5),'Master Leads'!$E:$E,"<="&IF(ISBLANK($D$5),99999,$D$5))) | C76: =IF($A76="","",COUNTIFS('Master Leads'!$D:$D,$A76,'Master Leads'!$F:$F,"Contacted",'Master Leads'!$E:$E,">="&IF(ISBLANK($B$5),0,$B$5),'Master Leads'!$E:$E,"<="&IF(ISBLANK($D$5),99999,$D$5))) | D76: =IF($A76="","",COUNTIFS('Master Leads'!$D:$D,$A76,'Master Leads'!$F:$F,"No Answer",'Master Leads'!$E:$E,">="&IF(ISBLANK($B$5),0,$B$5),'Master Leads'!$E:$E,"<="&IF(ISBLANK($D$5),99999,$D$5))) | E76: =IF($A76="","",COUNTIFS('Master Leads'!$D:$D,$A76,'Master Leads'!$F:$F,"Interested",'Master Leads'!$E:$E,">="&IF(ISBLANK($B$5),0,$B$5),'Master Leads'!$E:$E,"<="&IF(ISBLANK($D$5),99999,$D$5))) | F76: =IF($A76="","",COUNTIFS('Master Leads'!$D:$D,$A76,'Master Leads'!$E:$E,">="&IF(ISBLANK($B$5),0,$B$5),'Master Leads'!$E:$E,"<="&IF(ISBLANK($D$5),99999,$D$5))-COUNTIFS('Master Leads'!$D:$D,$A76,'Master Leads'!$F:$F,"Converted",'Master Leads'!$E:$E,">="&IF(ISBLANK($B$5),0,$B$5),'Master Leads'!$E:$E,"<="&IF(ISBLANK($D$5),99999,$D$5))-COUNTIFS('Master Leads'!$D:$D,$A76,'Master Leads'!$F:$F,"Not Interested",'Master Leads'!$E:$E,">="&IF(ISBLANK($B$5),0,$B$5),'Master Leads'!$E:$E,"<="&IF(ISBLANK($D$5),99999,$D$5))-B76-C76-D76-E76) | G76: =IF($A76="","",SUM(B76:F76)) | H76: =IF(OR($A76="",H26=0),"",G76/H26) | I76: =IF(OR($A76="",H26=0),"",(B76+E76+F76)/H26)
A77: =IF(INDEX(Members!$A:$A,20)="","",INDEX(Members!$A:$A,20)) | B77: =IF($A77="","",COUNTIFS('Master Leads'!$D:$D,$A77,'Master Leads'!$F:$F,"New",'Master Leads'!$E:$E,">="&IF(ISBLANK($B$5),0,$B$5),'Master Leads'!$E:$E,"<="&IF(ISBLANK($D$5),99999,$D$5))) | C77: =IF($A77="","",COUNTIFS('Master Leads'!$D:$D,$A77,'Master Leads'!$F:$F,"Contacted",'Master Leads'!$E:$E,">="&IF(ISBLANK($B$5),0,$B$5),'Master Leads'!$E:$E,"<="&IF(ISBLANK($D$5),99999,$D$5))) | D77: =IF($A77="","",COUNTIFS('Master Leads'!$D:$D,$A77,'Master Leads'!$F:$F,"No Answer",'Master Leads'!$E:$E,">="&IF(ISBLANK($B$5),0,$B$5),'Master Leads'!$E:$E,"<="&IF(ISBLANK($D$5),99999,$D$5))) | E77: =IF($A77="","",COUNTIFS('Master Leads'!$D:$D,$A77,'Master Leads'!$F:$F,"Interested",'Master Leads'!$E:$E,">="&IF(ISBLANK($B$5),0,$B$5),'Master Leads'!$E:$E,"<="&IF(ISBLANK($D$5),99999,$D$5))) | F77: =IF($A77="","",COUNTIFS('Master Leads'!$D:$D,$A77,'Master Leads'!$E:$E,">="&IF(ISBLANK($B$5),0,$B$5),'Master Leads'!$E:$E,"<="&IF(ISBLANK($D$5),99999,$D$5))-COUNTIFS('Master Leads'!$D:$D,$A77,'Master Leads'!$F:$F,"Converted",'Master Leads'!$E:$E,">="&IF(ISBLANK($B$5),0,$B$5),'Master Leads'!$E:$E,"<="&IF(ISBLANK($D$5),99999,$D$5))-COUNTIFS('Master Leads'!$D:$D,$A77,'Master Leads'!$F:$F,"Not Interested",'Master Leads'!$E:$E,">="&IF(ISBLANK($B$5),0,$B$5),'Master Leads'!$E:$E,"<="&IF(ISBLANK($D$5),99999,$D$5))-B77-C77-D77-E77) | G77: =IF($A77="","",SUM(B77:F77)) | H77: =IF(OR($A77="",H27=0),"",G77/H27) | I77: =IF(OR($A77="",H27=0),"",(B77+E77+F77)/H27)
A78: =IF(INDEX(Members!$A:$A,21)="","",INDEX(Members!$A:$A,21)) | B78: =IF($A78="","",COUNTIFS('Master Leads'!$D:$D,$A78,'Master Leads'!$F:$F,"New",'Master Leads'!$E:$E,">="&IF(ISBLANK($B$5),0,$B$5),'Master Leads'!$E:$E,"<="&IF(ISBLANK($D$5),99999,$D$5))) | C78: =IF($A78="","",COUNTIFS('Master Leads'!$D:$D,$A78,'Master Leads'!$F:$F,"Contacted",'Master Leads'!$E:$E,">="&IF(ISBLANK($B$5),0,$B$5),'Master Leads'!$E:$E,"<="&IF(ISBLANK($D$5),99999,$D$5))) | D78: =IF($A78="","",COUNTIFS('Master Leads'!$D:$D,$A78,'Master Leads'!$F:$F,"No Answer",'Master Leads'!$E:$E,">="&IF(ISBLANK($B$5),0,$B$5),'Master Leads'!$E:$E,"<="&IF(ISBLANK($D$5),99999,$D$5))) | E78: =IF($A78="","",COUNTIFS('Master Leads'!$D:$D,$A78,'Master Leads'!$F:$F,"Interested",'Master Leads'!$E:$E,">="&IF(ISBLANK($B$5),0,$B$5),'Master Leads'!$E:$E,"<="&IF(ISBLANK($D$5),99999,$D$5))) | F78: =IF($A78="","",COUNTIFS('Master Leads'!$D:$D,$A78,'Master Leads'!$E:$E,">="&IF(ISBLANK($B$5),0,$B$5),'Master Leads'!$E:$E,"<="&IF(ISBLANK($D$5),99999,$D$5))-COUNTIFS('Master Leads'!$D:$D,$A78,'Master Leads'!$F:$F,"Converted",'Master Leads'!$E:$E,">="&IF(ISBLANK($B$5),0,$B$5),'Master Leads'!$E:$E,"<="&IF(ISBLANK($D$5),99999,$D$5))-COUNTIFS('Master Leads'!$D:$D,$A78,'Master Leads'!$F:$F,"Not Interested",'Master Leads'!$E:$E,">="&IF(ISBLANK($B$5),0,$B$5),'Master Leads'!$E:$E,"<="&IF(ISBLANK($D$5),99999,$D$5))-B78-C78-D78-E78) | G78: =IF($A78="","",SUM(B78:F78)) | H78: =IF(OR($A78="",H28=0),"",G78/H28) | I78: =IF(OR($A78="",H28=0),"",(B78+E78+F78)/H28)
A79: TOTAL UNRESOLVED | B79: =COUNTIFS('Master Leads'!$F:$F,"New",'Master Leads'!$E:$E,">="&IF(ISBLANK($B$5),0,$B$5),'Master Leads'!$E:$E,"<="&IF(ISBLANK($D$5),99999,$D$5)) | C79: =COUNTIFS('Master Leads'!$F:$F,"Contacted",'Master Leads'!$E:$E,">="&IF(ISBLANK($B$5),0,$B$5),'Master Leads'!$E:$E,"<="&IF(ISBLANK($D$5),99999,$D$5)) | D79: =COUNTIFS('Master Leads'!$F:$F,"No Answer",'Master Leads'!$E:$E,">="&IF(ISBLANK($B$5),0,$B$5),'Master Leads'!$E:$E,"<="&IF(ISBLANK($D$5),99999,$D$5)) | E79: =COUNTIFS('Master Leads'!$F:$F,"Interested",'Master Leads'!$E:$E,">="&IF(ISBLANK($B$5),0,$B$5),'Master Leads'!$E:$E,"<="&IF(ISBLANK($D$5),99999,$D$5)) | F79: =H79-COUNTIFS('Master Leads'!$F:$F,"Converted",'Master Leads'!$E:$E,">="&IF(ISBLANK($B$5),0,$B$5),'Master Leads'!$E:$E,"<="&IF(ISBLANK($D$5),99999,$D$5))-COUNTIFS('Master Leads'!$F:$F,"Not Interested",'Master Leads'!$E:$E,">="&IF(ISBLANK($B$5),0,$B$5),'Master Leads'!$E:$E,"<="&IF(ISBLANK($D$5),99999,$D$5))-SUM(B79:E79) | G79: =SUM(B79:F79) | H79: =IF(H29=0,"",G79/H29) | I79: =IF(H29=0,"",(B79+E79+F79)/H29)
A82: TABLE 4: CAMPAIGN ROI & PERFORMANCE MATRIX
A83: Campaign / Boost | B83: Total Leads | C83: Converted | D83: Paid Students | E83: Not Interested | F83: Active Pipeline | G83: Conversion % | H83: Paid Share %
A84: B1 | B84: =COUNTIFS('Master Leads'!$I:$I,"B1",'Master Leads'!$E:$E,">="&IF(ISBLANK($B$5),0,$B$5),'Master Leads'!$E:$E,"<="&IF(ISBLANK($D$5),99999,$D$5)) | C84: =COUNTIFS('Master Leads'!$I:$I,"B1",'Master Leads'!$F:$F,"Converted",'Master Leads'!$E:$E,">="&IF(ISBLANK($B$5),0,$B$5),'Master Leads'!$E:$E,"<="&IF(ISBLANK($D$5),99999,$D$5)) | D84: =COUNTIFS('Master Leads'!$I:$I,"B1",'Master Leads'!$O:$O,"Yes",'Master Leads'!$E:$E,">="&IF(ISBLANK($B$5),0,$B$5),'Master Leads'!$E:$E,"<="&IF(ISBLANK($D$5),99999,$D$5)) | E84: =COUNTIFS('Master Leads'!$I:$I,"B1",'Master Leads'!$F:$F,"Not Interested",'Master Leads'!$E:$E,">="&IF(ISBLANK($B$5),0,$B$5),'Master Leads'!$E:$E,"<="&IF(ISBLANK($D$5),99999,$D$5)) | F84: =B84-C84-E84 | G84: =IF(B84=0,"",C84/B84) | H84: =IF(OR(B84=0,$D$94=0),"",D84/$D$94)
A85: B2 | B85: =COUNTIFS('Master Leads'!$I:$I,"B2",'Master Leads'!$E:$E,">="&IF(ISBLANK($B$5),0,$B$5),'Master Leads'!$E:$E,"<="&IF(ISBLANK($D$5),99999,$D$5)) | C85: =COUNTIFS('Master Leads'!$I:$I,"B2",'Master Leads'!$F:$F,"Converted",'Master Leads'!$E:$E,">="&IF(ISBLANK($B$5),0,$B$5),'Master Leads'!$E:$E,"<="&IF(ISBLANK($D$5),99999,$D$5)) | D85: =COUNTIFS('Master Leads'!$I:$I,"B2",'Master Leads'!$O:$O,"Yes",'Master Leads'!$E:$E,">="&IF(ISBLANK($B$5),0,$B$5),'Master Leads'!$E:$E,"<="&IF(ISBLANK($D$5),99999,$D$5)) | E85: =COUNTIFS('Master Leads'!$I:$I,"B2",'Master Leads'!$F:$F,"Not Interested",'Master Leads'!$E:$E,">="&IF(ISBLANK($B$5),0,$B$5),'Master Leads'!$E:$E,"<="&IF(ISBLANK($D$5),99999,$D$5)) | F85: =B85-C85-E85 | G85: =IF(B85=0,"",C85/B85) | H85: =IF(OR(B85=0,$D$94=0),"",D85/$D$94)
A86: B3 | B86: =COUNTIFS('Master Leads'!$I:$I,"B3",'Master Leads'!$E:$E,">="&IF(ISBLANK($B$5),0,$B$5),'Master Leads'!$E:$E,"<="&IF(ISBLANK($D$5),99999,$D$5)) | C86: =COUNTIFS('Master Leads'!$I:$I,"B3",'Master Leads'!$F:$F,"Converted",'Master Leads'!$E:$E,">="&IF(ISBLANK($B$5),0,$B$5),'Master Leads'!$E:$E,"<="&IF(ISBLANK($D$5),99999,$D$5)) | D86: =COUNTIFS('Master Leads'!$I:$I,"B3",'Master Leads'!$O:$O,"Yes",'Master Leads'!$E:$E,">="&IF(ISBLANK($B$5),0,$B$5),'Master Leads'!$E:$E,"<="&IF(ISBLANK($D$5),99999,$D$5)) | E86: =COUNTIFS('Master Leads'!$I:$I,"B3",'Master Leads'!$F:$F,"Not Interested",'Master Leads'!$E:$E,">="&IF(ISBLANK($B$5),0,$B$5),'Master Leads'!$E:$E,"<="&IF(ISBLANK($D$5),99999,$D$5)) | F86: =B86-C86-E86 | G86: =IF(B86=0,"",C86/B86) | H86: =IF(OR(B86=0,$D$94=0),"",D86/$D$94)
A87: B4 | B87: =COUNTIFS('Master Leads'!$I:$I,"B4",'Master Leads'!$E:$E,">="&IF(ISBLANK($B$5),0,$B$5),'Master Leads'!$E:$E,"<="&IF(ISBLANK($D$5),99999,$D$5)) | C87: =COUNTIFS('Master Leads'!$I:$I,"B4",'Master Leads'!$F:$F,"Converted",'Master Leads'!$E:$E,">="&IF(ISBLANK($B$5),0,$B$5),'Master Leads'!$E:$E,"<="&IF(ISBLANK($D$5),99999,$D$5)) | D87: =COUNTIFS('Master Leads'!$I:$I,"B4",'Master Leads'!$O:$O,"Yes",'Master Leads'!$E:$E,">="&IF(ISBLANK($B$5),0,$B$5),'Master Leads'!$E:$E,"<="&IF(ISBLANK($D$5),99999,$D$5)) | E87: =COUNTIFS('Master Leads'!$I:$I,"B4",'Master Leads'!$F:$F,"Not Interested",'Master Leads'!$E:$E,">="&IF(ISBLANK($B$5),0,$B$5),'Master Leads'!$E:$E,"<="&IF(ISBLANK($D$5),99999,$D$5)) | F87: =B87-C87-E87 | G87: =IF(B87=0,"",C87/B87) | H87: =IF(OR(B87=0,$D$94=0),"",D87/$D$94)
A88: B5 | B88: =COUNTIFS('Master Leads'!$I:$I,"B5",'Master Leads'!$E:$E,">="&IF(ISBLANK($B$5),0,$B$5),'Master Leads'!$E:$E,"<="&IF(ISBLANK($D$5),99999,$D$5)) | C88: =COUNTIFS('Master Leads'!$I:$I,"B5",'Master Leads'!$F:$F,"Converted",'Master Leads'!$E:$E,">="&IF(ISBLANK($B$5),0,$B$5),'Master Leads'!$E:$E,"<="&IF(ISBLANK($D$5),99999,$D$5)) | D88: =COUNTIFS('Master Leads'!$I:$I,"B5",'Master Leads'!$O:$O,"Yes",'Master Leads'!$E:$E,">="&IF(ISBLANK($B$5),0,$B$5),'Master Leads'!$E:$E,"<="&IF(ISBLANK($D$5),99999,$D$5)) | E88: =COUNTIFS('Master Leads'!$I:$I,"B5",'Master Leads'!$F:$F,"Not Interested",'Master Leads'!$E:$E,">="&IF(ISBLANK($B$5),0,$B$5),'Master Leads'!$E:$E,"<="&IF(ISBLANK($D$5),99999,$D$5)) | F88: =B88-C88-E88 | G88: =IF(B88=0,"",C88/B88) | H88: =IF(OR(B88=0,$D$94=0),"",D88/$D$94)
A89: B6 | B89: =COUNTIFS('Master Leads'!$I:$I,"B6",'Master Leads'!$E:$E,">="&IF(ISBLANK($B$5),0,$B$5),'Master Leads'!$E:$E,"<="&IF(ISBLANK($D$5),99999,$D$5)) | C89: =COUNTIFS('Master Leads'!$I:$I,"B6",'Master Leads'!$F:$F,"Converted",'Master Leads'!$E:$E,">="&IF(ISBLANK($B$5),0,$B$5),'Master Leads'!$E:$E,"<="&IF(ISBLANK($D$5),99999,$D$5)) | D89: =COUNTIFS('Master Leads'!$I:$I,"B6",'Master Leads'!$O:$O,"Yes",'Master Leads'!$E:$E,">="&IF(ISBLANK($B$5),0,$B$5),'Master Leads'!$E:$E,"<="&IF(ISBLANK($D$5),99999,$D$5)) | E89: =COUNTIFS('Master Leads'!$I:$I,"B6",'Master Leads'!$F:$F,"Not Interested",'Master Leads'!$E:$E,">="&IF(ISBLANK($B$5),0,$B$5),'Master Leads'!$E:$E,"<="&IF(ISBLANK($D$5),99999,$D$5)) | F89: =B89-C89-E89 | G89: =IF(B89=0,"",C89/B89) | H89: =IF(OR(B89=0,$D$94=0),"",D89/$D$94)
A90: B7 | B90: =COUNTIFS('Master Leads'!$I:$I,"B7",'Master Leads'!$E:$E,">="&IF(ISBLANK($B$5),0,$B$5),'Master Leads'!$E:$E,"<="&IF(ISBLANK($D$5),99999,$D$5)) | C90: =COUNTIFS('Master Leads'!$I:$I,"B7",'Master Leads'!$F:$F,"Converted",'Master Leads'!$E:$E,">="&IF(ISBLANK($B$5),0,$B$5),'Master Leads'!$E:$E,"<="&IF(ISBLANK($D$5),99999,$D$5)) | D90: =COUNTIFS('Master Leads'!$I:$I,"B7",'Master Leads'!$O:$O,"Yes",'Master Leads'!$E:$E,">="&IF(ISBLANK($B$5),0,$B$5),'Master Leads'!$E:$E,"<="&IF(ISBLANK($D$5),99999,$D$5)) | E90: =COUNTIFS('Master Leads'!$I:$I,"B7",'Master Leads'!$F:$F,"Not Interested",'Master Leads'!$E:$E,">="&IF(ISBLANK($B$5),0,$B$5),'Master Leads'!$E:$E,"<="&IF(ISBLANK($D$5),99999,$D$5)) | F90: =B90-C90-E90 | G90: =IF(B90=0,"",C90/B90) | H90: =IF(OR(B90=0,$D$94=0),"",D90/$D$94)
A91: B8 | B91: =COUNTIFS('Master Leads'!$I:$I,"B8",'Master Leads'!$E:$E,">="&IF(ISBLANK($B$5),0,$B$5),'Master Leads'!$E:$E,"<="&IF(ISBLANK($D$5),99999,$D$5)) | C91: =COUNTIFS('Master Leads'!$I:$I,"B8",'Master Leads'!$F:$F,"Converted",'Master Leads'!$E:$E,">="&IF(ISBLANK($B$5),0,$B$5),'Master Leads'!$E:$E,"<="&IF(ISBLANK($D$5),99999,$D$5)) | D91: =COUNTIFS('Master Leads'!$I:$I,"B8",'Master Leads'!$O:$O,"Yes",'Master Leads'!$E:$E,">="&IF(ISBLANK($B$5),0,$B$5),'Master Leads'!$E:$E,"<="&IF(ISBLANK($D$5),99999,$D$5)) | E91: =COUNTIFS('Master Leads'!$I:$I,"B8",'Master Leads'!$F:$F,"Not Interested",'Master Leads'!$E:$E,">="&IF(ISBLANK($B$5),0,$B$5),'Master Leads'!$E:$E,"<="&IF(ISBLANK($D$5),99999,$D$5)) | F91: =B91-C91-E91 | G91: =IF(B91=0,"",C91/B91) | H91: =IF(OR(B91=0,$D$94=0),"",D91/$D$94)
A92: B9 | B92: =COUNTIFS('Master Leads'!$I:$I,"B9",'Master Leads'!$E:$E,">="&IF(ISBLANK($B$5),0,$B$5),'Master Leads'!$E:$E,"<="&IF(ISBLANK($D$5),99999,$D$5)) | C92: =COUNTIFS('Master Leads'!$I:$I,"B9",'Master Leads'!$F:$F,"Converted",'Master Leads'!$E:$E,">="&IF(ISBLANK($B$5),0,$B$5),'Master Leads'!$E:$E,"<="&IF(ISBLANK($D$5),99999,$D$5)) | D92: =COUNTIFS('Master Leads'!$I:$I,"B9",'Master Leads'!$O:$O,"Yes",'Master Leads'!$E:$E,">="&IF(ISBLANK($B$5),0,$B$5),'Master Leads'!$E:$E,"<="&IF(ISBLANK($D$5),99999,$D$5)) | E92: =COUNTIFS('Master Leads'!$I:$I,"B9",'Master Leads'!$F:$F,"Not Interested",'Master Leads'!$E:$E,">="&IF(ISBLANK($B$5),0,$B$5),'Master Leads'!$E:$E,"<="&IF(ISBLANK($D$5),99999,$D$5)) | F92: =B92-C92-E92 | G92: =IF(B92=0,"",C92/B92) | H92: =IF(OR(B92=0,$D$94=0),"",D92/$D$94)
A93: B10 | B93: =COUNTIFS('Master Leads'!$I:$I,"B10",'Master Leads'!$E:$E,">="&IF(ISBLANK($B$5),0,$B$5),'Master Leads'!$E:$E,"<="&IF(ISBLANK($D$5),99999,$D$5)) | C93: =COUNTIFS('Master Leads'!$I:$I,"B10",'Master Leads'!$F:$F,"Converted",'Master Leads'!$E:$E,">="&IF(ISBLANK($B$5),0,$B$5),'Master Leads'!$E:$E,"<="&IF(ISBLANK($D$5),99999,$D$5)) | D93: =COUNTIFS('Master Leads'!$I:$I,"B10",'Master Leads'!$O:$O,"Yes",'Master Leads'!$E:$E,">="&IF(ISBLANK($B$5),0,$B$5),'Master Leads'!$E:$E,"<="&IF(ISBLANK($D$5),99999,$D$5)) | E93: =COUNTIFS('Master Leads'!$I:$I,"B10",'Master Leads'!$F:$F,"Not Interested",'Master Leads'!$E:$E,">="&IF(ISBLANK($B$5),0,$B$5),'Master Leads'!$E:$E,"<="&IF(ISBLANK($D$5),99999,$D$5)) | F93: =B93-C93-E93 | G93: =IF(B93=0,"",C93/B93) | H93: =IF(OR(B93=0,$D$94=0),"",D93/$D$94)
A94: TOTAL CAMPAIGN | B94: =SUM(B84:B93) | C94: =SUM(C84:C93) | D94: =SUM(D84:D93) | E94: =SUM(E84:E93) | F94: =SUM(F84:F93) | G94: =IF(B94=0,"",C94/B94) | H94: 1

Sheet Members
A1: Member Name | B1: Total Leads (auto) | C1: Converted Leads (auto) | D1: Paid (auto) | E1: No Answer (auto) | F1: Conversion Rate (auto) | G1: Paid Rate (auto) | H1: Date Joined | I1: Notes / Role
A2: maheesha | B2: =COUNTIF('Master Leads'!D:D,A2) | C2: =COUNTIFS('Master Leads'!D:D,A2,'Master Leads'!F:F,"Converted") | D2: =COUNTIFS('Master Leads'!D:D,A2,'Master Leads'!O:O,"Yes") | E2: =COUNTIFS('Master Leads'!D:D,A2,'Master Leads'!F:F,"No Answer") | F2: =IFERROR(C2/B2,"-") | G2: =IFERROR(D2/B2,"-")
A3: menik | B3: =COUNTIF('Master Leads'!D:D,A3) | C3: =COUNTIFS('Master Leads'!D:D,A3,'Master Leads'!F:F,"Converted") | D3: =COUNTIFS('Master Leads'!D:D,A3,'Master Leads'!O:O,"Yes") | E3: =COUNTIFS('Master Leads'!D:D,A3,'Master Leads'!F:F,"No Answer") | F3: =IFERROR(C3/B3,"-") | G3: =IFERROR(D3/B3,"-")
A4: kavinda | B4: =COUNTIF('Master Leads'!D:D,A4) | C4: =COUNTIFS('Master Leads'!D:D,A4,'Master Leads'!F:F,"Converted") | D4: =COUNTIFS('Master Leads'!D:D,A4,'Master Leads'!O:O,"Yes") | E4: =COUNTIFS('Master Leads'!D:D,A4,'Master Leads'!F:F,"No Answer") | F4: =IFERROR(C4/B4,"-") | G4: =IFERROR(D4/B4,"-")
A5: umesh | B5: =COUNTIF('Master Leads'!D:D,A5) | C5: =COUNTIFS('Master Leads'!D:D,A5,'Master Leads'!F:F,"Converted") | D5: =COUNTIFS('Master Leads'!D:D,A5,'Master Leads'!O:O,"Yes") | E5: =COUNTIFS('Master Leads'!D:D,A5,'Master Leads'!F:F,"No Answer") | F5: =IFERROR(C5/B5,"-") | G5: =IFERROR(D5/B5,"-")
A6: Avishka | B6: =COUNTIF('Master Leads'!D:D,A6) | C6: =COUNTIFS('Master Leads'!D:D,A6,'Master Leads'!F:F,"Converted") | D6: =COUNTIFS('Master Leads'!D:D,A6,'Master Leads'!O:O,"Yes") | E6: =COUNTIFS('Master Leads'!D:D,A6,'Master Leads'!F:F,"No Answer") | F6: =IFERROR(C6/B6,"-") | G6: =IFERROR(D6/B6,"-")
A7: Wihanga | B7: =COUNTIF('Master Leads'!D:D,A7) | C7: =COUNTIFS('Master Leads'!D:D,A7,'Master Leads'!F:F,"Converted") | D7: =COUNTIFS('Master Leads'!D:D,A7,'Master Leads'!O:O,"Yes") | E7: =COUNTIFS('Master Leads'!D:D,A7,'Master Leads'!F:F,"No Answer") | F7: =IFERROR(C7/B7,"-") | G7: =IFERROR(D7/B7,"-")
A8: muthumali | B8: =COUNTIF('Master Leads'!D:D,A8) | C8: =COUNTIFS('Master Leads'!D:D,A8,'Master Leads'!F:F,"Converted") | D8: =COUNTIFS('Master Leads'!D:D,A8,'Master Leads'!O:O,"Yes") | E8: =COUNTIFS('Master Leads'!D:D,A8,'Master Leads'!F:F,"No Answer") | F8: =IFERROR(C8/B8,"-") | G8: =IFERROR(D8/B8,"-")
A9: shamali | B9: =COUNTIF('Master Leads'!D:D,A9) | C9: =COUNTIFS('Master Leads'!D:D,A9,'Master Leads'!F:F,"Converted") | D9: =COUNTIFS('Master Leads'!D:D,A9,'Master Leads'!O:O,"Yes") | E9: =COUNTIFS('Master Leads'!D:D,A9,'Master Leads'!F:F,"No Answer") | F9: =IFERROR(C9/B9,"-") | G9: =IFERROR(D9/B9,"-")
A10: TOTAL | B10: =COUNTA('Master Leads'!B:B)-1 | C10: =COUNTIF('Master Leads'!F:F,"Converted") | D10: =COUNTIF('Master Leads'!O:O,"Yes") | E10: =COUNTIF('Master Leads'!F:F,"No Answer")

Sheet Instructions
A1: LEAD MANAGEMENT SYSTEM v9 — Google Sheets Edition
A3: HOW TO USE THIS SYSTEM
A5: 1. Upload this file to Google Sheets (File > Import, or drag and drop onto drive.google.com)
A6: 2. Go to Extensions > Apps Script and paste the new v9 Apps Script code
A7: 3. Save the script (Ctrl+S), then reload the sheet
A8: 4. A 'Lead Tools' menu will appear at the top
A10: LEAD TOOLS MENU OPTIONS
A12: Add New Lead — Enter phone + campaign + member. Auto: F-Code, Date, Duplicate check, Repeat tag
A13: Look Up a Number — See full history of any phone number across all campaigns
A14: Add New Member — Add a new team member to the Members sheet (auto-updates all dropdowns)
A15: Remove Member — Soft-remove: blanks the name but keeps all their lead history
A17: COLUMNS IN MASTER LEADS
... A49: LIGHT BLUE — Repeat Student row
