Workbook

Sheet Master Leads
A1: Phone (Normalized) | B1: Raw Phone (as entered) | C1: F-Code | D1: Assigned Member | E1: Date Added | F1: Status | G1: Grade | H1: Comments | I1: Campaign / Boost Name | J1: Repeat Student? | K1: Duplicate Check | L1: Previous F-Code (if repeat) | M1: Second Call Done | N1: Second Call Notes | O1: Paid | P1: Grade (Final / Interested)
A2: =IFERROR(__xludf.DUMMYFUNCTION("IF(B2="""","""",RIGHT(REGEXREPLACE(B2&"""",""[^0-9]"",""""),9))"),"714423443") -> 714423443 | B2: 714423443 | C2: F70000 | D2: umesh | E2: 46226 | F2: No Answer | I2: S26 | J2: No | K2: =IF(COUNTIFS($A$2:A2,A2,$I$2:I2,I2)>1,"DUPLICATE - CHECK","")
A3: =IFERROR(__xludf.DUMMYFUNCTION("IF(B3="""","""",RIGHT(REGEXREPLACE(B3&"""",""[^0-9]"",""""),9))"),"778959239") -> 778959239 | B3: 778959239 | C3: F70001 | D3: kavinda | E3: 46226 | F3: Contacted | G3: 11 | I3: S26 | J3: =IF(COUNTIF($A$2:A2,A3)>0,"Yes - see Previous F-Code","No") -> No | K3: =IF(COUNTIFS($A$2:A3,A3,$I$2:I3,I3)>1,"DUPLICATE - CHECK","") | L3: =IF(COUNTIF($A$2:A2,A3)>0,INDEX($C$2:C2,MATCH(A3,$A$2:A2,0)),"")
A4: =IFERROR(__xludf.DUMMYFUNCTION("IF(B4="""","""",RIGHT(REGEXREPLACE(B4&"""",""[^0-9]"",""""),9))"),"769195778") -> 769195778 | B4: 769195778 | C4: F70002 | D4: muthumali | E4: 46226 | F4: Contacted | G4: 11 | I4: S26 | J4: =IF(COUNTIF($A$2:A3,A4)>0,"Yes - see Previous F-Code","No") -> No | K4: =IF(COUNTIFS($A$2:A4,A4,$I$2:I4,I4)>1,"DUPLICATE - CHECK","") | L4: =IF(COUNTIF($A$2:A3,A4)>0,INDEX($C$2:C3,MATCH(A4,$A$2:A3,0)),"")
A5: =IFERROR(__xludf.DUMMYFUNCTION("IF(B5="""","""",RIGHT(REGEXREPLACE(B5&"""",""[^0-9]"",""""),9))"),"765471585") -> 765471585 | B5: 765471585 | C5: F70003 | D5: kavinda | E5: 46226 | F5: No Answer | I5: S26 | J5: =IF(COUNTIF($A$2:A4,A5)>0,"Yes - see Previous F-Code","No") -> No | K5: =IF(COUNTIFS($A$2:A5,A5,$I$2:I5,I5)>1,"DUPLICATE - CHECK","") | L5: =IF(COUNTIF($A$2:A4,A5)>0,INDEX($C$2:C4,MATCH(A5,$A$2:A4,0)),"")
A6: =IFERROR(__xludf.DUMMYFUNCTION("IF(B6="""","""",RIGHT(REGEXREPLACE(B6&"""",""[^0-9]"",""""),9))"),"779810385") -> 779810385 | B6: 779810385 | C6: F70004 | D6: shamali | E6: 46226 | F6: Contacted | G6: 11 | I6: S26 | J6: =IF(COUNTIF($A$2:A5,A6)>0,"Yes - see Previous F-Code","No") -> No | K6: =IF(COUNTIFS($A$2:A6,A6,$I$2:I6,I6)>1,"DUPLICATE - CHECK","") | L6: =IF(COUNTIF($A$2:A5,A6)>0,INDEX($C$2:C5,MATCH(A6,$A$2:A5,0)),"")
A7: =IFERROR(__xludf.DUMMYFUNCTION("IF(B7="""","""",RIGHT(REGEXREPLACE(B7&"""",""[^0-9]"",""""),9))"),"741738779") -> 741738779 | B7: 741738779 | C7: F70005 | D7: muthumali | E7: 46226 | F7: Contacted | G7: 11 | I7: S26 | J7: =IF(COUNTIF($A$2:A6,A7)>0,"Yes - see Previous F-Code","No") -> No | K7: =IF(COUNTIFS($A$2:A7,A7,$I$2:I7,I7)>1,"DUPLICATE - CHECK","") | L7: =IF(COUNTIF($A$2:A6,A7)>0,INDEX($C$2:C6,MATCH(A7,$A$2:A6,0)),"")
A8: =IFERROR(__xludf.DUMMYFUNCTION("IF(B8="""","""",RIGHT(REGEXREPLACE(B8&"""",""[^0-9]"",""""),9))"),"762721575") -> 762721575 | B8: 762721575 | C8: F70006 | D8: shamali | E8: 46226 | F8: No Answer | I8: S26 | J8: =IF(COUNTIF($A$2:A7,A8)>0,"Yes - see Previous F-Code","No") -> No | K8: =IF(COUNTIFS($A$2:A8,A8,$I$2:I8,I8)>1,"DUPLICATE - CHECK","") | L8: =IF(COUNTIF($A$2:A7,A8)>0,INDEX($C$2:C7,MATCH(A8,$A$2:A7,0)),"")
A9: =IFERROR(__xludf.DUMMYFUNCTION("IF(B9="""","""",RIGHT(REGEXREPLACE(B9&"""",""[^0-9]"",""""),9))"),"760581038") -> 760581038 | B9: 760581038 | C9: F70007 | D9: kavinda | E9: 46226 | F9: Contacted | I9: S26 | J9: =IF(COUNTIF($A$2:A8,A9)>0,"Yes - see Previous F-Code","No") -> No | K9: =IF(COUNTIFS($A$2:A9,A9,$I$2:I9,I9)>1,"DUPLICATE - CHECK","") | L9: =IF(COUNTIF($A$2:A8,A9)>0,INDEX($C$2:C8,MATCH(A9,$A$2:A8,0)),"")
A10: =IFERROR(__xludf.DUMMYFUNCTION("IF(B10="""","""",RIGHT(REGEXREPLACE(B10&"""",""[^0-9]"",""""),9))"),"712370010") -> 712370010 | B10: 712370010 | C10: F70008 | D10: kushalya | E10: 46226 | F10: No Answer | I10: S26 | J10: =IF(COUNTIF($A$2:A9,A10)>0,"Yes - see Previous F-Code","No") -> No | K10: =IF(COUNTIFS($A$2:A10,A10,$I$2:I10,I10)>1,"DUPLICATE - CHECK","") | L10: =IF(COUNTIF($A$2:A9,A10)>0,INDEX($C$2:C9,MATCH(A10,$A$2:A9,0)),"")
A11: =IFERROR(__xludf.DUMMYFUNCTION("IF(B11="""","""",RIGHT(REGEXREPLACE(B11&"""",""[^0-9]"",""""),9))"),"712694935") -> 712694935 | B11: 712694935 | C11: F70009 | D11: shamali | E11: 46226 | F11: Contacted | G11: 10 | I11: S26 | J11: =IF(COUNTIF($A$2:A10,A11)>0,"Yes - see Previous F-Code","No") -> No | K11: =IF(COUNTIFS($A$2:A11,A11,$I$2:I11,I11)>1,"DUPLICATE - CHECK","") | L11: =IF(COUNTIF($A$2:A10,A11)>0,INDEX($C$2:C10,MATCH(A11,$A$2:A10,0)),"")
A12: =IFERROR(__xludf.DUMMYFUNCTION("IF(B12="""","""",RIGHT(REGEXREPLACE(B12&"""",""[^0-9]"",""""),9))"),"717444140") -> 717444140 | B12: 717444140 | C12: F70010 | D12: kavinda | E12: 46226 | F12: No Answer | I12: S26 | J12: =IF(COUNTIF($A$2:A11,A12)>0,"Yes - see Previous F-Code","No") -> No | K12: =IF(COUNTIFS($A$2:A12,A12,$I$2:I12,I12)>1,"DUPLICATE - CHECK","") | L12: =IF(COUNTIF($A$2:A11,A12)>0,INDEX($C$2:C11,MATCH(A12,$A$2:A11,0)),"")
A13: =IFERROR(__xludf.DUMMYFUNCTION("IF(B13="""","""",RIGHT(REGEXREPLACE(B13&"""",""[^0-9]"",""""),9))"),"768299308") -> 768299308 | B13: 768299308 | C13: F70011 | D13: kavinda | E13: 46226 | F13: No Answer | I13: S26 | J13: =IF(COUNTIF($A$2:A12,A13)>0,"Yes - see Previous F-Code","No") -> No | K13: =IF(COUNTIFS($A$2:A13,A13,$I$2:I13,I13)>1,"DUPLICATE - CHECK","") | L13: =IF(COUNTIF($A$2:A12,A13)>0,INDEX($C$2:C12,MATCH(A13,$A$2:A12,0)),"")
A15: =IFERROR(__xludf.DUMMYFUNCTION("IF(B15="""","""",RIGHT(REGEXREPLACE(B15&"""",""[^0-9]"",""""),9))"),"711821851") -> 711821851 | B15: 711821851 | C15: F70012 | D15: muthumali | E15: 46226 | F15: No Answer | I15: S26 | J15: =IF(COUNTIF($A$2:A14,A15)>0,"Yes - see Previous F-Code","No") -> No | K15: =IF(COUNTIFS($A$2:A15,A15,$I$2:I15,I15)>1,"DUPLICATE - CHECK","") | L15: =IF(COUNTIF($A$2:A14,A15)>0,INDEX($C$2:C14,MATCH(A15,$A$2:A14,0)),"")
A16: =IFERROR(__xludf.DUMMYFUNCTION("IF(B16="""","""",RIGHT(REGEXREPLACE(B16&"""",""[^0-9]"",""""),9))"),"719322000") -> 719322000 | B16: 719322000 | C16: F70013 | D16: shamali | E16: 46226 | F16: No Answer | I16: S26 | J16: =IF(COUNTIF($A$2:A15,A16)>0,"Yes - see Previous F-Code","No") -> No | K16: =IF(COUNTIFS($A$2:A16,A16,$I$2:I16,I16)>1,"DUPLICATE - CHECK","") | L16: =IF(COUNTIF($A$2:A15,A16)>0,INDEX($C$2:C15,MATCH(A16,$A$2:A15,0)),"")
A17: =IFERROR(__xludf.DUMMYFUNCTION("IF(B17="""","""",RIGHT(REGEXREPLACE(B17&"""",""[^0-9]"",""""),9))"),"777471118") -> 777471118 | B17: 777471118 | C17: F70014 | D17: muthumali | E17: 46226 | F17: No Answer | G17: 11 | J17: =IF(COUNTIF($A$2:A16,A17)>0,"Yes - see Previous F-Code","No") -> No | K17: =IF(COUNTIFS($A$2:A17,A17,$I$2:I17,I17)>1,"DUPLICATE - CHECK","") | L17: =IF(COUNTIF($A$2:A16,A17)>0,INDEX($C$2:C16,MATCH(A17,$A$2:A16,0)),"")
A18: =IFERROR(__xludf.DUMMYFUNCTION("IF(B18="""","""",RIGHT(REGEXREPLACE(B18&"""",""[^0-9]"",""""),9))"),"705238969") -> 705238969 | B18: 705238969 | C18: F70015 | D18: muthumali | E18: 46226 | F18: Contacted | G18: 11 | J18: =IF(COUNTIF($A$2:A17,A18)>0,"Yes - see Previous F-Code","No") -> No | K18: =IF(COUNTIFS($A$2:A18,A18,$I$2:I18,I18)>1,"DUPLICATE - CHECK","") | L18: =IF(COUNTIF($A$2:A17,A18)>0,INDEX($C$2:C17,MATCH(A18,$A$2:A17,0)),"")
A19: =IFERROR(__xludf.DUMMYFUNCTION("IF(B19="""","""",RIGHT(REGEXREPLACE(B19&"""",""[^0-9]"",""""),9))"),"773981644") -> 773981644 | B19: 773981644 | C19: F70016 | D19: kavinda | E19: 46226 | F19: Contacted | G19: 11 | I19: S26 | J19: =IF(COUNTIF($A$2:A18,A19)>0,"Yes - see Previous F-Code","No") -> No | K19: =IF(COUNTIFS($A$2:A19,A19,$I$2:I19,I19)>1,"DUPLICATE - CHECK","") | L19: =IF(COUNTIF($A$2:A18,A19)>0,INDEX($C$2:C18,MATCH(A19,$A$2:A18,0)),"")
A20: =IFERROR(__xludf.DUMMYFUNCTION("IF(B20="""","""",RIGHT(REGEXREPLACE(B20&"""",""[^0-9]"",""""),9))"),"716747001") -> 716747001 | B20: 716747001 | C20: F70017 | D20: shamali | E20: 46226 | I20: S26 | J20: =IF(COUNTIF($A$2:A19,A20)>0,"Yes - see Previous F-Code","No") -> No | K20: =IF(COUNTIFS($A$2:A20,A20,$I$2:I20,I20)>1,"DUPLICATE - CHECK","") | L20: =IF(COUNTIF($A$2:A19,A20)>0,INDEX($C$2:C19,MATCH(A20,$A$2:A19,0)),"")
A21: =IFERROR(__xludf.DUMMYFUNCTION("IF(B21="""","""",RIGHT(REGEXREPLACE(B21&"""",""[^0-9]"",""""),9))"),"763945570") -> 763945570 | B21: 763945570 | C21: F70018 | D21: kavinda | E21: 46226 | F21: Contacted | G21: 11 | I21: S26 | J21: =IF(COUNTIF($A$2:A20,A21)>0,"Yes - see Previous F-Code","No") -> No | K21: =IF(COUNTIFS($A$2:A21,A21,$I$2:I21,I21)>1,"DUPLICATE - CHECK","") | L21: =IF(COUNTIF($A$2:A20,A21)>0,INDEX($C$2:C20,MATCH(A21,$A$2:A20,0)),"")
A22: =IFERROR(__xludf.DUMMYFUNCTION("IF(B22="""","""",RIGHT(REGEXREPLACE(B22&"""",""[^0-9]"",""""),9))"),"703936681") -> 703936681 | B22: 703936681 | C22: F70019 | D22: muthumali | E22: 46226 | F22: Contacted | G22: 11 | J22: =IF(COUNTIF($A$2:A21,A22)>0,"Yes - see Previous F-Code","No") -> No | K22: =IF(COUNTIFS($A$2:A22,A22,$I$2:I22,I22)>1,"DUPLICATE - CHECK","") | L22: =IF(COUNTIF($A$2:A21,A22)>0,INDEX($C$2:C21,MATCH(A22,$A$2:A21,0)),"")
A23: =IFERROR(__xludf.DUMMYFUNCTION("IF(B23="""","""",RIGHT(REGEXREPLACE(B23&"""",""[^0-9]"",""""),9))"),"784501127") -> 784501127 | B23: 784501127 | C23: F70020 | D23: kavinda | E23: 46226 | F23: Not Interested | I23: S26 | J23: =IF(COUNTIF($A$2:A22,A23)>0,"Yes - see Previous F-Code","No") -> No | K23: =IF(COUNTIFS($A$2:A23,A23,$I$2:I23,I23)>1,"DUPLICATE - CHECK","") | L23: =IF(COUNTIF($A$2:A22,A23)>0,INDEX($C$2:C22,MATCH(A23,$A$2:A22,0)),"")
A24: =IFERROR(__xludf.DUMMYFUNCTION("IF(B24="""","""",RIGHT(REGEXREPLACE(B24&"""",""[^0-9]"",""""),9))"),"766323831") -> 766323831 | B24: 766323831 | C24: F70021 | D24: kavinda | E24: 46226 | F24: No Answer | G24: 10 | I24: S26 | J24: =IF(COUNTIF($A$2:A23,A24)>0,"Yes - see Previous F-Code","No") -> No | K24: =IF(COUNTIFS($A$2:A24,A24,$I$2:I24,I24)>1,"DUPLICATE - CHECK","") | L24: =IF(COUNTIF($A$2:A23,A24)>0,INDEX($C$2:C23,MATCH(A24,$A$2:A23,0)),"")
A25: =IFERROR(__xludf.DUMMYFUNCTION("IF(B25="""","""",RIGHT(REGEXREPLACE(B25&"""",""[^0-9]"",""""),9))"),"703577703") -> 703577703 | B25: 703577703 | C25: F70024 | D25: muthumali | E25: 46226 | F25: No Answer | J25: =IF(COUNTIF($A$2:A24,A25)>0,"Yes - see Previous F-Code","No") -> No | K25: =IF(COUNTIFS($A$2:A25,A25,$I$2:I25,I25)>1,"DUPLICATE - CHECK","") | L25: =IF(COUNTIF($A$2:A24,A25)>0,INDEX($C$2:C24,MATCH(A25,$A$2:A24,0)),"")
A26: =IFERROR(__xludf.DUMMYFUNCTION("IF(B26="""","""",RIGHT(REGEXREPLACE(B26&"""",""[^0-9]"",""""),9))"),"727009037") -> 727009037 | B26: 727009037 | C26: F70022 | D26: shamali | E26: 46226 | F26: No Answer | I26: S26 | J26: =IF(COUNTIF($A$2:A25,A26)>0,"Yes - see Previous F-Code","No") -> No | K26: =IF(COUNTIFS($A$2:A26,A26,$I$2:I26,I26)>1,"DUPLICATE - CHECK","") | L26: =IF(COUNTIF($A$2:A25,A26)>0,INDEX($C$2:C25,MATCH(A26,$A$2:A25,0)),"")
A27: =IFERROR(__xludf.DUMMYFUNCTION("IF(B27="""","""",RIGHT(REGEXREPLACE(B27&"""",""[^0-9]"",""""),9))"),"774435357") -> 774435357 | B27: 774435357 | C27: F70023 | D27: kavinda | E27: 46226 | F27: Contacted | G27: 11 | I27: S26 | J27: =IF(COUNTIF($A$2:A26,A27)>0,"Yes - see Previous F-Code","No") -> No | K27: =IF(COUNTIFS($A$2:A27,A27,$I$2:I27,I27)>1,"DUPLICATE - CHECK","") | L27: =IF(COUNTIF($A$2:A26,A27)>0,INDEX($C$2:C26,MATCH(A27,$A$2:A26,0)),"")
A28: =IFERROR(__xludf.DUMMYFUNCTION("IF(B28="""","""",RIGHT(REGEXREPLACE(B28&"""",""[^0-9]"",""""),9))"),"718066694") -> 718066694 | B28: 718066694 | C28: F70026 | E28: 46226 | J28: =IF(COUNTIF($A$2:A27,A28)>0,"Yes - see Previous F-Code","No") -> No | K28: =IF(COUNTIFS($A$2:A28,A28,$I$2:I28,I28)>1,"DUPLICATE - CHECK","") | L28: =IF(COUNTIF($A$2:A27,A28)>0,INDEX($C$2:C27,MATCH(A28,$A$2:A27,0)),"")
A29: =IFERROR(__xludf.DUMMYFUNCTION("IF(B29="""","""",RIGHT(REGEXREPLACE(B29&"""",""[^0-9]"",""""),9))"),"710165336") -> 710165336 | B29: 710165336 | C29: F70025 | D29: muthumali | E29: 46226 | F29: No Answer | G29: 11 | J29: =IF(COUNTIF($A$2:A28,A29)>0,"Yes - see Previous F-Code","No") -> No | K29: =IF(COUNTIFS($A$2:A29,A29,$I$2:I29,I29)>1,"DUPLICATE - CHECK","") | L29: =IF(COUNTIF($A$2:A28,A29)>0,INDEX($C$2:C28,MATCH(A29,$A$2:A28,0)),"")
A31: =IFERROR(__xludf.DUMMYFUNCTION("IF(B31="""","""",RIGHT(REGEXREPLACE(B31&"""",""[^0-9]"",""""),9))"),"769365683") -> 769365683 | B31: 769365683 | C31: F70027 | D31: muthumali | E31: 46226 | F31: Contacted | G31: 11 | J31: =IF(COUNTIF($A$2:A30,A31)>0,"Yes - see Previous F-Code","No") -> No | K31: =IF(COUNTIFS($A$2:A31,A31,$I$2:I31,I31)>1,"DUPLICATE - CHECK","") | L31: =IF(COUNTIF($A$2:A30,A31)>0,INDEX($C$2:C30,MATCH(A31,$A$2:A30,0)),"")
A32: =IFERROR(__xludf.DUMMYFUNCTION("IF(B32="""","""",RIGHT(REGEXREPLACE(B32&"""",""[^0-9]"",""""),9))"),"711993176") -> 711993176 | B32: 94711993176 | C32: F70028 | D32: Ama | E32: 46226 | F32: Contacted | G32: 9 | I32: S26 | J32: =IF(COUNTIF($A$2:A31,A32)>0,"Yes - see Previous F-Code","No") -> No | K32: =IF(COUNTIFS($A$2:A32,A32,$I$2:I32,I32)>1,"DUPLICATE - CHECK","") | L32: =IF(COUNTIF($A$2:A31,A32)>0,INDEX($C$2:C31,MATCH(A32,$A$2:A31,0)),"")
A33: =IFERROR(__xludf.DUMMYFUNCTION("IF(B33="""","""",RIGHT(REGEXREPLACE(B33&"""",""[^0-9]"",""""),9))"),"") | K33: =IF(COUNTIFS($A$2:A33,A33,$I$2:I33,I33)>1,"DUPLICATE - CHECK","")
A34: =IFERROR(__xludf.DUMMYFUNCTION("IF(B34="""","""",RIGHT(REGEXREPLACE(B34&"""",""[^0-9]"",""""),9))"),"765254282") -> 765254282 | B34: 765254282 | C34: F70029 | D34: shamali | E34: 46226 | F34: Contacted | G34: 11,10 | I34: S26 | J34: =IF(COUNTIF($A$2:A33,A34)>0,"Yes - see Previous F-Code","No") -> No | K34: =IF(COUNTIFS($A$2:A34,A34,$I$2:I34,I34)>1,"DUPLICATE - CHECK","") | L34: {=IF(COUNTIF($A$2:A33,A34)>0,INDEX($C$2:C33,MATCH(A34,$A$2:A33,0)),"")}
A36: =IFERROR(__xludf.DUMMYFUNCTION("IF(B36="""","""",RIGHT(REGEXREPLACE(B36&"""",""[^0-9]"",""""),9))"),"701026904") -> 701026904 | B36: 701026904 | C36: F70030 | D36: kavinda | E36: 46226 | F36: No Answer | G36: 8 | J36: =IF(COUNTIF($A$2:A35,A36)>0,"Yes - see Previous F-Code","No") -> No | K36: =IF(COUNTIFS($A$2:A36,A36,$I$2:I36,I36)>1,"DUPLICATE - CHECK","") | L36: =IF(COUNTIF($A$2:A35,A36)>0,INDEX($C$2:C35,MATCH(A36,$A$2:A35,0)),"")
A37: =IFERROR(__xludf.DUMMYFUNCTION("IF(B37="""","""",RIGHT(REGEXREPLACE(B37&"""",""[^0-9]"",""""),9))"),"702580544") -> 702580544 | B37: 702580544 | C37: F70031 | D37: shamali | E37: 46226 | F37: Contacted | G37: 11 | I37: S26 | J37: =IF(COUNTIF($A$2:A36,A37)>0,"Yes - see Previous F-Code","No") -> No | K37: =IF(COUNTIFS($A$2:A37,A37,$I$2:I37,I37)>1,"DUPLICATE - CHECK","") | L37: =IF(COUNTIF($A$2:A36,A37)>0,INDEX($C$2:C36,MATCH(A37,$A$2:A36,0)),"")
A38: =IFERROR(__xludf.DUMMYFUNCTION("IF(B38="""","""",RIGHT(REGEXREPLACE(B38&"""",""[^0-9]"",""""),9))"),"772732100") -> 772732100 | B38: 772732100 | C38: F70032 | D38: shamali | E38: 46226 | F38: Not Interested | I38: S26 | J38: =IF(COUNTIF($A$2:A37,A38)>0,"Yes - see Previous F-Code","No") -> No | K38: =IF(COUNTIFS($A$2:A38,A38,$I$2:I38,I38)>1,"DUPLICATE - CHECK","") | L38: =IF(COUNTIF($A$2:A37,A38)>0,INDEX($C$2:C37,MATCH(A38,$A$2:A37,0)),"")
A39: =IFERROR(__xludf.DUMMYFUNCTION("IF(B39="""","""",RIGHT(REGEXREPLACE(B39&"""",""[^0-9]"",""""),9))"),"777007650") -> 777007650 | B39: 777007650 | C39: F70033 | D39: Ama | E39: 46226 | F39: No Answer | I39: S26 | J39: =IF(COUNTIF($A$2:A38,A39)>0,"Yes - see Previous F-Code","No") -> No | K39: =IF(COUNTIFS($A$2:A39,A39,$I$2:I39,I39)>1,"DUPLICATE - CHECK","") | L39: =IF(COUNTIF($A$2:A38,A39)>0,INDEX($C$2:C38,MATCH(A39,$A$2:A38,0)),"")
A40: =IFERROR(__xludf.DUMMYFUNCTION("IF(B40="""","""",RIGHT(REGEXREPLACE(B40&"""",""[^0-9]"",""""),9))"),"764519540") -> 764519540 | B40: 764519540 | C40: F70038 | D40: kavinda | E40: 46226 | F40: Contacted | G40: 11 | I40: S26 | J40: =IF(COUNTIF($A$2:A39,A40)>0,"Yes - see Previous F-Code","No") -> No | K40: =IF(COUNTIFS($A$2:A40,A40,$I$2:I40,I40)>1,"DUPLICATE - CHECK","") | L40: =IF(COUNTIF($A$2:A39,A40)>0,INDEX($C$2:C39,MATCH(A40,$A$2:A39,0)),"")
A41: =IFERROR(__xludf.DUMMYFUNCTION("IF(B41="""","""",RIGHT(REGEXREPLACE(B41&"""",""[^0-9]"",""""),9))"),"779890412") -> 779890412 | B41: 779890412 | C41: F70034 | D41: muthumali | E41: 46226 | F41: No Answer | G41: 10 | I41: S26 | J41: =IF(COUNTIF($A$2:A40,A41)>0,"Yes - see Previous F-Code","No") -> No | K41: =IF(COUNTIFS($A$2:A41,A41,$I$2:I41,I41)>1,"DUPLICATE - CHECK","") | L41: =IF(COUNTIF($A$2:A40,A41)>0,INDEX($C$2:C40,MATCH(A41,$A$2:A40,0)),"")
A42: =IFERROR(__xludf.DUMMYFUNCTION("IF(B42="""","""",RIGHT(REGEXREPLACE(B42&"""",""[^0-9]"",""""),9))"),"768369790") -> 768369790 | B42: 94768369790 | C42: F70035 | D42: umesh | E42: 46226 | F42: No Answer | I42: S26 | J42: =IF(COUNTIF($A$2:A41,A42)>0,"Yes - see Previous F-Code","No") -> No | K42: =IF(COUNTIFS($A$2:A42,A42,$I$2:I42,I42)>1,"DUPLICATE - CHECK","") | L42: =IF(COUNTIF($A$2:A41,A42)>0,INDEX($C$2:C41,MATCH(A42,$A$2:A41,0)),"")
A43: =IFERROR(__xludf.DUMMYFUNCTION("IF(B43="""","""",RIGHT(REGEXREPLACE(B43&"""",""[^0-9]"",""""),9))"),"767287836") -> 767287836 | B43: 767287836 | C43: F70036 | D43: muthumali | E43: 46226 | F43: Contacted | G43: 11 | I43: S26 | J43: =IF(COUNTIF($A$2:A42,A43)>0,"Yes - see Previous F-Code","No") -> No | K43: =IF(COUNTIFS($A$2:A43,A43,$I$2:I43,I43)>1,"DUPLICATE - CHECK","") | L43: =IF(COUNTIF($A$2:A42,A43)>0,INDEX($C$2:C42,MATCH(A43,$A$2:A42,0)),"")
A44: =IFERROR(__xludf.DUMMYFUNCTION("IF(B44="""","""",RIGHT(REGEXREPLACE(B44&"""",""[^0-9]"",""""),9))"),"772577091") -> 772577091 | B44: 94772577091 | C44: F70037 | D44: umesh | E44: 46226 | F44: No Answer | I44: S26 | J44: =IF(COUNTIF($A$2:A43,A44)>0,"Yes - see Previous F-Code","No") -> No | K44: =IF(COUNTIFS($A$2:A44,A44,$I$2:I44,I44)>1,"DUPLICATE - CHECK","") | L44: =IF(COUNTIF($A$2:A43,A44)>0,INDEX($C$2:C43,MATCH(A44,$A$2:A43,0)),"")
A45: =IFERROR(__xludf.DUMMYFUNCTION("IF(B45="""","""",RIGHT(REGEXREPLACE(B45&"""",""[^0-9]"",""""),9))"),"741558418") -> 741558418 | B45: 741558418 | C45: F70039 | D45: Ama | E45: 46226 | F45: No Answer | I45: S26 | J45: =IF(COUNTIF($A$2:A44,A45)>0,"Yes - see Previous F-Code","No") -> No | K45: =IF(COUNTIFS($A$2:A45,A45,$I$2:I45,I45)>1,"DUPLICATE - CHECK","") | L45: =IF(COUNTIF($A$2:A44,A45)>0,INDEX($C$2:C44,MATCH(A45,$A$2:A44,0)),"")
A46: =IFERROR(__xludf.DUMMYFUNCTION("IF(B46="""","""",RIGHT(REGEXREPLACE(B46&"""",""[^0-9]"",""""),9))"),"717490051") -> 717490051 | B46: 717490051 | C46: F70042 | D46: kavinda | E46: 46226 | F46: No Answer | I46: S26 | J46: =IF(COUNTIF($A$2:A45,A46)>0,"Yes - see Previous F-Code","No") -> No | K46: =IF(COUNTIFS($A$2:A46,A46,$I$2:I46,I46)>1,"DUPLICATE - CHECK","") | L46: =IF(COUNTIF($A$2:A45,A46)>0,INDEX($C$2:C45,MATCH(A46,$A$2:A45,0)),"")
A47: =IFERROR(__xludf.DUMMYFUNCTION("IF(B47="""","""",RIGHT(REGEXREPLACE(B47&"""",""[^0-9]"",""""),9))"),"741603448") -> 741603448 | B47: 741603448 | C47: F70044 | D47: muthumali | E47: 46226 | F47: Contacted | G47: 11 | I47: S26 | J47: =IF(COUNTIF($A$2:A46,A47)>0,"Yes - see Previous F-Code","No") -> No | K47: =IF(COUNTIFS($A$2:A47,A47,$I$2:I47,I47)>1,"DUPLICATE - CHECK","") | L47: =IF(COUNTIF($A$2:A46,A47)>0,INDEX($C$2:C46,MATCH(A47,$A$2:A46,0)),"")
A48: =IFERROR(__xludf.DUMMYFUNCTION("IF(B48="""","""",RIGHT(REGEXREPLACE(B48&"""",""[^0-9]"",""""),9))"),"718248235") -> 718248235 | B48: 718248235 | C48: F70041 | D48: Ama | E48: 46226 | F48: Contacted | G48: 10 | I48: S26 | J48: =IF(COUNTIF($A$2:A47,A48)>0,"Yes - see Previous F-Code","No") -> No | K48: =IF(COUNTIFS($A$2:A48,A48,$I$2:I48,I48)>1,"DUPLICATE - CHECK","") | L48: =IF(COUNTIF($A$2:A47,A48)>0,INDEX($C$2:C47,MATCH(A48,$A$2:A47,0)),"")
A49: =IFERROR(__xludf.DUMMYFUNCTION("IF(B49="""","""",RIGHT(REGEXREPLACE(B49&"""",""[^0-9]"",""""),9))"),"775802531") -> 775802531 | B49: 775802531 | C49: F70045 | D49: kavinda | E49: 46226 | F49: Contacted | G49: 11 | I49: S26 | J49: =IF(COUNTIF($A$2:A48,A49)>0,"Yes - see Previous F-Code","No") -> No | K49: =IF(COUNTIFS($A$2:A49,A49,$I$2:I49,I49)>1,"DUPLICATE - CHECK","") | L49: =IF(COUNTIF($A$2:A48,A49)>0,INDEX($C$2:C48,MATCH(A49,$A$2:A48,0)),"")
A50: =IFERROR(__xludf.DUMMYFUNCTION("IF(B50="""","""",RIGHT(REGEXREPLACE(B50&"""",""[^0-9]"",""""),9))"),"763279075") -> 763279075 | B50: 94763279075 | C50: F70040 | D50: umesh | E50: 46226 | F50: No Answer | I50: S26 | J50: =IF(COUNTIF($A$2:A49,A50)>0,"Yes - see Previous F-Code","No") -> No | K50: =IF(COUNTIFS($A$2:A50,A50,$I$2:I50,I50)>1,"DUPLICATE - CHECK","") | L50: =IF(COUNTIF($A$2:A49,A50)>0,INDEX($C$2:C49,MATCH(A50,$A$2:A49,0)),"")
A51: =IFERROR(__xludf.DUMMYFUNCTION("IF(B51="""","""",RIGHT(REGEXREPLACE(B51&"""",""[^0-9]"",""""),9))"),"772508309") -> 772508309 | B51: =+94772508309 -> 94772508309 | C51: F70043 | D51: umesh | E51: 46226 | F51: Contacted | G51: 11 | I51: S26 | J51: =IF(COUNTIF($A$2:A50,A51)>0,"Yes - see Previous F-Code","No") -> No | K51: =IF(COUNTIFS($A$2:A51,A51,$I$2:I51,I51)>1,"DUPLICATE - CHECK","") | L51: =IF(COUNTIF($A$2:A50,A51)>0,INDEX($C$2:C50,MATCH(A51,$A$2:A50,0)),"")
A52: =IFERROR(__xludf.DUMMYFUNCTION("IF(B52="""","""",RIGHT(REGEXREPLACE(B52&"""",""[^0-9]"",""""),9))"),"779994616") -> 779994616 | B52: 94779994616 | C52: F70046 | D52: umesh | E52: 46226 | F52: No Answer | I52: S26 | J52: =IF(COUNTIF($A$2:A51,A52)>0,"Yes - see Previous F-Code","No") -> No | K52: =IF(COUNTIFS($A$2:A52,A52,$I$2:I52,I52)>1,"DUPLICATE - CHECK","") | L52: =IF(COUNTIF($A$2:A51,A52)>0,INDEX($C$2:C51,MATCH(A52,$A$2:A51,0)),"")
A53: =IFERROR(__xludf.DUMMYFUNCTION("IF(B53="""","""",RIGHT(REGEXREPLACE(B53&"""",""[^0-9]"",""""),9))"),"784731796") -> 784731796 | B53: 784731796 | C53: F70047 | D53: muthumali | E53: 46226 | G53: 11 | I53: S26 | J53: =IF(COUNTIF($A$2:A52,A53)>0,"Yes - see Previous F-Code","No") -> No | K53: =IF(COUNTIFS($A$2:A53,A53,$I$2:I53,I53)>1,"DUPLICATE - CHECK","") | L53: =IF(COUNTIF($A$2:A52,A53)>0,INDEX($C$2:C52,MATCH(A53,$A$2:A52,0)),"")
A54: =IFERROR(__xludf.DUMMYFUNCTION("IF(B54="""","""",RIGHT(REGEXREPLACE(B54&"""",""[^0-9]"",""""),9))"),"762502362") -> 762502362 | B54: 762502362 | C54: F70048 | D54: Ama | E54: 46226 | F54: Second Call Pending | I54: S26 | J54: =IF(COUNTIF($A$2:A53,A54)>0,"Yes - see Previous F-Code","No") -> No | K54: =IF(COUNTIFS($A$2:A54,A54,$I$2:I54,I54)>1,"DUPLICATE - CHECK","") | L54: =IF(COUNTIF($A$2:A53,A54)>0,INDEX($C$2:C53,MATCH(A54,$A$2:A53,0)),"")
A55: =IFERROR(__xludf.DUMMYFUNCTION("IF(B55="""","""",RIGHT(REGEXREPLACE(B55&"""",""[^0-9]"",""""),9))"),"729578807") -> 729578807 | B55: 729578807 | C55: F70049 | D55: kavinda | E55: 46226 | F55: Contacted | G55: 11 | I55: S26 | J55: =IF(COUNTIF($A$2:A54,A55)>0,"Yes - see Previous F-Code","No") -> No | K55: =IF(COUNTIFS($A$2:A55,A55,$I$2:I55,I55)>1,"DUPLICATE - CHECK","") | L55: =IF(COUNTIF($A$2:A54,A55)>0,INDEX($C$2:C54,MATCH(A55,$A$2:A54,0)),"")
A56: =IFERROR(__xludf.DUMMYFUNCTION("IF(B56="""","""",RIGHT(REGEXREPLACE(B56&"""",""[^0-9]"",""""),9))"),"774750880") -> 774750880 | B56: 774750880 | C56: F70050 | D56: shamali | E56: 46226 | F56: Contacted | G56: 11 | H56: En m | I56: S26 | J56: =IF(COUNTIF($A$2:A55,A56)>0,"Yes - see Previous F-Code","No") -> No | K56: =IF(COUNTIFS($A$2:A56,A56,$I$2:I56,I56)>1,"DUPLICATE - CHECK","") | L56: =IF(COUNTIF($A$2:A55,A56)>0,INDEX($C$2:C55,MATCH(A56,$A$2:A55,0)),"")
A57: =IFERROR(__xludf.DUMMYFUNCTION("IF(B57="""","""",RIGHT(REGEXREPLACE(B57&"""",""[^0-9]"",""""),9))"),"719245094") -> 719245094 | B57: 719245094 | C57: F70051 | D57: muthumali | E57: 46226 | F57: No Answer | G57: 11 | I57: S26 | J57: =IF(COUNTIF($A$2:A56,A57)>0,"Yes - see Previous F-Code","No") -> No | K57: =IF(COUNTIFS($A$2:A57,A57,$I$2:I57,I57)>1,"DUPLICATE - CHECK","") | L57: =IF(COUNTIF($A$2:A56,A57)>0,INDEX($C$2:C56,MATCH(A57,$A$2:A56,0)),"")
A58: =IFERROR(__xludf.DUMMYFUNCTION("IF(B58="""","""",RIGHT(REGEXREPLACE(B58&"""",""[^0-9]"",""""),9))"),"719381931") -> 719381931 | B58: 719381931 | C58: F70052 | D58: shamali | E58: 46226 | F58: Contacted | G58: 11 | I58: S26 | J58: =IF(COUNTIF($A$2:A57,A58)>0,"Yes - see Previous F-Code","No") -> No | K58: =IF(COUNTIFS($A$2:A58,A58,$I$2:I58,I58)>1,"DUPLICATE - CHECK","") | L58: =IF(COUNTIF($A$2:A57,A58)>0,INDEX($C$2:C57,MATCH(A58,$A$2:A57,0)),"")
A59: =IFERROR(__xludf.DUMMYFUNCTION("IF(B59="""","""",RIGHT(REGEXREPLACE(B59&"""",""[^0-9]"",""""),9))"),"763596088") -> 763596088 | B59: 763596088 | C59: F70053 | D59: muthumali | E59: 46226 | F59: Contacted | G59: 11 | I59: S26 | J59: =IF(COUNTIF($A$2:A58,A59)>0,"Yes - see Previous F-Code","No") -> No | K59: =IF(COUNTIFS($A$2:A59,A59,$I$2:I59,I59)>1,"DUPLICATE - CHECK","") | L59: =IF(COUNTIF($A$2:A58,A59)>0,INDEX($C$2:C58,MATCH(A59,$A$2:A58,0)),"")
A60: =IFERROR(__xludf.DUMMYFUNCTION("IF(B60="""","""",RIGHT(REGEXREPLACE(B60&"""",""[^0-9]"",""""),9))"),"716427267") -> 716427267 | B60: 716427267 | C60: F70054 | D60: kavinda | E60: 46226 | F60: Not Interested | I60: S26 | J60: =IF(COUNTIF($A$2:A59,A60)>0,"Yes - see Previous F-Code","No") -> No | K60: =IF(COUNTIFS($A$2:A60,A60,$I$2:I60,I60)>1,"DUPLICATE - CHECK","") | L60: =IF(COUNTIF($A$2:A59,A60)>0,INDEX($C$2:C59,MATCH(A60,$A$2:A59,0)),"")
A61: =IFERROR(__xludf.DUMMYFUNCTION("IF(B61="""","""",RIGHT(REGEXREPLACE(B61&"""",""[^0-9]"",""""),9))"),"754205669") -> 754205669 | B61: 4754205669 | C61: F70055 | D61: Ama | E61: 46226 | F61: Contacted | G61: 11 | I61: S26 | J61: =IF(COUNTIF($A$2:A60,A61)>0,"Yes - see Previous F-Code","No") -> No | K61: =IF(COUNTIFS($A$2:A61,A61,$I$2:I61,I61)>1,"DUPLICATE - CHECK","") | L61: =IF(COUNTIF($A$2:A60,A61)>0,INDEX($C$2:C60,MATCH(A61,$A$2:A60,0)),"")
A62: =IFERROR(__xludf.DUMMYFUNCTION("IF(B62="""","""",RIGHT(REGEXREPLACE(B62&"""",""[^0-9]"",""""),9))"),"765786831") -> 765786831 | B62: 765786831 | C62: F70057 | D62: muthumali | E62: 46226 | F62: No Answer | I62: S26 | J62: =IF(COUNTIF($A$2:A61,A62)>0,"Yes - see Previous F-Code","No") -> No | K62: =IF(COUNTIFS($A$2:A62,A62,$I$2:I62,I62)>1,"DUPLICATE - CHECK","") | L62: =IF(COUNTIF($A$2:A61,A62)>0,INDEX($C$2:C61,MATCH(A62,$A$2:A61,0)),"")
A63: =IFERROR(__xludf.DUMMYFUNCTION("IF(B63="""","""",RIGHT(REGEXREPLACE(B63&"""",""[^0-9]"",""""),9))"),"715626139") -> 715626139 | B63: 715626139 | C63: F70056 | D63: shamali | E63: 46226 | F63: Contacted | G63: 11 | I63: S26 | J63: =IF(COUNTIF($A$2:A62,A63)>0,"Yes - see Previous F-Code","No") -> No | K63: =IF(COUNTIFS($A$2:A63,A63,$I$2:I63,I63)>1,"DUPLICATE - CHECK","") | L63: =IF(COUNTIF($A$2:A62,A63)>0,INDEX($C$2:C62,MATCH(A63,$A$2:A62,0)),"")
A64: =IFERROR(__xludf.DUMMYFUNCTION("IF(B64="""","""",RIGHT(REGEXREPLACE(B64&"""",""[^0-9]"",""""),9))"),"727370793") -> 727370793 | B64: 727370793 | C64: F70058 | D64: Ama | E64: 46226 | F64: No Answer | I64: S26 | J64: =IF(COUNTIF($A$2:A63,A64)>0,"Yes - see Previous F-Code","No") -> No | K64: =IF(COUNTIFS($A$2:A64,A64,$I$2:I64,I64)>1,"DUPLICATE - CHECK","") | L64: =IF(COUNTIF($A$2:A63,A64)>0,INDEX($C$2:C63,MATCH(A64,$A$2:A63,0)),"")
A65: =IFERROR(__xludf.DUMMYFUNCTION("IF(B65="""","""",RIGHT(REGEXREPLACE(B65&"""",""[^0-9]"",""""),9))"),"") | C65: F70059 | D65: muthumali | E65: 46226 | F65: No Answer | I65: S26 | J65: =IF(COUNTIF($A$2:A64,A65)>0,"Yes - see Previous F-Code","No") -> Yes - see Previous F-Code | K65: =IF(COUNTIFS($A$2:A65,A65,$I$2:I65,I65)>1,"DUPLICATE - CHECK","") | L65: =IF(COUNTIF($A$2:A64,A65)>0,INDEX($C$2:C64,MATCH(A65,$A$2:A64,0)),"")
A66: =IFERROR(__xludf.DUMMYFUNCTION("IF(B66="""","""",RIGHT(REGEXREPLACE(B66&"""",""[^0-9]"",""""),9))"),"705506939") -> 705506939 | B66: 705506939 | C66: F70060 | D66: kavinda | E66: 46226 | I66: S26 | J66: =IF(COUNTIF($A$2:A65,A66)>0,"Yes - see Previous F-Code","No") -> No | K66: =IF(COUNTIFS($A$2:A66,A66,$I$2:I66,I66)>1,"DUPLICATE - CHECK","") | L66: =IF(COUNTIF($A$2:A65,A66)>0,INDEX($C$2:C65,MATCH(A66,$A$2:A65,0)),"")
I67: S26
A68: =IFERROR(__xludf.DUMMYFUNCTION("IF(B68="""","""",RIGHT(REGEXREPLACE(B68&"""",""[^0-9]"",""""),9))"),"762992915") -> 762992915 | B68: 762992915 | C68: F70061 | D68: muthumali | E68: 46226 | F68: No Answer | I68: S26 | J68: =IF(COUNTIF($A$2:A67,A68)>0,"Yes - see Previous F-Code","No") -> No | K68: =IF(COUNTIFS($A$2:A68,A68,$I$2:I68,I68)>1,"DUPLICATE - CHECK","") | L68: =IF(COUNTIF($A$2:A67,A68)>0,INDEX($C$2:C67,MATCH(A68,$A$2:A67,0)),"")
A69: =IFERROR(__xludf.DUMMYFUNCTION("IF(B69="""","""",RIGHT(REGEXREPLACE(B69&"""",""[^0-9]"",""""),9))"),"767370474") -> 767370474 | B69: 767370474 | C69: F70062 | D69: shamali | E69: 46226 | F69: Contacted | G69: 10 | I69: S26 | J69: =IF(COUNTIF($A$2:A68,A69)>0,"Yes - see Previous F-Code","No") -> No | K69: =IF(COUNTIFS($A$2:A69,A69,$I$2:I69,I69)>1,"DUPLICATE - CHECK","") | L69: =IF(COUNTIF($A$2:A68,A69)>0,INDEX($C$2:C68,MATCH(A69,$A$2:A68,0)),"")
A70: =IFERROR(__xludf.DUMMYFUNCTION("IF(B70="""","""",RIGHT(REGEXREPLACE(B70&"""",""[^0-9]"",""""),9))"),"774132822") -> 774132822 | B70: 774132822 | C70: F70064 | D70: muthumali | E70: 46226 | F70: Contacted | G70: 10,11 | I70: S26 | J70: =IF(COUNTIF($A$2:A69,A70)>0,"Yes - see Previous F-Code","No") -> No | K70: =IF(COUNTIFS($A$2:A70,A70,$I$2:I70,I70)>1,"DUPLICATE - CHECK","") | L70: =IF(COUNTIF($A$2:A69,A70)>0,INDEX($C$2:C69,MATCH(A70,$A$2:A69,0)),"")
A71: =IFERROR(__xludf.DUMMYFUNCTION("IF(B71="""","""",RIGHT(REGEXREPLACE(B71&"""",""[^0-9]"",""""),9))"),"718088305") -> 718088305 | B71: 718088305 | C71: F70063 | D71: Ama | E71: 46226 | F71: Contacted | G71: 11 | I71: S26 | J71: =IF(COUNTIF($A$2:A70,A71)>0,"Yes - see Previous F-Code","No") -> No | K71: =IF(COUNTIFS($A$2:A71,A71,$I$2:I71,I71)>1,"DUPLICATE - CHECK","") | L71: =IF(COUNTIF($A$2:A70,A71)>0,INDEX($C$2:C70,MATCH(A71,$A$2:A70,0)),"")
A72: =IFERROR(__xludf.DUMMYFUNCTION("IF(B72="""","""",RIGHT(REGEXREPLACE(B72&"""",""[^0-9]"",""""),9))"),"771106271") -> 771106271 | B72: 771106271 | C72: F70071 | E72: 46226 | I72: S26 | J72: =IF(COUNTIF($A$2:A71,A72)>0,"Yes - see Previous F-Code","No") -> No | K72: =IF(COUNTIFS($A$2:A72,A72,$I$2:I72,I72)>1,"DUPLICATE - CHECK","") | L72: =IF(COUNTIF($A$2:A71,A72)>0,INDEX($C$2:C71,MATCH(A72,$A$2:A71,0)),"")
A73: =IFERROR(__xludf.DUMMYFUNCTION("IF(B73="""","""",RIGHT(REGEXREPLACE(B73&"""",""[^0-9]"",""""),9))"),"") | C73: F70065 | D73: shamali | E73: 46226 | F73: Contacted | G73: 9 | I73: S26 | J73: =IF(COUNTIF($A$2:A72,A73)>0,"Yes - see Previous F-Code","No") -> Yes - see Previous F-Code | K73: =IF(COUNTIFS($A$2:A73,A73,$I$2:I73,I73)>1,"DUPLICATE - CHECK","") -> DUPLICATE - CHECK | L73: =IF(COUNTIF($A$2:A72,A73)>0,INDEX($C$2:C72,MATCH(A73,$A$2:A72,0)),"")
A74: =IFERROR(__xludf.DUMMYFUNCTION("IF(B74="""","""",RIGHT(REGEXREPLACE(B74&"""",""[^0-9]"",""""),9))"),"783813395") -> 783813395 | B74: 783813395 | C74: F70074 | D74: Ama | E74: 46226 | F74: Contacted | I74: S26 | J74: =IF(COUNTIF($A$2:A73,A74)>0,"Yes - see Previous F-Code","No") -> No | K74: =IF(COUNTIFS($A$2:A74,A74,$I$2:I74,I74)>1,"DUPLICATE - CHECK","") | L74: =IF(COUNTIF($A$2:A73,A74)>0,INDEX($C$2:C73,MATCH(A74,$A$2:A73,0)),"")
A75: =IFERROR(__xludf.DUMMYFUNCTION("IF(B75="""","""",RIGHT(REGEXREPLACE(B75&"""",""[^0-9]"",""""),9))"),"717301396") -> 717301396 | B75: 717301396 | C75: F70066 | D75: muthumali | E75: 46226 | F75: No Answer | G75: 11 | I75: S26 | J75: =IF(COUNTIF($A$2:A74,A75)>0,"Yes - see Previous F-Code","No") -> No | K75: =IF(COUNTIFS($A$2:A75,A75,$I$2:I75,I75)>1,"DUPLICATE - CHECK","") | L75: =IF(COUNTIF($A$2:A74,A75)>0,INDEX($C$2:C74,MATCH(A75,$A$2:A74,0)),"")
A76: =IFERROR(__xludf.DUMMYFUNCTION("IF(B76="""","""",RIGHT(REGEXREPLACE(B76&"""",""[^0-9]"",""""),9))"),"771679093") -> 771679093 | B76: 771679093 | C76: F70069 | D76: kavinda | E76: 46226 | F76: No Answer | I76: S26 | J76: =IF(COUNTIF($A$2:A75,A76)>0,"Yes - see Previous F-Code","No") -> No | K76: =IF(COUNTIFS($A$2:A76,A76,$I$2:I76,I76)>1,"DUPLICATE - CHECK","") | L76: =IF(COUNTIF($A$2:A75,A76)>0,INDEX($C$2:C75,MATCH(A76,$A$2:A75,0)),"")
A77: =IFERROR(__xludf.DUMMYFUNCTION("IF(B77="""","""",RIGHT(REGEXREPLACE(B77&"""",""[^0-9]"",""""),9))"),"704945435") -> 704945435 | B77: 704945435 | C77: F70073 | D77: kavinda | E77: 46226 | F77: Contacted | G77: 10 | I77: S26 | J77: =IF(COUNTIF($A$2:A76,A77)>0,"Yes - see Previous F-Code","No") -> No | K77: =IF(COUNTIFS($A$2:A77,A77,$I$2:I77,I77)>1,"DUPLICATE - CHECK","") | L77: =IF(COUNTIF($A$2:A76,A77)>0,INDEX($C$2:C76,MATCH(A77,$A$2:A76,0)),"")
A78: =IFERROR(__xludf.DUMMYFUNCTION("IF(B78="""","""",RIGHT(REGEXREPLACE(B78&"""",""[^0-9]"",""""),9))"),"760366274") -> 760366274 | B78: 760366274 | C78: F70067 | D78: shamali | E78: 46226 | F78: Invalid | I78: S26 | J78: =IF(COUNTIF($A$2:A77,A78)>0,"Yes - see Previous F-Code","No") -> No | K78: =IF(COUNTIFS($A$2:A78,A78,$I$2:I78,I78)>1,"DUPLICATE - CHECK","") | L78: =IF(COUNTIF($A$2:A77,A78)>0,INDEX($C$2:C77,MATCH(A78,$A$2:A77,0)),"")
A79: =IFERROR(__xludf.DUMMYFUNCTION("IF(B79="""","""",RIGHT(REGEXREPLACE(B79&"""",""[^0-9]"",""""),9))"),"717302940") -> 717302940 | B79: 717302940 | C79: F70068 | D79: Ama | E79: 46226 | F79: Converted | G79: 11 | I79: S26 | J79: =IF(COUNTIF($A$2:A78,A79)>0,"Yes - see Previous F-Code","No") -> No | K79: =IF(COUNTIFS($A$2:A79,A79,$I$2:I79,I79)>1,"DUPLICATE - CHECK","") | L79: =IF(COUNTIF($A$2:A78,A79)>0,INDEX($C$2:C78,MATCH(A79,$A$2:A78,0)),"")
A80: =IFERROR(__xludf.DUMMYFUNCTION("IF(B80="""","""",RIGHT(REGEXREPLACE(B80&"""",""[^0-9]"",""""),9))"),"765444245") -> 765444245 | B80: 765444245 | C80: F70070 | D80: muthumali | E80: 46226 | G80: 11 | I80: S26 | J80: =IF(COUNTIF($A$2:A79,A80)>0,"Yes - see Previous F-Code","No") -> No | K80: =IF(COUNTIFS($A$2:A80,A80,$I$2:I80,I80)>1,"DUPLICATE - CHECK","") | L80: =IF(COUNTIF($A$2:A79,A80)>0,INDEX($C$2:C79,MATCH(A80,$A$2:A79,0)),"")
A81: =IFERROR(__xludf.DUMMYFUNCTION("IF(B81="""","""",RIGHT(REGEXREPLACE(B81&"""",""[^0-9]"",""""),9))"),"771106271") -> 771106271 | B81: 771106271 | C81: F70071 | E81: 46226 | I81: S26 | J81: =IF(COUNTIF($A$2:A80,A81)>0,"Yes - see Previous F-Code","No") -> Yes - see Previous F-Code | K81: =IF(COUNTIFS($A$2:A81,A81,$I$2:I81,I81)>1,"DUPLICATE - CHECK","") -> DUPLICATE - CHECK | L81: =IF(COUNTIF($A$2:A80,A81)>0,INDEX($C$2:C80,MATCH(A81,$A$2:A80,0)),"") -> F70071
I82: S26
I83: S26
A84: =IFERROR(__xludf.DUMMYFUNCTION("IF(B84="""","""",RIGHT(REGEXREPLACE(B84&"""",""[^0-9]"",""""),9))"),"778426619") -> 778426619 | B84: 778426619 | C84: F70072 | D84: muthumali | E84: 46226 | F84: Contacted | G84: 11 | I84: S26 | J84: =IF(COUNTIF($A$2:A83,A84)>0,"Yes - see Previous F-Code","No") -> No | K84: =IF(COUNTIFS($A$2:A84,A84,$I$2:I84,I84)>1,"DUPLICATE - CHECK","") | L84: =IF(COUNTIF($A$2:A83,A84)>0,INDEX($C$2:C83,MATCH(A84,$A$2:A83,0)),"")
A85: =IFERROR(__xludf.DUMMYFUNCTION("IF(B85="""","""",RIGHT(REGEXREPLACE(B85&"""",""[^0-9]"",""""),9))"),"711342417") -> 711342417 | B85: 711342417 | C85: F70075 | D85: muthumali | E85: 46226 | F85: Contacted | G85: 10 | I85: S26 | J85: =IF(COUNTIF($A$2:A84,A85)>0,"Yes - see Previous F-Code","No") -> No | K85: =IF(COUNTIFS($A$2:A85,A85,$I$2:I85,I85)>1,"DUPLICATE - CHECK","") | L85: =IF(COUNTIF($A$2:A84,A85)>0,INDEX($C$2:C84,MATCH(A85,$A$2:A84,0)),"")
I86: S26
I87: S26
I88: S26
A89: =IFERROR(__xludf.DUMMYFUNCTION("IF(B89="""","""",RIGHT(REGEXREPLACE(B89&"""",""[^0-9]"",""""),9))"),"771106271") -> 771106271 | B89: 771106271 | C89: F70071 | D89: shamali | E89: 46226 | I89: S26 | J89: =IF(COUNTIF($A$2:A88,A89)>0,"Yes - see Previous F-Code","No") -> Yes - see Previous F-Code | K89: =IF(COUNTIFS($A$2:A89,A89,$I$2:I89,I89)>1,"DUPLICATE - CHECK","") -> DUPLICATE - CHECK | L89: {=IF(COUNTIF($A$2:A88,A89)>0,INDEX($C$2:C88,MATCH(A89,$A$2:A88,0)),"")} -> F70071
I90: S26
I91: S26
I92: S26
A93: =IFERROR(__xludf.DUMMYFUNCTION("IF(B93="""","""",RIGHT(REGEXREPLACE(B93&"""",""[^0-9]"",""""),9))"),"") | I93: S26 | L93: =IF(COUNTIF($A$2:A92,A93)>0,INDEX($C$2:C92,MATCH(A93,$A$2:A92,0)),"")
A94: =IFERROR(__xludf.DUMMYFUNCTION("IF(B94="""","""",RIGHT(REGEXREPLACE(B94&"""",""[^0-9]"",""""),9))"),"718558435") -> 718558435 | B94: 718558435 | C94: F70076 | D94: kavinda | E94: 46226 | F94: Not Interested | G94: 10 | I94: S26 | J94: =IF(COUNTIF($A$2:A93,A94)>0,"Yes - see Previous F-Code","No") -> No | K94: =IF(COUNTIFS($A$2:A94,A94,$I$2:I94,I94)>1,"DUPLICATE - CHECK","") | L94: =IF(COUNTIF($A$2:A93,A94)>0,INDEX($C$2:C93,MATCH(A94,$A$2:A93,0)),"")
A95: =IFERROR(__xludf.DUMMYFUNCTION("IF(B95="""","""",RIGHT(REGEXREPLACE(B95&"""",""[^0-9]"",""""),9))"),"765410059") -> 765410059 | B95: 765410059 | C95: F70080 | D95: kavinda | E95: 46226 | F95: Contacted | G95: 8,11 | I95: S26 | J95: =IF(COUNTIF($A$2:A94,A95)>0,"Yes - see Previous F-Code","No") -> No | K95: =IF(COUNTIFS($A$2:A95,A95,$I$2:I95,I95)>1,"DUPLICATE - CHECK","") | L95: =IF(COUNTIF($A$2:A94,A95)>0,INDEX($C$2:C94,MATCH(A95,$A$2:A94,0)),"")
A96: =IFERROR(__xludf.DUMMYFUNCTION("IF(B96="""","""",RIGHT(REGEXREPLACE(B96&"""",""[^0-9]"",""""),9))"),"778422145") -> 778422145 | B96: 778422145 | C96: F70077 | D96: shamali | E96: 46226 | F96: Contacted | G96: 11 | I96: S26 | J96: =IF(COUNTIF($A$2:A95,A96)>0,"Yes - see Previous F-Code","No") -> No | K96: =IF(COUNTIFS($A$2:A96,A96,$I$2:I96,I96)>1,"DUPLICATE - CHECK","") | L96: =IF(COUNTIF($A$2:A95,A96)>0,INDEX($C$2:C95,MATCH(A96,$A$2:A95,0)),"")
A97: =IFERROR(__xludf.DUMMYFUNCTION("IF(B97="""","""",RIGHT(REGEXREPLACE(B97&"""",""[^0-9]"",""""),9))"),"") | E97: 46226 | I97: S26 | J97: =IF(COUNTIF($A$2:A96,A97)>0,"Yes - see Previous F-Code","No") -> Yes - see Previous F-Code | K97: =IF(COUNTIFS($A$2:A97,A97,$I$2:I97,I97)>1,"DUPLICATE - CHECK","") -> DUPLICATE - CHECK | L97: =IF(COUNTIF($A$2:A96,A97)>0,INDEX($C$2:C96,MATCH(A97,$A$2:A96,0)),"")
A98: =IFERROR(__xludf.DUMMYFUNCTION("IF(B98="""","""",RIGHT(REGEXREPLACE(B98&"""",""[^0-9]"",""""),9))"),"717915938") -> 717915938 | B98: 717915938 | C98: F70078 | D98: Ama | E98: 46226 | F98: No Answer | I98: S26 | J98: =IF(COUNTIF($A$2:A97,A98)>0,"Yes - see Previous F-Code","No") -> No | K98: =IF(COUNTIFS($A$2:A98,A98,$I$2:I98,I98)>1,"DUPLICATE - CHECK","") | L98: =IF(COUNTIF($A$2:A97,A98)>0,INDEX($C$2:C97,MATCH(A98,$A$2:A97,0)),"")
A99: =IFERROR(__xludf.DUMMYFUNCTION("IF(B99="""","""",RIGHT(REGEXREPLACE(B99&"""",""[^0-9]"",""""),9))"),"764034255") -> 764034255 | B99: 764034255 | C99: F70079 | D99: muthumali | E99: 46226 | F99: Contacted | G99: 11 | I99: S26 | J99: =IF(COUNTIF($A$2:A98,A99)>0,"Yes - see Previous F-Code","No") -> No | K99: =IF(COUNTIFS($A$2:A99,A99,$I$2:I99,I99)>1,"DUPLICATE - CHECK","") | L99: =IF(COUNTIF($A$2:A98,A99)>0,INDEX($C$2:C98,MATCH(A99,$A$2:A98,0)),"")
A100: =IFERROR(__xludf.DUMMYFUNCTION("IF(B100="""","""",RIGHT(REGEXREPLACE(B100&"""",""[^0-9]"",""""),9))"),"779091786") -> 779091786 | B100: 779091786 | C100: F70082 | D100: muthumali | E100: 46226 | F100: Contacted | G100: 11 | I100: S26 | J100: =IF(COUNTIF($A$2:A99,A100)>0,"Yes - see Previous F-Code","No") -> No | K100: =IF(COUNTIFS($A$2:A100,A100,$I$2:I100,I100)>1,"DUPLICATE - CHECK","") | L100: =IF(COUNTIF($A$2:A99,A100)>0,INDEX($C$2:C99,MATCH(A100,$A$2:A99,0)),"")
A101: =IFERROR(__xludf.DUMMYFUNCTION("IF(B101="""","""",RIGHT(REGEXREPLACE(B101&"""",""[^0-9]"",""""),9))"),"763627921") -> 763627921 | B101: 763627921 | C101: F70081 | D101: Ama | E101: 46226 | F101: No Answer | I101: S26 | J101: =IF(COUNTIF($A$2:A100,A101)>0,"Yes - see Previous F-Code","No") -> No | K101: =IF(COUNTIFS($A$2:A101,A101,$I$2:I101,I101)>1,"DUPLICATE - CHECK","") | L101: =IF(COUNTIF($A$2:A100,A101)>0,INDEX($C$2:C100,MATCH(A101,$A$2:A100,0)),"")
A102: =IFERROR(__xludf.DUMMYFUNCTION("IF(B102="""","""",RIGHT(REGEXREPLACE(B102&"""",""[^0-9]"",""""),9))"),"785362936") -> 785362936 | B102: 785362936 | C102: F70083 | D102: shamali | E102: 46226 | F102: Contacted | G102: 11 | I102: S26 | J102: =IF(COUNTIF($A$2:A101,A102)>0,"Yes - see Previous F-Code","No") -> No | K102: =IF(COUNTIFS($A$2:A102,A102,$I$2:I102,I102)>1,"DUPLICATE - CHECK","") | L102: =IF(COUNTIF($A$2:A101,A102)>0,INDEX($C$2:C101,MATCH(A102,$A$2:A101,0)),"")
A103: =IFERROR(__xludf.DUMMYFUNCTION("IF(B103="""","""",RIGHT(REGEXREPLACE(B103&"""",""[^0-9]"",""""),9))"),"768057433") -> 768057433 | B103: 768057433 | C103: F70085 | D103: muthumali | E103: 46226 | F103: Contacted | G103: 11 | I103: S26 | J103: =IF(COUNTIF($A$2:A102,A103)>0,"Yes - see Previous F-Code","No") -> No | K103: =IF(COUNTIFS($A$2:A103,A103,$I$2:I103,I103)>1,"DUPLICATE - CHECK","") | L103: =IF(COUNTIF($A$2:A102,A103)>0,INDEX($C$2:C102,MATCH(A103,$A$2:A102,0)),"")
...

Sheet Leads Summary
A2: CRM LEADS & PERFORMANCE ANALYTICS
A3: Real-time team analytics, grade distribution, conversion metrics, unresolved pipelines, and campaign effectiveness.
A5: Filter Start Date: | C5: End Date: | E5: Leave dates blank to view All-Time data. Format: YYYY-MM-DD (e.g. 2026-07-01)
A7: TABLE 1: ALL LEADS BY MEMBER & GRADE
A8: Assigned Member | B8: Grade 6 | C8: Grade 7 | D8: Grade 8 | E8: Grade 9 | F8: Grade 10 | G8: Grade 11 | H8: Total Leads | I8: Share %
A9: {=IF(INDEX(Members!$A:$A,2)="","",INDEX(Members!$A:$A,2))} -> maheesha | B9: =IF($A9="","",SUMPRODUCT(('Master Leads'!$D:$D=$A9) * (ISNUMBER(SEARCH("6", 'Master Leads'!$G:$G))) * ('Master Leads'!$E:$E>=IF(ISBLANK($B$5),0,$B$5)) * ('Master Leads'!$E:$E<=IF(ISBLANK($D$5),99999,$D$5)))) -> 0 | C9: =IF($A9="","",SUMPRODUCT(('Master Leads'!$D:$D=$A9) * (ISNUMBER(SEARCH("7", 'Master Leads'!$G:$G))) * ('Master Leads'!$E:$E>=IF(ISBLANK($B$5),0,$B$5)) * ('Master Leads'!$E:$E<=IF(ISBLANK($D$5),99999,$D$5)))) -> 0 | D9: =IF($A9="","",SUMPRODUCT(('Master Leads'!$D:$D=$A9) * (ISNUMBER(SEARCH("8", 'Master Leads'!$G:$G))) * ('Master Leads'!$E:$E>=IF(ISBLANK($B$5),0,$B$5)) * ('Master Leads'!$E:$E<=IF(ISBLANK($D$5),99999,$D$5)))) -> 1 | E9: =IF($A9="","",SUMPRODUCT(('Master Leads'!$D:$D=$A9) * (ISNUMBER(SEARCH("9", 'Master Leads'!$G:$G))) * ('Master Leads'!$E:$E>=IF(ISBLANK($B$5),0,$B$5)) * ('Master Leads'!$E:$E<=IF(ISBLANK($D$5),99999,$D$5)))) -> 0 | F9: =IF($A9="","",SUMPRODUCT(('Master Leads'!$D:$D=$A9) * (ISNUMBER(SEARCH("10", 'Master Leads'!$G:$G))) * ('Master Leads'!$E:$E>=IF(ISBLANK($B$5),0,$B$5)) * ('Master Leads'!$E:$E<=IF(ISBLANK($D$5),99999,$D$5)))) -> 1 | G9: =IF($A9="","",SUMPRODUCT(('Master Leads'!$D:$D=$A9) * (ISNUMBER(SEARCH("11", 'Master Leads'!$G:$G))) * ('Master Leads'!$E:$E>=IF(ISBLANK($B$5),0,$B$5)) * ('Master Leads'!$E:$E<=IF(ISBLANK($D$5),99999,$D$5)))) -> 22 | H9: =IF($A9="","",COUNTIFS('Master Leads'!$D:$D,$A9,'Master Leads'!$E:$E,">="&IF(ISBLANK($B$5),0,$B$5),'Master Leads'!$E:$E,"<="&IF(ISBLANK($D$5),99999,$D$5))) -> 29 | I9: =IF(OR($A9="",$H$29=0),"",H9/$H$29) -> 0.0087878788
A10: {=IF(INDEX(Members!$A:$A,3)="","",INDEX(Members!$A:$A,3))} -> menik | B10: =IF($A10="","",SUMPRODUCT(('Master Leads'!$D:$D=$A10) * (ISNUMBER(SEARCH("6", 'Master Leads'!$G:$G))) * ('Master Leads'!$E:$E>=IF(ISBLANK($B$5),0,$B$5)) * ('Master Leads'!$E:$E<=IF(ISBLANK($D$5),99999,$D$5)))) -> 0 | C10: =IF($A10="","",SUMPRODUCT(('Master Leads'!$D:$D=$A10) * (ISNUMBER(SEARCH("7", 'Master Leads'!$G:$G))) * ('Master Leads'!$E:$E>=IF(ISBLANK($B$5),0,$B$5)) * ('Master Leads'!$E:$E<=IF(ISBLANK($D$5),99999,$D$5)))) -> 0 | D10: =IF($A10="","",SUMPRODUCT(('Master Leads'!$D:$D=$A10) * (ISNUMBER(SEARCH("8", 'Master Leads'!$G:$G))) * ('Master Leads'!$E:$E>=IF(ISBLANK($B$5),0,$B$5)) * ('Master Leads'!$E:$E<=IF(ISBLANK($D$5),99999,$D$5)))) -> 0 | E10: =IF($A10="","",SUMPRODUCT(('Master Leads'!$D:$D=$A10) * (ISNUMBER(SEARCH("9", 'Master Leads'!$G:$G))) * ('Master Leads'!$E:$E>=IF(ISBLANK($B$5),0,$B$5)) * ('Master Leads'!$E:$E<=IF(ISBLANK($D$5),99999,$D$5)))) -> 0 | F10: =IF($A10="","",SUMPRODUCT(('Master Leads'!$D:$D=$A10) * (ISNUMBER(SEARCH("10", 'Master Leads'!$G:$G))) * ('Master Leads'!$E:$E>=IF(ISBLANK($B$5),0,$B$5)) * ('Master Leads'!$E:$E<=IF(ISBLANK($D$5),99999,$D$5)))) -> 0 | G10: =IF($A10="","",SUMPRODUCT(('Master Leads'!$D:$D=$A10) * (ISNUMBER(SEARCH("11", 'Master Leads'!$G:$G))) * ('Master Leads'!$E:$E>=IF(ISBLANK($B$5),0,$B$5)) * ('Master Leads'!$E:$E<=IF(ISBLANK($D$5),99999,$D$5)))) -> 0 | H10: =IF($A10="","",COUNTIFS('Master Leads'!$D:$D,$A10,'Master Leads'!$E:$E,">="&IF(ISBLANK($B$5),0,$B$5),'Master Leads'!$E:$E,"<="&IF(ISBLANK($D$5),99999,$D$5))) -> 0 | I10: =IF(OR($A10="",$H$29=0),"",H10/$H$29) -> 0
A11: {=IF(INDEX(Members!$A:$A,4)="","",INDEX(Members!$A:$A,4))} -> kavinda | B11: =IF($A11="","",SUMPRODUCT(('Master Leads'!$D:$D=$A11) * (ISNUMBER(SEARCH("6", 'Master Leads'!$G:$G))) * ('Master Leads'!$E:$E>=IF(ISBLANK($B$5),0,$B$5)) * ('Master Leads'!$E:$E<=IF(ISBLANK($D$5),99999,$D$5)))) -> 9 | C11: =IF($A11="","",SUMPRODUCT(('Master Leads'!$D:$D=$A11) * (ISNUMBER(SEARCH("7", 'Master Leads'!$G:$G))) * ('Master Leads'!$E:$E>=IF(ISBLANK($B$5),0,$B$5)) * ('Master Leads'!$E:$E<=IF(ISBLANK($D$5),99999,$D$5)))) -> 6 | D11: =IF($A11="","",SUMPRODUCT(('Master Leads'!$D:$D=$A11) * (ISNUMBER(SEARCH("8", 'Master Leads'!$G:$G))) * ('Master Leads'!$E:$E>=IF(ISBLANK($B$5),0,$B$5)) * ('Master Leads'!$E:$E<=IF(ISBLANK($D$5),99999,$D$5)))) -> 8 | E11: =IF($A11="","",SUMPRODUCT(('Master Leads'!$D:$D=$A11) * (ISNUMBER(SEARCH("9", 'Master Leads'!$G:$G))) * ('Master Leads'!$E:$E>=IF(ISBLANK($B$5),0,$B$5)) * ('Master Leads'!$E:$E<=IF(ISBLANK($D$5),99999,$D$5)))) -> 13 | F11: =IF($A11="","",SUMPRODUCT(('Master Leads'!$D:$D=$A11) * (ISNUMBER(SEARCH("10", 'Master Leads'!$G:$G))) * ('Master Leads'!$E:$E>=IF(ISBLANK($B$5),0,$B$5)) * ('Master Leads'!$E:$E<=IF(ISBLANK($D$5),99999,$D$5)))) -> 56 | G11: =IF($A11="","",SUMPRODUCT(('Master Leads'!$D:$D=$A11) * (ISNUMBER(SEARCH("11", 'Master Leads'!$G:$G))) * ('Master Leads'!$E:$E>=IF(ISBLANK($B$5),0,$B$5)) * ('Master Leads'!$E:$E<=IF(ISBLANK($D$5),99999,$D$5)))) -> 300 | H11: =IF($A11="","",COUNTIFS('Master Leads'!$D:$D,$A11,'Master Leads'!$E:$E,">="&IF(ISBLANK($B$5),0,$B$5),'Master Leads'!$E:$E,"<="&IF(ISBLANK($D$5),99999,$D$5))) -> 609 | I11: =IF(OR($A11="",$H$29=0),"",H11/$H$29) -> 0.18454545
A12: umesh | B12: =IF($A12="","",SUMPRODUCT(('Master Leads'!$D:$D=$A12) * (ISNUMBER(SEARCH("6", 'Master Leads'!$G:$G))) * ('Master Leads'!$E:$E>=IF(ISBLANK($B$5),0,$B$5)) * ('Master Leads'!$E:$E<=IF(ISBLANK($D$5),99999,$D$5)))) -> 51 | C12: =IF($A12="","",SUMPRODUCT(('Master Leads'!$D:$D=$A12) * (ISNUMBER(SEARCH("7", 'Master Leads'!$G:$G))) * ('Master Leads'!$E:$E>=IF(ISBLANK($B$5),0,$B$5)) * ('Master Leads'!$E:$E<=IF(ISBLANK($D$5),99999,$D$5)))) -> 21 | D12: =IF($A12="","",SUMPRODUCT(('Master Leads'!$D:$D=$A12) * (ISNUMBER(SEARCH("8", 'Master Leads'!$G:$G))) * ('Master Leads'!$E:$E>=IF(ISBLANK($B$5),0,$B$5)) * ('Master Leads'!$E:$E<=IF(ISBLANK($D$5),99999,$D$5)))) -> 17 | E12: =IF($A12="","",SUMPRODUCT(('Master Leads'!$D:$D=$A12) * (ISNUMBER(SEARCH("9", 'Master Leads'!$G:$G))) * ('Master Leads'!$E:$E>=IF(ISBLANK($B$5),0,$B$5)) * ('Master Leads'!$E:$E<=IF(ISBLANK($D$5),99999,$D$5)))) -> 17 | F12: =IF($A12="","",SUMPRODUCT(('Master Leads'!$D:$D=$A12) * (ISNUMBER(SEARCH("10", 'Master Leads'!$G:$G))) * ('Master Leads'!$E:$E>=IF(ISBLANK($B$5),0,$B$5)) * ('Master Leads'!$E:$E<=IF(ISBLANK($D$5),99999,$D$5)))) -> 41 | G12: =IF($A12="","",SUMPRODUCT(('Master Leads'!$D:$D=$A12) * (ISNUMBER(SEARCH("11", 'Master Leads'!$G:$G))) * ('Master Leads'!$E:$E>=IF(ISBLANK($B$5),0,$B$5)) * ('Master Leads'!$E:$E<=IF(ISBLANK($D$5),99999,$D$5)))) -> 254 | H12: =IF($A12="","",COUNTIFS('Master Leads'!$D:$D,$A12,'Master Leads'!$E:$E,">="&IF(ISBLANK($B$5),0,$B$5),'Master Leads'!$E:$E,"<="&IF(ISBLANK($D$5),99999,$D$5))) -> 598 | I12: =IF(OR($A12="",$H$29=0),"",H12/$H$29) -> 0.18121212 | K12: 489
A13: {=IF(INDEX(Members!$A:$A,6)="","",INDEX(Members!$A:$A,6))} -> Avishka | B13: =IF($A13="","",SUMPRODUCT(('Master Leads'!$D:$D=$A13) * (ISNUMBER(SEARCH("6", 'Master Leads'!$G:$G))) * ('Master Leads'!$E:$E>=IF(ISBLANK($B$5),0,$B$5)) * ('Master Leads'!$E:$E<=IF(ISBLANK($D$5),99999,$D$5)))) -> 1 | C13: =IF($A13="","",SUMPRODUCT(('Master Leads'!$D:$D=$A13) * (ISNUMBER(SEARCH("7", 'Master Leads'!$G:$G))) * ('Master Leads'!$E:$E>=IF(ISBLANK($B$5),0,$B$5)) * ('Master Leads'!$E:$E<=IF(ISBLANK($D$5),99999,$D$5)))) -> 0 | D13: =IF($A13="","",SUMPRODUCT(('Master Leads'!$D:$D=$A13) * (ISNUMBER(SEARCH("8", 'Master Leads'!$G:$G))) * ('Master Leads'!$E:$E>=IF(ISBLANK($B$5),0,$B$5)) * ('Master Leads'!$E:$E<=IF(ISBLANK($D$5),99999,$D$5)))) -> 3 | E13: =IF($A13="","",SUMPRODUCT(('Master Leads'!$D:$D=$A13) * (ISNUMBER(SEARCH("9", 'Master Leads'!$G:$G))) * ('Master Leads'!$E:$E>=IF(ISBLANK($B$5),0,$B$5)) * ('Master Leads'!$E:$E<=IF(ISBLANK($D$5),99999,$D$5)))) -> 1 | F13: =IF($A13="","",SUMPRODUCT(('Master Leads'!$D:$D=$A13) * (ISNUMBER(SEARCH("10", 'Master Leads'!$G:$G))) * ('Master Leads'!$E:$E>=IF(ISBLANK($B$5),0,$B$5)) * ('Master Leads'!$E:$E<=IF(ISBLANK($D$5),99999,$D$5)))) -> 5 | G13: =IF($A13="","",SUMPRODUCT(('Master Leads'!$D:$D=$A13) * (ISNUMBER(SEARCH("11", 'Master Leads'!$G:$G))) * ('Master Leads'!$E:$E>=IF(ISBLANK($B$5),0,$B$5)) * ('Master Leads'!$E:$E<=IF(ISBLANK($D$5),99999,$D$5)))) -> 43 | H13: =IF($A13="","",COUNTIFS('Master Leads'!$D:$D,$A13,'Master Leads'!$E:$E,">="&IF(ISBLANK($B$5),0,$B$5),'Master Leads'!$E:$E,"<="&IF(ISBLANK($D$5),99999,$D$5))) -> 87 | I13: =IF(OR($A13="",$H$29=0),"",H13/$H$29) -> 0.026363636
A14: {=IF(INDEX(Members!$A:$A,7)="","",INDEX(Members!$A:$A,7))} -> Wihanga | B14: =IF($A14="","",SUMPRODUCT(('Master Leads'!$D:$D=$A14) * (ISNUMBER(SEARCH("6", 'Master Leads'!$G:$G))) * ('Master Leads'!$E:$E>=IF(ISBLANK($B$5),0,$B$5)) * ('Master Leads'!$E:$E<=IF(ISBLANK($D$5),99999,$D$5)))) -> 0 | C14: =IF($A14="","",SUMPRODUCT(('Master Leads'!$D:$D=$A14) * (ISNUMBER(SEARCH("7", 'Master Leads'!$G:$G))) * ('Master Leads'!$E:$E>=IF(ISBLANK($B$5),0,$B$5)) * ('Master Leads'!$E:$E<=IF(ISBLANK($D$5),99999,$D$5)))) -> 0 | D14: =IF($A14="","",SUMPRODUCT(('Master Leads'!$D:$D=$A14) * (ISNUMBER(SEARCH("8", 'Master Leads'!$G:$G))) * ('Master Leads'!$E:$E>=IF(ISBLANK($B$5),0,$B$5)) * ('Master Leads'!$E:$E<=IF(ISBLANK($D$5),99999,$D$5)))) -> 0 | E14: =IF($A14="","",SUMPRODUCT(('Master Leads'!$D:$D=$A14) * (ISNUMBER(SEARCH("9", 'Master Leads'!$G:$G))) * ('Master Leads'!$E:$E>=IF(ISBLANK($B$5),0,$B$5)) * ('Master Leads'!$E:$E<=IF(ISBLANK($D$5),99999,$D$5)))) -> 0 | F14: =IF($A14="","",SUMPRODUCT(('Master Leads'!$D:$D=$A14) * (ISNUMBER(SEARCH("10", 'Master Leads'!$G:$G))) * ('Master Leads'!$E:$E>=IF(ISBLANK($B$5),0,$B$5)) * ('Master Leads'!$E:$E<=IF(ISBLANK($D$5),99999,$D$5)))) -> 0 | G14: =IF($A14="","",SUMPRODUCT(('Master Leads'!$D:$D=$A14) * (ISNUMBER(SEARCH("11", 'Master Leads'!$G:$G))) * ('Master Leads'!$E:$E>=IF(ISBLANK($B$5),0,$B$5)) * ('Master Leads'!$E:$E<=IF(ISBLANK($D$5),99999,$D$5)))) -> 0 | H14: =IF($A14="","",COUNTIFS('Master Leads'!$D:$D,$A14,'Master Leads'!$E:$E,">="&IF(ISBLANK($B$5),0,$B$5),'Master Leads'!$E:$E,"<="&IF(ISBLANK($D$5),99999,$D$5))) -> 0 | I14: =IF(OR($A14="",$H$29=0),"",H14/$H$29) -> 0
A15: {=IF(INDEX(Members!$A:$A,8)="","",INDEX(Members!$A:$A,8))} -> muthumali | B15: =IF($A15="","",SUMPRODUCT(('Master Leads'!$D:$D=$A15) * (ISNUMBER(SEARCH("6", 'Master Leads'!$G:$G))) * ('Master Leads'!$E:$E>=IF(ISBLANK($B$5),0,$B$5)) * ('Master Leads'!$E:$E<=IF(ISBLANK($D$5),99999,$D$5)))) -> 7 | C15: =IF($A15="","",SUMPRODUCT(('Master Leads'!$D:$D=$A15) * (ISNUMBER(SEARCH("7", 'Master Leads'!$G:$G))) * ('Master Leads'!$E:$E>=IF(ISBLANK($B$5),0,$B$5)) * ('Master Leads'!$E:$E<=IF(ISBLANK($D$5),99999,$D$5)))) -> 4 | D15: =IF($A15="","",SUMPRODUCT(('Master Leads'!$D:$D=$A15) * (ISNUMBER(SEARCH("8", 'Master Leads'!$G:$G))) * ('Master Leads'!$E:$E>=IF(ISBLANK($B$5),0,$B$5)) * ('Master Leads'!$E:$E<=IF(ISBLANK($D$5),99999,$D$5)))) -> 7 | E15: =IF($A15="","",SUMPRODUCT(('Master Leads'!$D:$D=$A15) * (ISNUMBER(SEARCH("9", 'Master Leads'!$G:$G))) * ('Master Leads'!$E:$E>=IF(ISBLANK($B$5),0,$B$5)) * ('Master Leads'!$E:$E<=IF(ISBLANK($D$5),99999,$D$5)))) -> 15 | F15: =IF($A15="","",SUMPRODUCT(('Master Leads'!$D:$D=$A15) * (ISNUMBER(SEARCH("10", 'Master Leads'!$G:$G))) * ('Master Leads'!$E:$E>=IF(ISBLANK($B$5),0,$B$5)) * ('Master Leads'!$E:$E<=IF(ISBLANK($D$5),99999,$D$5)))) -> 69 | G15: =IF($A15="","",SUMPRODUCT(('Master Leads'!$D:$D=$A15) * (ISNUMBER(SEARCH("11", 'Master Leads'!$G:$G))) * ('Master Leads'!$E:$E>=IF(ISBLANK($B$5),0,$B$5)) * ('Master Leads'!$E:$E<=IF(ISBLANK($D$5),99999,$D$5)))) -> 474 | H15: =IF($A15="","",COUNTIFS('Master Leads'!$D:$D,$A15,'Master Leads'!$E:$E,">="&IF(ISBLANK($B$5),0,$B$5),'Master Leads'!$E:$E,"<="&IF(ISBLANK($D$5),99999,$D$5))) -> 689 | I15: =IF(OR($A15="",$H$29=0),"",H15/$H$29) -> 0.20878788
A16: {=IF(INDEX(Members!$A:$A,9)="","",INDEX(Members!$A:$A,9))} -> shamali | B16: =IF($A16="","",SUMPRODUCT(('Master Leads'!$D:$D=$A16) * (ISNUMBER(SEARCH("6", 'Master Leads'!$G:$G))) * ('Master Leads'!$E:$E>=IF(ISBLANK($B$5),0,$B$5)) * ('Master Leads'!$E:$E<=IF(ISBLANK($D$5),99999,$D$5)))) -> 2 | C16: =IF($A16="","",SUMPRODUCT(('Master Leads'!$D:$D=$A16) * (ISNUMBER(SEARCH("7", 'Master Leads'!$G:$G))) * ('Master Leads'!$E:$E>=IF(ISBLANK($B$5),0,$B$5)) * ('Master Leads'!$E:$E<=IF(ISBLANK($D$5),99999,$D$5)))) -> 5 | D16: =IF($A16="","",SUMPRODUCT(('Master Leads'!$D:$D=$A16) * (ISNUMBER(SEARCH("8", 'Master Leads'!$G:$G))) * ('Master Leads'!$E:$E>=IF(ISBLANK($B$5),0,$B$5)) * ('Master Leads'!$E:$E<=IF(ISBLANK($D$5),99999,$D$5)))) -> 4 | E16: =IF($A16="","",SUMPRODUCT(('Master Leads'!$D:$D=$A16) * (ISNUMBER(SEARCH("9", 'Master Leads'!$G:$G))) * ('Master Leads'!$E:$E>=IF(ISBLANK($B$5),0,$B$5)) * ('Master Leads'!$E:$E<=IF(ISBLANK($D$5),99999,$D$5)))) -> 16 | F16: =IF($A16="","",SUMPRODUCT(('Master Leads'!$D:$D=$A16) * (ISNUMBER(SEARCH("10", 'Master Leads'!$G:$G))) * ('Master Leads'!$E:$E>=IF(ISBLANK($B$5),0,$B$5)) * ('Master Leads'!$E:$E<=IF(ISBLANK($D$5),99999,$D$5)))) -> 66 | G16: =IF($A16="","",SUMPRODUCT(('Master Leads'!$D:$D=$A16) * (ISNUMBER(SEARCH("11", 'Master Leads'!$G:$G))) * ('Master Leads'!$E:$E>=IF(ISBLANK($B$5),0,$B$5)) * ('Master Leads'!$E:$E<=IF(ISBLANK($D$5),99999,$D$5)))) -> 302 | H16: =IF($A16="","",COUNTIFS('Master Leads'!$D:$D,$A16,'Master Leads'!$E:$E,">="&IF(ISBLANK($B$5),0,$B$5),'Master Leads'!$E:$E,"<="&IF(ISBLANK($D$5),99999,$D$5))) -> 535 | I16: =IF(OR($A16="",$H$29=0),"",H16/$H$29) -> 0.16212121
A17: {=IF(INDEX(Members!$A:$A,10)="","",INDEX(Members!$A:$A,10))} -> Ama | B17: =IF($A17="","",SUMPRODUCT(('Master Leads'!$D:$D=$A17) * (ISNUMBER(SEARCH("6", 'Master Leads'!$G:$G))) * ('Master Leads'!$E:$E>=IF(ISBLANK($B$5),0,$B$5)) * ('Master Leads'!$E:$E<=IF(ISBLANK($D$5),99999,$D$5)))) -> 2 | C17: =IF($A17="","",SUMPRODUCT(('Master Leads'!$D:$D=$A17) * (ISNUMBER(SEARCH("7", 'Master Leads'!$G:$G))) * ('Master Leads'!$E:$E>=IF(ISBLANK($B$5),0,$B$5)) * ('Master Leads'!$E:$E<=IF(ISBLANK($D$5),99999,$D$5)))) -> 5 | D17: =IF($A17="","",SUMPRODUCT(('Master Leads'!$D:$D=$A17) * (ISNUMBER(SEARCH("8", 'Master Leads'!$G:$G))) * ('Master Leads'!$E:$E>=IF(ISBLANK($B$5),0,$B$5)) * ('Master Leads'!$E:$E<=IF(ISBLANK($D$5),99999,$D$5)))) -> 2 | E17: =IF($A17="","",SUMPRODUCT(('Master Leads'!$D:$D=$A17) * (ISNUMBER(SEARCH("9", 'Master Leads'!$G:$G))) * ('Master Leads'!$E:$E>=IF(ISBLANK($B$5),0,$B$5)) * ('Master Leads'!$E:$E<=IF(ISBLANK($D$5),99999,$D$5)))) -> 12 | F17: =IF($A17="","",SUMPRODUCT(('Master Leads'!$D:$D=$A17) * (ISNUMBER(SEARCH("10", 'Master Leads'!$G:$G))) * ('Master Leads'!$E:$E>=IF(ISBLANK($B$5),0,$B$5)) * ('Master Leads'!$E:$E<=IF(ISBLANK($D$5),99999,$D$5)))) -> 33 | G17: =IF($A17="","",SUMPRODUCT(('Master Leads'!$D:$D=$A17) * (ISNUMBER(SEARCH("11", 'Master Leads'!$G:$G))) * ('Master Leads'!$E:$E>=IF(ISBLANK($B$5),0,$B$5)) * ('Master Leads'!$E:$E<=IF(ISBLANK($D$5),99999,$D$5)))) -> 227 | H17: =IF($A17="","",COUNTIFS('Master Leads'!$D:$D,$A17,'Master Leads'!$E:$E,">="&IF(ISBLANK($B$5),0,$B$5),'Master Leads'!$E:$E,"<="&IF(ISBLANK($D$5),99999,$D$5))) -> 427 | I17: =IF(OR($A17="",$H$29=0),"",H17/$H$29) -> 0.12939394
A18: {=IF(INDEX(Members!$A:$A,11)="","",INDEX(Members!$A:$A,11))} -> kushalya | B18: =IF($A18="","",SUMPRODUCT(('Master Leads'!$D:$D=$A18) * (ISNUMBER(SEARCH("6", 'Master Leads'!$G:$G))) * ('Master Leads'!$E:$E>=IF(ISBLANK($B$5),0,$B$5)) * ('Master Leads'!$E:$E<=IF(ISBLANK($D$5),99999,$D$5)))) -> 2 | C18: =IF($A18="","",SUMPRODUCT(('Master Leads'!$D:$D=$A18) * (ISNUMBER(SEARCH("7", 'Master Leads'!$G:$G))) * ('Master Leads'!$E:$E>=IF(ISBLANK($B$5),0,$B$5)) * ('Master Leads'!$E:$E<=IF(ISBLANK($D$5),99999,$D$5)))) -> 0 | D18: =IF($A18="","",SUMPRODUCT(('Master Leads'!$D:$D=$A18) * (ISNUMBER(SEARCH("8", 'Master Leads'!$G:$G))) * ('Master Leads'!$E:$E>=IF(ISBLANK($B$5),0,$B$5)) * ('Master Leads'!$E:$E<=IF(ISBLANK($D$5),99999,$D$5)))) -> 5 | E18: =IF($A18="","",SUMPRODUCT(('Master Leads'!$D:$D=$A18) * (ISNUMBER(SEARCH("9", 'Master Leads'!$G:$G))) * ('Master Leads'!$E:$E>=IF(ISBLANK($B$5),0,$B$5)) * ('Master Leads'!$E:$E<=IF(ISBLANK($D$5),99999,$D$5)))) -> 8 | F18: =IF($A18="","",SUMPRODUCT(('Master Leads'!$D:$D=$A18) * (ISNUMBER(SEARCH("10", 'Master Leads'!$G:$G))) * ('Master Leads'!$E:$E>=IF(ISBLANK($B$5),0,$B$5)) * ('Master Leads'!$E:$E<=IF(ISBLANK($D$5),99999,$D$5)))) -> 28 | G18: =IF($A18="","",SUMPRODUCT(('Master Leads'!$D:$D=$A18) * (ISNUMBER(SEARCH("11", 'Master Leads'!$G:$G))) * ('Master Leads'!$E:$E>=IF(ISBLANK($B$5),0,$B$5)) * ('Master Leads'!$E:$E<=IF(ISBLANK($D$5),99999,$D$5)))) -> 159 | H18: =IF($A18="","",COUNTIFS('Master Leads'!$D:$D,$A18,'Master Leads'!$E:$E,">="&IF(ISBLANK($B$5),0,$B$5),'Master Leads'!$E:$E,"<="&IF(ISBLANK($D$5),99999,$D$5))) -> 325 | I18: =IF(OR($A18="",$H$29=0),"",H18/$H$29) -> 0.098484848
A19: {=IF(INDEX(Members!$A:$A,12)="","",INDEX(Members!$A:$A,12))} -> TOTAL | B19: =IF($A19="","",SUMPRODUCT(('Master Leads'!$D:$D=$A19) * (ISNUMBER(SEARCH("6", 'Master Leads'!$G:$G))) * ('Master Leads'!$E:$E>=IF(ISBLANK($B$5),0,$B$5)) * ('Master Leads'!$E:$E<=IF(ISBLANK($D$5),99999,$D$5)))) -> 0 | C19: =IF($A19="","",SUMPRODUCT(('Master Leads'!$D:$D=$A19) * (ISNUMBER(SEARCH("7", 'Master Leads'!$G:$G))) * ('Master Leads'!$E:$E>=IF(ISBLANK($B$5),0,$B$5)) * ('Master Leads'!$E:$E<=IF(ISBLANK($D$5),99999,$D$5)))) -> 0 | D19: =IF($A19="","",SUMPRODUCT(('Master Leads'!$D:$D=$A19) * (ISNUMBER(SEARCH("8", 'Master Leads'!$G:$G))) * ('Master Leads'!$E:$E>=IF(ISBLANK($B$5),0,$B$5)) * ('Master Leads'!$E:$E<=IF(ISBLANK($D$5),99999,$D$5)))) -> 0 | E19: =IF($A19="","",SUMPRODUCT(('Master Leads'!$D:$D=$A19) * (ISNUMBER(SEARCH("9", 'Master Leads'!$G:$G))) * ('Master Leads'!$E:$E>=IF(ISBLANK($B$5),0,$B$5)) * ('Master Leads'!$E:$E<=IF(ISBLANK($D$5),99999,$D$5)))) -> 0 | F19: =IF($A19="","",SUMPRODUCT(('Master Leads'!$D:$D=$A19) * (ISNUMBER(SEARCH("10", 'Master Leads'!$G:$G))) * ('Master Leads'!$E:$E>=IF(ISBLANK($B$5),0,$B$5)) * ('Master Leads'!$E:$E<=IF(ISBLANK($D$5),99999,$D$5)))) -> 0 | G19: =IF($A19="","",SUMPRODUCT(('Master Leads'!$D:$D=$A19) * (ISNUMBER(SEARCH("11", 'Master Leads'!$G:$G))) * ('Master Leads'!$E:$E>=IF(ISBLANK($B$5),0,$B$5)) * ('Master Leads'!$E:$E<=IF(ISBLANK($D$5),99999,$D$5)))) -> 0 | H19: =IF($A19="","",COUNTIFS('Master Leads'!$D:$D,$A19,'Master Leads'!$E:$E,">="&IF(ISBLANK($B$5),0,$B$5),'Master Leads'!$E:$E,"<="&IF(ISBLANK($D$5),99999,$D$5))) -> 0 | I19: =IF(OR($A19="",$H$29=0),"",H19/$H$29) -> 0 | K19: 455 | L19: 46226
A20: {=IF(INDEX(Members!$A:$A,13)="","",INDEX(Members!$A:$A,13))} | B20: =IF($A20="","",SUMPRODUCT(('Master Leads'!$D:$D=$A20) * (ISNUMBER(SEARCH("6", 'Master Leads'!$G:$G))) * ('Master Leads'!$E:$E>=IF(ISBLANK($B$5),0,$B$5)) * ('Master Leads'!$E:$E<=IF(ISBLANK($D$5),99999,$D$5)))) | C20: =IF($A20="","",SUMPRODUCT(('Master Leads'!$D:$D=$A20) * (ISNUMBER(SEARCH("7", 'Master Leads'!$G:$G))) * ('Master Leads'!$E:$E>=IF(ISBLANK($B$5),0,$B$5)) * ('Master Leads'!$E:$E<=IF(ISBLANK($D$5),99999,$D$5)))) | D20: =IF($A20="","",SUMPRODUCT(('Master Leads'!$D:$D=$A20) * (ISNUMBER(SEARCH("8", 'Master Leads'!$G:$G))) * ('Master Leads'!$E:$E>=IF(ISBLANK($B$5),0,$B$5)) * ('Master Leads'!$E:$E<=IF(ISBLANK($D$5),99999,$D$5)))) | E20: =IF($A20="","",SUMPRODUCT(('Master Leads'!$D:$D=$A20) * (ISNUMBER(SEARCH("9", 'Master Leads'!$G:$G))) * ('Master Leads'!$E:$E>=IF(ISBLANK($B$5),0,$B$5)) * ('Master Leads'!$E:$E<=IF(ISBLANK($D$5),99999,$D$5)))) | F20: =IF($A20="","",SUMPRODUCT(('Master Leads'!$D:$D=$A20) * (ISNUMBER(SEARCH("10", 'Master Leads'!$G:$G))) * ('Master Leads'!$E:$E>=IF(ISBLANK($B$5),0,$B$5)) * ('Master Leads'!$E:$E<=IF(ISBLANK($D$5),99999,$D$5)))) | G20: =IF($A20="","",SUMPRODUCT(('Master Leads'!$D:$D=$A20) * (ISNUMBER(SEARCH("11", 'Master Leads'!$G:$G))) * ('Master Leads'!$E:$E>=IF(ISBLANK($B$5),0,$B$5)) * ('Master Leads'!$E:$E<=IF(ISBLANK($D$5),99999,$D$5)))) | H20: =IF($A20="","",COUNTIFS('Master Leads'!$D:$D,$A20,'Master Leads'!$E:$E,">="&IF(ISBLANK($B$5),0,$B$5),'Master Leads'!$E:$E,"<="&IF(ISBLANK($D$5),99999,$D$5))) | I20: =IF(OR($A20="",$H$29=0),"",H20/$H$29) | K20: 1259 | L20: 46227
A21: {=IF(INDEX(Members!$A:$A,14)="","",INDEX(Members!$A:$A,14))} | B21: =IF($A21="","",SUMPRODUCT(('Master Leads'!$D:$D=$A21) * (ISNUMBER(SEARCH("6", 'Master Leads'!$G:$G))) * ('Master Leads'!$E:$E>=IF(ISBLANK($B$5),0,$B$5)) * ('Master Leads'!$E:$E<=IF(ISBLANK($D$5),99999,$D$5)))) | C21: =IF($A21="","",SUMPRODUCT(('Master Leads'!$D:$D=$A21) * (ISNUMBER(SEARCH("7", 'Master Leads'!$G:$G))) * ('Master Leads'!$E:$E>=IF(ISBLANK($B$5),0,$B$5)) * ('Master Leads'!$E:$E<=IF(ISBLANK($D$5),99999,$D$5)))) | D21: =IF($A21="","",SUMPRODUCT(('Master Leads'!$D:$D=$A21) * (ISNUMBER(SEARCH("8", 'Master Leads'!$G:$G))) * ('Master Leads'!$E:$E>=IF(ISBLANK($B$5),0,$B$5)) * ('Master Leads'!$E:$E<=IF(ISBLANK($D$5),99999,$D$5)))) | E21: =IF($A21="","",SUMPRODUCT(('Master Leads'!$D:$D=$A21) * (ISNUMBER(SEARCH("9", 'Master Leads'!$G:$G))) * ('Master Leads'!$E:$E>=IF(ISBLANK($B$5),0,$B$5)) * ('Master Leads'!$E:$E<=IF(ISBLANK($D$5),99999,$D$5)))) | F21: =IF($A21="","",SUMPRODUCT(('Master Leads'!$D:$D=$A21) * (ISNUMBER(SEARCH("10", 'Master Leads'!$G:$G))) * ('Master Leads'!$E:$E>=IF(ISBLANK($B$5),0,$B$5)) * ('Master Leads'!$E:$E<=IF(ISBLANK($D$5),99999,$D$5)))) | G21: =IF($A21="","",SUMPRODUCT(('Master Leads'!$D:$D=$A21) * (ISNUMBER(SEARCH("11", 'Master Leads'!$G:$G))) * ('Master Leads'!$E:$E>=IF(ISBLANK($B$5),0,$B$5)) * ('Master Leads'!$E:$E<=IF(ISBLANK($D$5),99999,$D$5)))) | H21: =IF($A21="","",COUNTIFS('Master Leads'!$D:$D,$A21,'Master Leads'!$E:$E,">="&IF(ISBLANK($B$5),0,$B$5),'Master Leads'!$E:$E,"<="&IF(ISBLANK($D$5),99999,$D$5))) | I21: =IF(OR($A21="",$H$29=0),"",H21/$H$29) | K21: 1798 | L21: 46228
A22: {=IF(INDEX(Members!$A:$A,15)="","",INDEX(Members!$A:$A,15))} | B22: =IF($A22="","",SUMPRODUCT(('Master Leads'!$D:$D=$A22) * (ISNUMBER(SEARCH("6", 'Master Leads'!$G:$G))) * ('Master Leads'!$E:$E>=IF(ISBLANK($B$5),0,$B$5)) * ('Master Leads'!$E:$E<=IF(ISBLANK($D$5),99999,$D$5)))) | C22: =IF($A22="","",SUMPRODUCT(('Master Leads'!$D:$D=$A22) * (ISNUMBER(SEARCH("7", 'Master Leads'!$G:$G))) * ('Master Leads'!$E:$E>=IF(ISBLANK($B$5),0,$B$5)) * ('Master Leads'!$E:$E<=IF(ISBLANK($D$5),99999,$D$5)))) | D22: =IF($A22="","",SUMPRODUCT(('Master Leads'!$D:$D=$A22) * (ISNUMBER(SEARCH("8", 'Master Leads'!$G:$G))) * ('Master Leads'!$E:$E>=IF(ISBLANK($B$5),0,$B$5)) * ('Master Leads'!$E:$E<=IF(ISBLANK($D$5),99999,$D$5)))) | E22: =IF($A22="","",SUMPRODUCT(('Master Leads'!$D:$D=$A22) * (ISNUMBER(SEARCH("9", 'Master Leads'!$G:$G))) * ('Master Leads'!$E:$E>=IF(ISBLANK($B$5),0,$B$5)) * ('Master Leads'!$E:$E<=IF(ISBLANK($D$5),99999,$D$5)))) | F22: =IF($A22="","",SUMPRODUCT(('Master Leads'!$D:$D=$A22) * (ISNUMBER(SEARCH("10", 'Master Leads'!$G:$G))) * ('Master Leads'!$E:$E>=IF(ISBLANK($B$5),0,$B$5)) * ('Master Leads'!$E:$E<=IF(ISBLANK($D$5),99999,$D$5)))) | G22: =IF($A22="","",SUMPRODUCT(('Master Leads'!$D:$D=$A22) * (ISNUMBER(SEARCH("11", 'Master Leads'!$G:$G))) * ('Master Leads'!$E:$E>=IF(ISBLANK($B$5),0,$B$5)) * ('Master Leads'!$E:$E<=IF(ISBLANK($D$5),99999,$D$5)))) | H22: =IF($A22="","",COUNTIFS('Master Leads'!$D:$D,$A22,'Master Leads'!$E:$E,">="&IF(ISBLANK($B$5),0,$B$5),'Master Leads'!$E:$E,"<="&IF(ISBLANK($D$5),99999,$D$5))) | I22: =IF(OR($A22="",$H$29=0),"",H22/$H$29)
A23: {=IF(INDEX(Members!$A:$A,16)="","",INDEX(Members!$A:$A,16))} | B23: =IF($A23="","",SUMPRODUCT(('Master Leads'!$D:$D=$A23) * (ISNUMBER(SEARCH("6", 'Master Leads'!$G:$G))) * ('Master Leads'!$E:$E>=IF(ISBLANK($B$5),0,$B$5)) * ('Master Leads'!$E:$E<=IF(ISBLANK($D$5),99999,$D$5)))) | C23: =IF($A23="","",SUMPRODUCT(('Master Leads'!$D:$D=$A23) * (ISNUMBER(SEARCH("7", 'Master Leads'!$G:$G))) * ('Master Leads'!$E:$E>=IF(ISBLANK($B$5),0,$B$5)) * ('Master Leads'!$E:$E<=IF(ISBLANK($D$5),99999,$D$5)))) | D23: =IF($A23="","",SUMPRODUCT(('Master Leads'!$D:$D=$A23) * (ISNUMBER(SEARCH("8", 'Master Leads'!$G:$G))) * ('Master Leads'!$E:$E>=IF(ISBLANK($B$5),0,$B$5)) * ('Master Leads'!$E:$E<=IF(ISBLANK($D$5),99999,$D$5)))) | E23: =IF($A23="","",SUMPRODUCT(('Master Leads'!$D:$D=$A23) * (ISNUMBER(SEARCH("9", 'Master Leads'!$G:$G))) * ('Master Leads'!$E:$E>=IF(ISBLANK($B$5),0,$B$5)) * ('Master Leads'!$E:$E<=IF(ISBLANK($D$5),99999,$D$5)))) | F23: =IF($A23="","",SUMPRODUCT(('Master Leads'!$D:$D=$A23) * (ISNUMBER(SEARCH("10", 'Master Leads'!$G:$G))) * ('Master Leads'!$E:$E>=IF(ISBLANK($B$5),0,$B$5)) * ('Master Leads'!$E:$E<=IF(ISBLANK($D$5),99999,$D$5)))) | G23: =IF($A23="","",SUMPRODUCT(('Master Leads'!$D:$D=$A23) * (ISNUMBER(SEARCH("11", 'Master Leads'!$G:$G))) * ('Master Leads'!$E:$E>=IF(ISBLANK($B$5),0,$B$5)) * ('Master Leads'!$E:$E<=IF(ISBLANK($D$5),99999,$D$5)))) | H23: =IF($A23="","",COUNTIFS('Master Leads'!$D:$D,$A23,'Master Leads'!$E:$E,">="&IF(ISBLANK($B$5),0,$B$5),'Master Leads'!$E:$E,"<="&IF(ISBLANK($D$5),99999,$D$5))) | I23: =IF(OR($A23="",$H$29=0),"",H23/$H$29)
A24: {=IF(INDEX(Members!$A:$A,17)="","",INDEX(Members!$A:$A,17))} | B24: =IF($A24="","",SUMPRODUCT(('Master Leads'!$D:$D=$A24) * (ISNUMBER(SEARCH("6", 'Master Leads'!$G:$G))) * ('Master Leads'!$E:$E>=IF(ISBLANK($B$5),0,$B$5)) * ('Master Leads'!$E:$E<=IF(ISBLANK($D$5),99999,$D$5)))) | C24: =IF($A24="","",SUMPRODUCT(('Master Leads'!$D:$D=$A24) * (ISNUMBER(SEARCH("7", 'Master Leads'!$G:$G))) * ('Master Leads'!$E:$E>=IF(ISBLANK($B$5),0,$B$5)) * ('Master Leads'!$E:$E<=IF(ISBLANK($D$5),99999,$D$5)))) | D24: =IF($A24="","",SUMPRODUCT(('Master Leads'!$D:$D=$A24) * (ISNUMBER(SEARCH("8", 'Master Leads'!$G:$G))) * ('Master Leads'!$E:$E>=IF(ISBLANK($B$5),0,$B$5)) * ('Master Leads'!$E:$E<=IF(ISBLANK($D$5),99999,$D$5)))) | E24: =IF($A24="","",SUMPRODUCT(('Master Leads'!$D:$D=$A24) * (ISNUMBER(SEARCH("9", 'Master Leads'!$G:$G))) * ('Master Leads'!$E:$E>=IF(ISBLANK($B$5),0,$B$5)) * ('Master Leads'!$E:$E<=IF(ISBLANK($D$5),99999,$D$5)))) | F24: =IF($A24="","",SUMPRODUCT(('Master Leads'!$D:$D=$A24) * (ISNUMBER(SEARCH("10", 'Master Leads'!$G:$G))) * ('Master Leads'!$E:$E>=IF(ISBLANK($B$5),0,$B$5)) * ('Master Leads'!$E:$E<=IF(ISBLANK($D$5),99999,$D$5)))) | G24: =IF($A24="","",SUMPRODUCT(('Master Leads'!$D:$D=$A24) * (ISNUMBER(SEARCH("11", 'Master Leads'!$G:$G))) * ('Master Leads'!$E:$E>=IF(ISBLANK($B$5),0,$B$5)) * ('Master Leads'!$E:$E<=IF(ISBLANK($D$5),99999,$D$5)))) | H24: =IF($A24="","",COUNTIFS('Master Leads'!$D:$D,$A24,'Master Leads'!$E:$E,">="&IF(ISBLANK($B$5),0,$B$5),'Master Leads'!$E:$E,"<="&IF(ISBLANK($D$5),99999,$D$5))) | I24: =IF(OR($A24="",$H$29=0),"",H24/$H$29)
A25: {=IF(INDEX(Members!$A:$A,18)="","",INDEX(Members!$A:$A,18))} | B25: =IF($A25="","",SUMPRODUCT(('Master Leads'!$D:$D=$A25) * (ISNUMBER(SEARCH("6", 'Master Leads'!$G:$G))) * ('Master Leads'!$E:$E>=IF(ISBLANK($B$5),0,$B$5)) * ('Master Leads'!$E:$E<=IF(ISBLANK($D$5),99999,$D$5)))) | C25: =IF($A25="","",SUMPRODUCT(('Master Leads'!$D:$D=$A25) * (ISNUMBER(SEARCH("7", 'Master Leads'!$G:$G))) * ('Master Leads'!$E:$E>=IF(ISBLANK($B$5),0,$B$5)) * ('Master Leads'!$E:$E<=IF(ISBLANK($D$5),99999,$D$5)))) | D25: =IF($A25="","",SUMPRODUCT(('Master Leads'!$D:$D=$A25) * (ISNUMBER(SEARCH("8", 'Master Leads'!$G:$G))) * ('Master Leads'!$E:$E>=IF(ISBLANK($B$5),0,$B$5)) * ('Master Leads'!$E:$E<=IF(ISBLANK($D$5),99999,$D$5)))) | E25: =IF($A25="","",SUMPRODUCT(('Master Leads'!$D:$D=$A25) * (ISNUMBER(SEARCH("9", 'Master Leads'!$G:$G))) * ('Master Leads'!$E:$E>=IF(ISBLANK($B$5),0,$B$5)) * ('Master Leads'!$E:$E<=IF(ISBLANK($D$5),99999,$D$5)))) | F25: =IF($A25="","",SUMPRODUCT(('Master Leads'!$D:$D=$A25) * (ISNUMBER(SEARCH("10", 'Master Leads'!$G:$G))) * ('Master Leads'!$E:$E>=IF(ISBLANK($B$5),0,$B$5)) * ('Master Leads'!$E:$E<=IF(ISBLANK($D$5),99999,$D$5)))) | G25: =IF($A25="","",SUMPRODUCT(('Master Leads'!$D:$D=$A25) * (ISNUMBER(SEARCH("11", 'Master Leads'!$G:$G))) * ('Master Leads'!$E:$E>=IF(ISBLANK($B$5),0,$B$5)) * ('Master Leads'!$E:$E<=IF(ISBLANK($D$5),99999,$D$5)))) | H25: =IF($A25="","",COUNTIFS('Master Leads'!$D:$D,$A25,'Master Leads'!$E:$E,">="&IF(ISBLANK($B$5),0,$B$5),'Master Leads'!$E:$E,"<="&IF(ISBLANK($D$5),99999,$D$5))) | I25: =IF(OR($A25="",$H$29=0),"",H25/$H$29)
A26: {=IF(INDEX(Members!$A:$A,19)="","",INDEX(Members!$A:$A,19))} | B26: =IF($A26="","",SUMPRODUCT(('Master Leads'!$D:$D=$A26) * (ISNUMBER(SEARCH("6", 'Master Leads'!$G:$G))) * ('Master Leads'!$E:$E>=IF(ISBLANK($B$5),0,$B$5)) * ('Master Leads'!$E:$E<=IF(ISBLANK($D$5),99999,$D$5)))) | C26: =IF($A26="","",SUMPRODUCT(('Master Leads'!$D:$D=$A26) * (ISNUMBER(SEARCH("7", 'Master Leads'!$G:$G))) * ('Master Leads'!$E:$E>=IF(ISBLANK($B$5),0,$B$5)) * ('Master Leads'!$E:$E<=IF(ISBLANK($D$5),99999,$D$5)))) | D26: =IF($A26="","",SUMPRODUCT(('Master Leads'!$D:$D=$A26) * (ISNUMBER(SEARCH("8", 'Master Leads'!$G:$G))) * ('Master Leads'!$E:$E>=IF(ISBLANK($B$5),0,$B$5)) * ('Master Leads'!$E:$E<=IF(ISBLANK($D$5),99999,$D$5)))) | E26: =IF($A26="","",SUMPRODUCT(('Master Leads'!$D:$D=$A26) * (ISNUMBER(SEARCH("9", 'Master Leads'!$G:$G))) * ('Master Leads'!$E:$E>=IF(ISBLANK($B$5),0,$B$5)) * ('Master Leads'!$E:$E<=IF(ISBLANK($D$5),99999,$D$5)))) | F26: =IF($A26="","",SUMPRODUCT(('Master Leads'!$D:$D=$A26) * (ISNUMBER(SEARCH("10", 'Master Leads'!$G:$G))) * ('Master Leads'!$E:$E>=IF(ISBLANK($B$5),0,$B$5)) * ('Master Leads'!$E:$E<=IF(ISBLANK($D$5),99999,$D$5)))) | G26: =IF($A26="","",SUMPRODUCT(('Master Leads'!$D:$D=$A26) * (ISNUMBER(SEARCH("11", 'Master Leads'!$G:$G))) * ('Master Leads'!$E:$E>=IF(ISBLANK($B$5),0,$B$5)) * ('Master Leads'!$E:$E<=IF(ISBLANK($D$5),99999,$D$5)))) | H26: =IF($A26="","",COUNTIFS('Master Leads'!$D:$D,$A26,'Master Leads'!$E:$E,">="&IF(ISBLANK($B$5),0,$B$5),'Master Leads'!$E:$E,"<="&IF(ISBLANK($D$5),99999,$D$5))) | I26: =IF(OR($A26="",$H$29=0),"",H26/$H$29)
A27: {=IF(INDEX(Members!$A:$A,20)="","",INDEX(Members!$A:$A,20))} | B27: =IF($A27="","",SUMPRODUCT(('Master Leads'!$D:$D=$A27) * (ISNUMBER(SEARCH("6", 'Master Leads'!$G:$G))) * ('Master Leads'!$E:$E>=IF(ISBLANK($B$5),0,$B$5)) * ('Master Leads'!$E:$E<=IF(ISBLANK($D$5),99999,$D$5)))) | C27: =IF($A27="","",SUMPRODUCT(('Master Leads'!$D:$D=$A27) * (ISNUMBER(SEARCH("7", 'Master Leads'!$G:$G))) * ('Master Leads'!$E:$E>=IF(ISBLANK($B$5),0,$B$5)) * ('Master Leads'!$E:$E<=IF(ISBLANK($D$5),99999,$D$5)))) | D27: =IF($A27="","",SUMPRODUCT(('Master Leads'!$D:$D=$A27) * (ISNUMBER(SEARCH("8", 'Master Leads'!$G:$G))) * ('Master Leads'!$E:$E>=IF(ISBLANK($B$5),0,$B$5)) * ('Master Leads'!$E:$E<=IF(ISBLANK($D$5),99999,$D$5)))) | E27: =IF($A27="","",SUMPRODUCT(('Master Leads'!$D:$D=$A27) * (ISNUMBER(SEARCH("9", 'Master Leads'!$G:$G))) * ('Master Leads'!$E:$E>=IF(ISBLANK($B$5),0,$B$5)) * ('Master Leads'!$E:$E<=IF(ISBLANK($D$5),99999,$D$5)))) | F27: =IF($A27="","",SUMPRODUCT(('Master Leads'!$D:$D=$A27) * (ISNUMBER(SEARCH("10", 'Master Leads'!$G:$G))) * ('Master Leads'!$E:$E>=IF(ISBLANK($B$5),0,$B$5)) * ('Master Leads'!$E:$E<=IF(ISBLANK($D$5),99999,$D$5)))) | G27: =IF($A27="","",SUMPRODUCT(('Master Leads'!$D:$D=$A27) * (ISNUMBER(SEARCH("11", 'Master Leads'!$G:$G))) * ('Master Leads'!$E:$E>=IF(ISBLANK($B$5),0,$B$5)) * ('Master Leads'!$E:$E<=IF(ISBLANK($D$5),99999,$D$5)))) | H27: =IF($A27="","",COUNTIFS('Master Leads'!$D:$D,$A27,'Master Leads'!$E:$E,">="&IF(ISBLANK($B$5),0,$B$5),'Master Leads'!$E:$E,"<="&IF(ISBLANK($D$5),99999,$D$5))) | I27: =IF(OR($A27="",$H$29=0),"",H27/$H$29)
A28: {=IF(INDEX(Members!$A:$A,21)="","",INDEX(Members!$A:$A,21))} | B28: =IF($A28="","",SUMPRODUCT(('Master Leads'!$D:$D=$A28) * (ISNUMBER(SEARCH("6", 'Master Leads'!$G:$G))) * ('Master Leads'!$E:$E>=IF(ISBLANK($B$5),0,$B$5)) * ('Master Leads'!$E:$E<=IF(ISBLANK($D$5),99999,$D$5)))) | C28: =IF($A28="","",SUMPRODUCT(('Master Leads'!$D:$D=$A28) * (ISNUMBER(SEARCH("7", 'Master Leads'!$G:$G))) * ('Master Leads'!$E:$E>=IF(ISBLANK($B$5),0,$B$5)) * ('Master Leads'!$E:$E<=IF(ISBLANK($D$5),99999,$D$5)))) | D28: =IF($A28="","",SUMPRODUCT(('Master Leads'!$D:$D=$A28) * (ISNUMBER(SEARCH("8", 'Master Leads'!$G:$G))) * ('Master Leads'!$E:$E>=IF(ISBLANK($B$5),0,$B$5)) * ('Master Leads'!$E:$E<=IF(ISBLANK($D$5),99999,$D$5)))) | E28: =IF($A28="","",SUMPRODUCT(('Master Leads'!$D:$D=$A28) * (ISNUMBER(SEARCH("9", 'Master Leads'!$G:$G))) * ('Master Leads'!$E:$E>=IF(ISBLANK($B$5),0,$B$5)) * ('Master Leads'!$E:$E<=IF(ISBLANK($D$5),99999,$D$5)))) | F28: =IF($A28="","",SUMPRODUCT(('Master Leads'!$D:$D=$A28) * (ISNUMBER(SEARCH("10", 'Master Leads'!$G:$G))) * ('Master Leads'!$E:$E>=IF(ISBLANK($B$5),0,$B$5)) * ('Master Leads'!$E:$E<=IF(ISBLANK($D$5),99999,$D$5)))) | G28: =IF($A28="","",SUMPRODUCT(('Master Leads'!$D:$D=$A28) * (ISNUMBER(SEARCH("11", 'Master Leads'!$G:$G))) * ('Master Leads'!$E:$E>=IF(ISBLANK($B$5),0,$B$5)) * ('Master Leads'!$E:$E<=IF(ISBLANK($D$5),99999,$D$5)))) | H28: =IF($A28="","",COUNTIFS('Master Leads'!$D:$D,$A28,'Master Leads'!$E:$E,">="&IF(ISBLANK($B$5),0,$B$5),'Master Leads'!$E:$E,"<="&IF(ISBLANK($D$5),99999,$D$5))) | I28: =IF(OR($A28="",$H$29=0),"",H28/$H$29)
A29: TOTAL | B29: =SUMPRODUCT((ISNUMBER(SEARCH("6", 'Master Leads'!$G:$G))) * ('Master Leads'!$E:$E>=IF(ISBLANK($B$5),0,$B$5)) * ('Master Leads'!$E:$E<=IF(ISBLANK($D$5),99999,$D$5))) -> 75 | C29: =SUMPRODUCT((ISNUMBER(SEARCH("7", 'Master Leads'!$G:$G))) * ('Master Leads'!$E:$E>=IF(ISBLANK($B$5),0,$B$5)) * ('Master Leads'!$E:$E<=IF(ISBLANK($D$5),99999,$D$5))) -> 41 | D29: =SUMPRODUCT((ISNUMBER(SEARCH("8", 'Master Leads'!$G:$G))) * ('Master Leads'!$E:$E>=IF(ISBLANK($B$5),0,$B$5)) * ('Master Leads'!$E:$E<=IF(ISBLANK($D$5),99999,$D$5))) -> 47 | E29: =SUMPRODUCT((ISNUMBER(SEARCH("9", 'Master Leads'!$G:$G))) * ('Master Leads'!$E:$E>=IF(ISBLANK($B$5),0,$B$5)) * ('Master Leads'!$E:$E<=IF(ISBLANK($D$5),99999,$D$5))) -> 82 | F29: =SUMPRODUCT((ISNUMBER(SEARCH("10", 'Master Leads'!$G:$G))) * ('Master Leads'!$E:$E>=IF(ISBLANK($B$5),0,$B$5)) * ('Master Leads'!$E:$E<=IF(ISBLANK($D$5),99999,$D$5))) -> 299 | G29: =SUMPRODUCT((ISNUMBER(SEARCH("11", 'Master Leads'!$G:$G))) * ('Master Leads'!$E:$E>=IF(ISBLANK($B$5),0,$B$5)) * ('Master Leads'!$E:$E<=IF(ISBLANK($D$5),99999,$D$5))) -> 1781 | H29: =COUNTIFS('Master Leads'!$D:$D,"<>",'Master Leads'!$E:$E,">="&IF(ISBLANK($B$5),0,$B$5),'Master Leads'!$E:$E,"<="&IF(ISBLANK($D$5),99999,$D$5)) -> 3300 | I29: 1
A32: TABLE 2: PAID LEADS BY MEMBER & GRADE
A33: Assigned Member | B33: Grade 6 | C33: Grade 7 | D33: Grade 8 | E33: Grade 9 | F33: Grade 10 | G33: Grade 11 | H33: Total Paid | I33: Paid Share % | J33: Conversion %
A34: {=IF(INDEX(Members!$A:$A,2)="","",INDEX(Members!$A:$A,2))} -> maheesha | B34: =IF($A34="","",SUMPRODUCT(('Master Leads'!$D:$D=$A34) * (ISNUMBER(SEARCH("6", 'Master Leads'!$P:$P))) * ('Master Leads'!$O:$O="Yes") * ('Master Leads'!$E:$E>=IF(ISBLANK($B$5),0,$B$5)) * ('Master Leads'!$E:$E<=IF(ISBLANK($D$5),99999,$D$5)))) -> 0 | C34: =IF($A34="","",SUMPRODUCT(('Master Leads'!$D:$D=$A34) * (ISNUMBER(SEARCH("7", 'Master Leads'!$P:$P))) * ('Master Leads'!$O:$O="Yes") * ('Master Leads'!$E:$E>=IF(ISBLANK($B$5),0,$B$5)) * ('Master Leads'!$E:$E<=IF(ISBLANK($D$5),99999,$D$5)))) -> 0 | D34: =IF($A34="","",SUMPRODUCT(('Master Leads'!$D:$D=$A34) * (ISNUMBER(SEARCH("8", 'Master Leads'!$P:$P))) * ('Master Leads'!$O:$O="Yes") * ('Master Leads'!$E:$E>=IF(ISBLANK($B$5),0,$B$5)) * ('Master Leads'!$E:$E<=IF(ISBLANK($D$5),99999,$D$5)))) -> 0 | E34: =IF($A34="","",SUMPRODUCT(('Master Leads'!$D:$D=$A34) * (ISNUMBER(SEARCH("9", 'Master Leads'!$P:$P))) * ('Master Leads'!$O:$O="Yes") * ('Master Leads'!$E:$E>=IF(ISBLANK($B$5),0,$B$5)) * ('Master Leads'!$E:$E<=IF(ISBLANK($D$5),99999,$D$5)))) -> 0 | F34: =IF($A34="","",SUMPRODUCT(('Master Leads'!$D:$D=$A34) * (ISNUMBER(SEARCH("10", 'Master Leads'!$P:$P))) * ('Master Leads'!$O:$O="Yes") * ('Master Leads'!$E:$E>=IF(ISBLANK($B$5),0,$B$5)) * ('Master Leads'!$E:$E<=IF(ISBLANK($D$5),99999,$D$5)))) -> 0 | G34: =IF($A34="","",SUMPRODUCT(('Master Leads'!$D:$D=$A34) * (ISNUMBER(SEARCH("11", 'Master Leads'!$P:$P))) * ('Master Leads'!$O:$O="Yes") * ('Master Leads'!$E:$E>=IF(ISBLANK($B$5),0,$B$5)) * ('Master Leads'!$E:$E<=IF(ISBLANK($D$5),99999,$D$5)))) -> 0 | H34: =IF($A34="","",SUM(B34:G34)) -> 0 | I34: =IF(OR($A34="",$H$54=0),"",H34/$H$54) | J34: =IF(OR($A34="",H9=0),"",H34/H9) -> 0
A35: {=IF(INDEX(Members!$A:$A,3)="","",INDEX(Members!$A:$A,3))} -> menik | B35: =IF($A35="","",SUMPRODUCT(('Master Leads'!$D:$D=$A35) * (ISNUMBER(SEARCH("6", 'Master Leads'!$P:$P))) * ('Master Leads'!$O:$O="Yes") * ('Master Leads'!$E:$E>=IF(ISBLANK($B$5),0,$B$5)) * ('Master Leads'!$E:$E<=IF(ISBLANK($D$5),99999,$D$5)))) -> 0 | C35: =IF($A35="","",SUMPRODUCT(('Master Leads'!$D:$D=$A35) * (ISNUMBER(SEARCH("7", 'Master Leads'!$P:$P))) * ('Master Leads'!$O:$O="Yes") * ('Master Leads'!$E:$E>=IF(ISBLANK($B$5),0,$B$5)) * ('Master Leads'!$E:$E<=IF(ISBLANK($D$5),99999,$D$5)))) -> 0 | D35: =IF($A35="","",SUMPRODUCT(('Master Leads'!$D:$D=$A35) * (ISNUMBER(SEARCH("8", 'Master Leads'!$P:$P))) * ('Master Leads'!$O:$O="Yes") * ('Master Leads'!$E:$E>=IF(ISBLANK($B$5),0,$B$5)) * ('Master Leads'!$E:$E<=IF(ISBLANK($D$5),99999,$D$5)))) -> 0 | E35: =IF($A35="","",SUMPRODUCT(('Master Leads'!$D:$D=$A35) * (ISNUMBER(SEARCH("9", 'Master Leads'!$P:$P))) * ('Master Leads'!$O:$O="Yes") * ('Master Leads'!$E:$E>=IF(ISBLANK($B$5),0,$B$5)) * ('Master Leads'!$E:$E<=IF(ISBLANK($D$5),99999,$D$5)))) -> 0 | F35: =IF($A35="","",SUMPRODUCT(('Master Leads'!$D:$D=$A35) * (ISNUMBER(SEARCH("10", 'Master Leads'!$P:$P))) * ('Master Leads'!$O:$O="Yes") * ('Master Leads'!$E:$E>=IF(ISBLANK($B$5),0,$B$5)) * ('Master Leads'!$E:$E<=IF(ISBLANK($D$5),99999,$D$5)))) -> 0 | G35: =IF($A35="","",SUMPRODUCT(('Master Leads'!$D:$D=$A35) * (ISNUMBER(SEARCH("11", 'Master Leads'!$P:$P))) * ('Master Leads'!$O:$O="Yes") * ('Master Leads'!$E:$E>=IF(ISBLANK($B$5),0,$B$5)) * ('Master Leads'!$E:$E<=IF(ISBLANK($D$5),99999,$D$5)))) -> 0 | H35: =IF($A35="","",SUM(B35:G35)) -> 0 | I35: =IF(OR($A35="",$H$54=0),"",H35/$H$54) | J35: =IF(OR($A35="",H10=0),"",H35/H10)
A36: {=IF(INDEX(Members!$A:$A,4)="","",INDEX(Members!$A:$A,4))} -> kavinda | B36: =IF($A36="","",SUMPRODUCT(('Master Leads'!$D:$D=$A36) * (ISNUMBER(SEARCH("6", 'Master Leads'!$P:$P))) * ('Master Leads'!$O:$O="Yes") * ('Master Leads'!$E:$E>=IF(ISBLANK($B$5),0,$B$5)) * ('Master Leads'!$E:$E<=IF(ISBLANK($D$5),99999,$D$5)))) -> 0 | C36: =IF($A36="","",SUMPRODUCT(('Master Leads'!$D:$D=$A36) * (ISNUMBER(SEARCH("7", 'Master Leads'!$P:$P))) * ('Master Leads'!$O:$O="Yes") * ('Master Leads'!$E:$E>=IF(ISBLANK($B$5),0,$B$5)) * ('Master Leads'!$E:$E<=IF(ISBLANK($D$5),99999,$D$5)))) -> 0 | D36: =IF($A36="","",SUMPRODUCT(('Master Leads'!$D:$D=$A36) * (ISNUMBER(SEARCH("8", 'Master Leads'!$P:$P))) * ('Master Leads'!$O:$O="Yes") * ('Master Leads'!$E:$E>=IF(ISBLANK($B$5),0,$B$5)) * ('Master Leads'!$E:$E<=IF(ISBLANK($D$5),99999,$D$5)))) -> 0 | E36: =IF($A36="","",SUMPRODUCT(('Master Leads'!$D:$D=$A36) * (ISNUMBER(SEARCH("9", 'Master Leads'!$P:$P))) * ('Master Leads'!$O:$O="Yes") * ('Master Leads'!$E:$E>=IF(ISBLANK($B$5),0,$B$5)) * ('Master Leads'!$E:$E<=IF(ISBLANK($D$5),99999,$D$5)))) -> 0 | F36: =IF($A36="","",SUMPRODUCT(('Master Leads'!$D:$D=$A36) * (ISNUMBER(SEARCH("10", 'Master Leads'!$P:$P))) * ('Master Leads'!$O:$O="Yes") * ('Master Leads'!$E:$E>=IF(ISBLANK($B$5),0,$B$5)) * ('Master Leads'!$E:$E<=IF(ISBLANK($D$5),99999,$D$5)))) -> 0 | G36: =IF($A36="","",SUMPRODUCT(('Master Leads'!$D:$D=$A36) * (ISNUMBER(SEARCH("11", 'Master Leads'!$P:$P))) * ('Master Leads'!$O:$O="Yes") * ('Master Leads'!$E:$E>=IF(ISBLANK($B$5),0,$B$5)) * ('Master Leads'!$E:$E<=IF(ISBLANK($D$5),99999,$D$5)))) -> 0 | H36: =IF($A36="","",SUM(B36:G36)) -> 0 | I36: =IF(OR($A36="",$H$54=0),"",H36/$H$54) | J36: =IF(OR($A36="",H11=0),"",H36/H11) -> 0
A37: {=IF(INDEX(Members!$A:$A,5)="","",INDEX(Members!$A:$A,5))} -> umesh | B37: =IF($A37="","",SUMPRODUCT(('Master Leads'!$D:$D=$A37) * (ISNUMBER(SEARCH("6", 'Master Leads'!$P:$P))) * ('Master Leads'!$O:$O="Yes") * ('Master Leads'!$E:$E>=IF(ISBLANK($B$5),0,$B$5)) * ('Master Leads'!$E:$E<=IF(ISBLANK($D$5),99999,$D$5)))) -> 0 | C37: =IF($A37="","",SUMPRODUCT(('Master Leads'!$D:$D=$A37) * (ISNUMBER(SEARCH("7", 'Master Leads'!$P:$P))) * ('Master Leads'!$O:$O="Yes") * ('Master Leads'!$E:$E>=IF(ISBLANK($B$5),0,$B$5)) * ('Master Leads'!$E:$E<=IF(ISBLANK($D$5),99999,$D$5)))) -> 0 | D37: =IF($A37="","",SUMPRODUCT(('Master Leads'!$D:$D=$A37) * (ISNUMBER(SEARCH("8", 'Master Leads'!$P:$P))) * ('Master Leads'!$O:$O="Yes") * ('Master Leads'!$E:$E>=IF(ISBLANK($B$5),0,$B$5)) * ('Master Leads'!$E:$E<=IF(ISBLANK($D$5),99999,$D$5)))) -> 0 | E37: =IF($A37="","",SUMPRODUCT(('Master Leads'!$D:$D=$A37) * (ISNUMBER(SEARCH("9", 'Master Leads'!$P:$P))) * ('Master Leads'!$O:$O="Yes") * ('Master Leads'!$E:$E>=IF(ISBLANK($B$5),0,$B$5)) * ('Master Leads'!$E:$E<=IF(ISBLANK($D$5),99999,$D$5)))) -> 0 | F37: =IF($A37="","",SUMPRODUCT(('Master Leads'!$D:$D=$A37) * (ISNUMBER(SEARCH("10", 'Master Leads'!$P:$P))) * ('Master Leads'!$O:$O="Yes") * ('Master Leads'!$E:$E>=IF(ISBLANK($B$5),0,$B$5)) * ('Master Leads'!$E:$E<=IF(ISBLANK($D$5),99999,$D$5)))) -> 0 | G37: =IF($A37="","",SUMPRODUCT(('Master Leads'!$D:$D=$A37) * (ISNUMBER(SEARCH("11", 'Master Leads'!$P:$P))) * ('Master Leads'!$O:$O="Yes") * ('Master Leads'!$E:$E>=IF(ISBLANK($B$5),0,$B$5)) * ('Master Leads'!$E:$E<=IF(ISBLANK($D$5),99999,$D$5)))) -> 0 | H37: =IF($A37="","",SUM(B37:G37)) -> 0 | I37: =IF(OR($A37="",$H$54=0),"",H37/$H$54) | J37: =IF(OR($A37="",H12=0),"",H37/H12) -> 0
A38: {=IF(INDEX(Members!$A:$A,6)="","",INDEX(Members!$A:$A,6))} -> Avishka | B38: =IF($A38="","",SUMPRODUCT(('Master Leads'!$D:$D=$A38) * (ISNUMBER(SEARCH("6", 'Master Leads'!$P:$P))) * ('Master Leads'!$O:$O="Yes") * ('Master Leads'!$E:$E>=IF(ISBLANK($B$5),0,$B$5)) * ('Master Leads'!$E:$E<=IF(ISBLANK($D$5),99999,$D$5)))) -> 0 | C38: =IF($A38="","",SUMPRODUCT(('Master Leads'!$D:$D=$A38) * (ISNUMBER(SEARCH("7", 'Master Leads'!$P:$P))) * ('Master Leads'!$O:$O="Yes") * ('Master Leads'!$E:$E>=IF(ISBLANK($B$5),0,$B$5)) * ('Master Leads'!$E:$E<=IF(ISBLANK($D$5),99999,$D$5)))) -> 0 | D38: =IF($A38="","",SUMPRODUCT(('Master Leads'!$D:$D=$A38) * (ISNUMBER(SEARCH("8", 'Master Leads'!$P:$P))) * ('Master Leads'!$O:$O="Yes") * ('Master Leads'!$E:$E>=IF(ISBLANK($B$5),0,$B$5)) * ('Master Leads'!$E:$E<=IF(ISBLANK($D$5),99999,$D$5)))) -> 0 | E38: =IF($A38="","",SUMPRODUCT(('Master Leads'!$D:$D=$A38) * (ISNUMBER(SEARCH("9", 'Master Leads'!$P:$P))) * ('Master Leads'!$O:$O="Yes") * ('Master Leads'!$E:$E>=IF(ISBLANK($B$5),0,$B$5)) * ('Master Leads'!$E:$E<=IF(ISBLANK($D$5),99999,$D$5)))) -> 0 | F38: =IF($A38="","",SUMPRODUCT(('Master Leads'!$D:$D=$A38) * (ISNUMBER(SEARCH("10", 'Master Leads'!$P:$P))) * ('Master Leads'!$O:$O="Yes") * ('Master Leads'!$E:$E>=IF(ISBLANK($B$5),0,$B$5)) * ('Master Leads'!$E:$E<=IF(ISBLANK($D$5),99999,$D$5)))) -> 0 | G38: =IF($A38="","",SUMPRODUCT(('Master Leads'!$D:$D=$A38) * (ISNUMBER(SEARCH("11", 'Master Leads'!$P:$P))) * ('Master Leads'!$O:$O="Yes") * ('Master Leads'!$E:$E>=IF(ISBLANK($B$5),0,$B$5)) * ('Master Leads'!$E:$E<=IF(ISBLANK($D$5),99999,$D$5)))) -> 0 | H38: =IF($A38="","",SUM(B38:G38)) -> 0 | I38: =IF(OR($A38="",$H$54=0),"",H38/$H$54) | J38: =IF(OR($A38="",H13=0),"",H38/H13) -> 0
A39: {=IF(INDEX(Members!$A:$A,7)="","",INDEX(Members!$A:$A,7))} -> Wihanga | B39: =IF($A39="","",SUMPRODUCT(('Master Leads'!$D:$D=$A39) * (ISNUMBER(SEARCH("6", 'Master Leads'!$P:$P))) * ('Master Leads'!$O:$O="Yes") * ('Master Leads'!$E:$E>=IF(ISBLANK($B$5),0,$B$5)) * ('Master Leads'!$E:$E<=IF(ISBLANK($D$5),99999,$D$5)))) -> 0 | C39: =IF($A39="","",SUMPRODUCT(('Master Leads'!$D:$D=$A39) * (ISNUMBER(SEARCH("7", 'Master Leads'!$P:$P))) * ('Master Leads'!$O:$O="Yes") * ('Master Leads'!$E:$E>=IF(ISBLANK($B$5),0,$B$5)) * ('Master Leads'!$E:$E<=IF(ISBLANK($D$5),99999,$D$5)))) -> 0 | D39: =IF($A39="","",SUMPRODUCT(('Master Leads'!$D:$D=$A39) * (ISNUMBER(SEARCH("8", 'Master Leads'!$P:$P))) * ('Master Leads'!$O:$O="Yes") * ('Master Leads'!$E:$E>=IF(ISBLANK($B$5),0,$B$5)) * ('Master Leads'!$E:$E<=IF(ISBLANK($D$5),99999,$D$5)))) -> 0 | E39: =IF($A39="","",SUMPRODUCT(('Master Leads'!$D:$D=$A39) * (ISNUMBER(SEARCH("9", 'Master Leads'!$P:$P))) * ('Master Leads'!$O:$O="Yes") * ('Master Leads'!$E:$E>=IF(ISBLANK($B$5),0,$B$5)) * ('Master Leads'!$E:$E<=IF(ISBLANK($D$5),99999,$D$5)))) -> 0 | F39: =IF($A39="","",SUMPRODUCT(('Master Leads'!$D:$D=$A39) * (ISNUMBER(SEARCH("10", 'Master Leads'!$P:$P))) * ('Master Leads'!$O:$O="Yes") * ('Master Leads'!$E:$E>=IF(ISBLANK($B$5),0,$B$5)) * ('Master Leads'!$E:$E<=IF(ISBLANK($D$5),99999,$D$5)))) -> 0 | G39: =IF($A39="","",SUMPRODUCT(('Master Leads'!$D:$D=$A39) * (ISNUMBER(SEARCH("11", 'Master Leads'!$P:$P))) * ('Master Leads'!$O:$O="Yes") * ('Master Leads'!$E:$E>=IF(ISBLANK($B$5),0,$B$5)) * ('Master Leads'!$E:$E<=IF(ISBLANK($D$5),99999,$D$5)))) -> 0 | H39: =IF($A39="","",SUM(B39:G39)) -> 0 | I39: =IF(OR($A39="",$H$54=0),"",H39/$H$54) | J39: =IF(OR($A39="",H14=0),"",H39/H14)
A40: {=IF(INDEX(Members!$A:$A,8)="","",INDEX(Members!$A:$A,8))} -> muthumali | B40: =IF($A40="","",SUMPRODUCT(('Master Leads'!$D:$D=$A40) * (ISNUMBER(SEARCH("6", 'Master Leads'!$P:$P))) * ('Master Leads'!$O:$O="Yes") * ('Master Leads'!$E:$E>=IF(ISBLANK($B$5),0,$B$5)) * ('Master Leads'!$E:$E<=IF(ISBLANK($D$5),99999,$D$5)))) -> 0 | C40: =IF($A40="","",SUMPRODUCT(('Master Leads'!$D:$D=$A40) * (ISNUMBER(SEARCH("7", 'Master Leads'!$P:$P))) * ('Master Leads'!$O:$O="Yes") * ('Master Leads'!$E:$E>=IF(ISBLANK($B$5),0,$B$5)) * ('Master Leads'!$E:$E<=IF(ISBLANK($D$5),99999,$D$5)))) -> 0 | D40: =IF($A40="","",SUMPRODUCT(('Master Leads'!$D:$D=$A40) * (ISNUMBER(SEARCH("8", 'Master Leads'!$P:$P))) * ('Master Leads'!$O:$O="Yes") * ('Master Leads'!$E:$E>=IF(ISBLANK($B$5),0,$B$5)) * ('Master Leads'!$E:$E<=IF(ISBLANK($D$5),99999,$D$5)))) -> 0 | E40: =IF($A40="","",SUMPRODUCT(('Master Leads'!$D:$D=$A40) * (ISNUMBER(SEARCH("9", 'Master Leads'!$P:$P))) * ('Master Leads'!$O:$O="Yes") * ('Master Leads'!$E:$E>=IF(ISBLANK($B$5),0,$B$5)) * ('Master Leads'!$E:$E<=IF(ISBLANK($D$5),99999,$D$5)))) -> 0 | F40: =IF($A40="","",SUMPRODUCT(('Master Leads'!$D:$D=$A40) * (ISNUMBER(SEARCH("10", 'Master Leads'!$P:$P))) * ('Master Leads'!$O:$O="Yes") * ('Master Leads'!$E:$E>=IF(ISBLANK($B$5),0,$B$5)) * ('Master Leads'!$E:$E<=IF(ISBLANK($D$5),99999,$D$5)))) -> 0 | G40: =IF($A40="","",SUMPRODUCT(('Master Leads'!$D:$D=$A40) * (ISNUMBER(SEARCH("11", 'Master Leads'!$P:$P))) * ('Master Leads'!$O:$O="Yes") * ('Master Leads'!$E:$E>=IF(ISBLANK($B$5),0,$B$5)) * ('Master Leads'!$E:$E<=IF(ISBLANK($D$5),99999,$D$5)))) -> 0 | H40: =IF($A40="","",SUM(B40:G40)) -> 0 | I40: =IF(OR($A40="",$H$54=0),"",H40/$H$54) | J40: =IF(OR($A40="",H15=0),"",H40/H15) -> 0
A41: {=IF(INDEX(Members!$A:$A,9)="","",INDEX(Members!$A:$A,9))} -> shamali | B41: =IF($A41="","",SUMPRODUCT(('Master Leads'!$D:$D=$A41) * (ISNUMBER(SEARCH("6", 'Master Leads'!$P:$P))) * ('Master Leads'!$O:$O="Yes") * ('Master Leads'!$E:$E>=IF(ISBLANK($B$5),0,$B$5)) * ('Master Leads'!$E:$E<=IF(ISBLANK($D$5),99999,$D$5)))) -> 0 | C41: =IF($A41="","",SUMPRODUCT(('Master Leads'!$D:$D=$A41) * (ISNUMBER(SEARCH("7", 'Master Leads'!$P:$P))) * ('Master Leads'!$O:$O="Yes") * ('Master Leads'!$E:$E>=IF(ISBLANK($B$5),0,$B$5)) * ('Master Leads'!$E:$E<=IF(ISBLANK($D$5),99999,$D$5)))) -> 0 | D41: =IF($A41="","",SUMPRODUCT(('Master Leads'!$D:$D=$A41) * (ISNUMBER(SEARCH("8", 'Master Leads'!$P:$P))) * ('Master Leads'!$O:$O="Yes") * ('Master Leads'!$E:$E>=IF(ISBLANK($B$5),0,$B$5)) * ('Master Leads'!$E:$E<=IF(ISBLANK($D$5),99999,$D$5)))) -> 0 | E41: =IF($A41="","",SUMPRODUCT(('Master Leads'!$D:$D=$A41) * (ISNUMBER(SEARCH("9", 'Master Leads'!$P:$P))) * ('Master Leads'!$O:$O="Yes") * ('Master Leads'!$E:$E>=IF(ISBLANK($B$5),0,$B$5)) * ('Master Leads'!$E:$E<=IF(ISBLANK($D$5),99999,$D$5)))) -> 0 | F41: =IF($A41="","",SUMPRODUCT(('Master Leads'!$D:$D=$A41) * (ISNUMBER(SEARCH("10", 'Master Leads'!$P:$P))) * ('Master Leads'!$O:$O="Yes") * ('Master Leads'!$E:$E>=IF(ISBLANK($B$5),0,$B$5)) * ('Master Leads'!$E:$E<=IF(ISBLANK($D$5),99999,$D$5)))) -> 0 | G41: =IF($A41="","",SUMPRODUCT(('Master Leads'!$D:$D=$A41) * (ISNUMBER(SEARCH("11", 'Master Leads'!$P:$P))) * ('Master Leads'!$O:$O="Yes") * ('Master Leads'!$E:$E>=IF(ISBLANK($B$5),0,$B$5)) * ('Master Leads'!$E:$E<=IF(ISBLANK($D$5),99999,$D$5)))) -> 0 | H41: =IF($A41="","",SUM(B41:G41)) -> 0 | I41: =IF(OR($A41="",$H$54=0),"",H41/$H$54) | J41: =IF(OR($A41="",H16=0),"",H41/H16) -> 0
A42: {=IF(INDEX(Members!$A:$A,10)="","",INDEX(Members!$A:$A,10))} -> Ama | B42: =IF($A42="","",SUMPRODUCT(('Master Leads'!$D:$D=$A42) * (ISNUMBER(SEARCH("6", 'Master Leads'!$P:$P))) * ('Master Leads'!$O:$O="Yes") * ('Master Leads'!$E:$E>=IF(ISBLANK($B$5),0,$B$5)) * ('Master Leads'!$E:$E<=IF(ISBLANK($D$5),99999,$D$5)))) -> 0 | C42: =IF($A42="","",SUMPRODUCT(('Master Leads'!$D:$D=$A42) * (ISNUMBER(SEARCH("7", 'Master Leads'!$P:$P))) * ('Master Leads'!$O:$O="Yes") * ('Master Leads'!$E:$E>=IF(ISBLANK($B$5),0,$B$5)) * ('Master Leads'!$E:$E<=IF(ISBLANK($D$5),99999,$D$5)))) -> 0 | D42: =IF($A42="","",SUMPRODUCT(('Master Leads'!$D:$D=$A42) * (ISNUMBER(SEARCH("8", 'Master Leads'!$P:$P))) * ('Master Leads'!$O:$O="Yes") * ('Master Leads'!$E:$E>=IF(ISBLANK($B$5),0,$B$5)) * ('Master Leads'!$E:$E<=IF(ISBLANK($D$5),99999,$D$5)))) -> 0 | E42: =IF($A42="","",SUMPRODUCT(('Master Leads'!$D:$D=$A42) * (ISNUMBER(SEARCH("9", 'Master Leads'!$P:$P))) * ('Master Leads'!$O:$O="Yes") * ('Master Leads'!$E:$E>=IF(ISBLANK($B$5),0,$B$5)) * ('Master Leads'!$E:$E<=IF(ISBLANK($D$5),99999,$D$5)))) -> 0 | F42: =IF($A42="","",SUMPRODUCT(('Master Leads'!$D:$D=$A42) * (ISNUMBER(SEARCH("10", 'Master Leads'!$P:$P))) * ('Master Leads'!$O:$O="Yes") * ('Master Leads'!$E:$E>=IF(ISBLANK($B$5),0,$B$5)) * ('Master Leads'!$E:$E<=IF(ISBLANK($D$5),99999,$D$5)))) -> 0 | G42: =IF($A42="","",SUMPRODUCT(('Master Leads'!$D:$D=$A42) * (ISNUMBER(SEARCH("11", 'Master Leads'!$P:$P))) * ('Master Leads'!$O:$O="Yes") * ('Master Leads'!$E:$E>=IF(ISBLANK($B$5),0,$B$5)) * ('Master Leads'!$E:$E<=IF(ISBLANK($D$5),99999,$D$5)))) -> 0 | H42: =IF($A42="","",SUM(B42:G42)) -> 0 | I42: =IF(OR($A42="",$H$54=0),"",H42/$H$54) | J42: =IF(OR($A42="",H17=0),"",H42/H17) -> 0
A43: {=IF(INDEX(Members!$A:$A,11)="","",INDEX(Members!$A:$A,11))} -> kushalya | B43: =IF($A43="","",SUMPRODUCT(('Master Leads'!$D:$D=$A43) * (ISNUMBER(SEARCH("6", 'Master Leads'!$P:$P))) * ('Master Leads'!$O:$O="Yes") * ('Master Leads'!$E:$E>=IF(ISBLANK($B$5),0,$B$5)) * ('Master Leads'!$E:$E<=IF(ISBLANK($D$5),99999,$D$5)))) -> 0 | C43: =IF($A43="","",SUMPRODUCT(('Master Leads'!$D:$D=$A43) * (ISNUMBER(SEARCH("7", 'Master Leads'!$P:$P))) * ('Master Leads'!$O:$O="Yes") * ('Master Leads'!$E:$E>=IF(ISBLANK($B$5),0,$B$5)) * ('Master Leads'!$E:$E<=IF(ISBLANK($D$5),99999,$D$5)))) -> 0 | D43: =IF($A43="","",SUMPRODUCT(('Master Leads'!$D:$D=$A43) * (ISNUMBER(SEARCH("8", 'Master Leads'!$P:$P))) * ('Master Leads'!$O:$O="Yes") * ('Master Leads'!$E:$E>=IF(ISBLANK($B$5),0,$B$5)) * ('Master Leads'!$E:$E<=IF(ISBLANK($D$5),99999,$D$5)))) -> 0 | E43: =IF($A43="","",SUMPRODUCT(('Master Leads'!$D:$D=$A43) * (ISNUMBER(SEARCH("9", 'Master Leads'!$P:$P))) * ('Master Leads'!$O:$O="Yes") * ('Master Leads'!$E:$E>=IF(ISBLANK($B$5),0,$B$5)) * ('Master Leads'!$E:$E<=IF(ISBLANK($D$5),99999,$D$5)))) -> 0 | F43: =IF($A43="","",SUMPRODUCT(('Master Leads'!$D:$D=$A43) * (ISNUMBER(SEARCH("10", 'Master Leads'!$P:$P))) * ('Master Leads'!$O:$O="Yes") * ('Master Leads'!$E:$E>=IF(ISBLANK($B$5),0,$B$5)) * ('Master Leads'!$E:$E<=IF(ISBLANK($D$5),99999,$D$5)))) -> 0 | G43: =IF($A43="","",SUMPRODUCT(('Master Leads'!$D:$D=$A43) * (ISNUMBER(SEARCH("11", 'Master Leads'!$P:$P))) * ('Master Leads'!$O:$O="Yes") * ('Master Leads'!$E:$E>=IF(ISBLANK($B$5),0,$B$5)) * ('Master Leads'!$E:$E<=IF(ISBLANK($D$5),99999,$D$5)))) -> 0 | H43: =IF($A43="","",SUM(B43:G43)) -> 0 | I43: =IF(OR($A43="",$H$54=0),"",H43/$H$54) | J43: =IF(OR($A43="",H18=0),"",H43/H18) -> 0
A44: {=IF(INDEX(Members!$A:$A,12)="","",INDEX(Members!$A:$A,12))} -> TOTAL | B44: =IF($A44="","",SUMPRODUCT(('Master Leads'!$D:$D=$A44) * (ISNUMBER(SEARCH("6", 'Master Leads'!$P:$P))) * ('Master Leads'!$O:$O="Yes") * ('Master Leads'!$E:$E>=IF(ISBLANK($B$5),0,$B$5)) * ('Master Leads'!$E:$E<=IF(ISBLANK($D$5),99999,$D$5)))) -> 0 | C44: =IF($A44="","",SUMPRODUCT(('Master Leads'!$D:$D=$A44) * (ISNUMBER(SEARCH("7", 'Master Leads'!$P:$P))) * ('Master Leads'!$O:$O="Yes") * ('Master Leads'!$E:$E>=IF(ISBLANK($B$5),0,$B$5)) * ('Master Leads'!$E:$E<=IF(ISBLANK($D$5),99999,$D$5)))) -> 0 | D44: =IF($A44="","",SUMPRODUCT(('Master Leads'!$D:$D=$A44) * (ISNUMBER(SEARCH("8", 'Master Leads'!$P:$P))) * ('Master Leads'!$O:$O="Yes") * ('Master Leads'!$E:$E>=IF(ISBLANK($B$5),0,$B$5)) * ('Master Leads'!$E:$E<=IF(ISBLANK($D$5),99999,$D$5)))) -> 0 | E44: =IF($A44="","",SUMPRODUCT(('Master Leads'!$D:$D=$A44) * (ISNUMBER(SEARCH("9", 'Master Leads'!$P:$P))) * ('Master Leads'!$O:$O="Yes") * ('Master Leads'!$E:$E>=IF(ISBLANK($B$5),0,$B$5)) * ('Master Leads'!$E:$E<=IF(ISBLANK($D$5),99999,$D$5)))) -> 0 | F44: =IF($A44="","",SUMPRODUCT(('Master Leads'!$D:$D=$A44) * (ISNUMBER(SEARCH("10", 'Master Leads'!$P:$P))) * ('Master Leads'!$O:$O="Yes") * ('Master Leads'!$E:$E>=IF(ISBLANK($B$5),0,$B$5)) * ('Master Leads'!$E:$E<=IF(ISBLANK($D$5),99999,$D$5)))) -> 0 | G44: =IF($A44="","",SUMPRODUCT(('Master Leads'!$D:$D=$A44) * (ISNUMBER(SEARCH("11", 'Master Leads'!$P:$P))) * ('Master Leads'!$O:$O="Yes") * ('Master Leads'!$E:$E>=IF(ISBLANK($B$5),0,$B$5)) * ('Master Leads'!$E:$E<=IF(ISBLANK($D$5),99999,$D$5)))) -> 0 | H44: =IF($A44="","",SUM(B44:G44)) -> 0 | I44: =IF(OR($A44="",$H$54=0),"",H44/$H$54) | J44: =IF(OR($A44="",H19=0),"",H44/H19)
A45: {=IF(INDEX(Members!$A:$A,13)="","",INDEX(Members!$A:$A,13))} | B45: =IF($A45="","",SUMPRODUCT(('Master Leads'!$D:$D=$A45) * (ISNUMBER(SEARCH("6", 'Master Leads'!$P:$P))) * ('Master Leads'!$O:$O="Yes") * ('Master Leads'!$E:$E>=IF(ISBLANK($B$5),0,$B$5)) * ('Master Leads'!$E:$E<=IF(ISBLANK($D$5),99999,$D$5)))) | C45: =IF($A45="","",SUMPRODUCT(('Master Leads'!$D:$D=$A45) * (ISNUMBER(SEARCH("7", 'Master Leads'!$P:$P))) * ('Master Leads'!$O:$O="Yes") * ('Master Leads'!$E:$E>=IF(ISBLANK($B$5),0,$B$5)) * ('Master Leads'!$E:$E<=IF(ISBLANK($D$5),99999,$D$5)))) | D45: =IF($A45="","",SUMPRODUCT(('Master Leads'!$D:$D=$A45) * (ISNUMBER(SEARCH("8", 'Master Leads'!$P:$P))) * ('Master Leads'!$O:$O="Yes") * ('Master Leads'!$E:$E>=IF(ISBLANK($B$5),0,$B$5)) * ('Master Leads'!$E:$E<=IF(ISBLANK($D$5),99999,$D$5)))) | E45: =IF($A45="","",SUMPRODUCT(('Master Leads'!$D:$D=$A45) * (ISNUMBER(SEARCH("9", 'Master Leads'!$P:$P))) * ('Master Leads'!$O:$O="Yes") * ('Master Leads'!$E:$E>=IF(ISBLANK($B$5),0,$B$5)) * ('Master Leads'!$E:$E<=IF(ISBLANK($D$5),99999,$D$5)))) | F45: =IF($A45="","",SUMPRODUCT(('Master Leads'!$D:$D=$A45) * (ISNUMBER(SEARCH("10", 'Master Leads'!$P:$P))) * ('Master Leads'!$O:$O="Yes") * ('Master Leads'!$E:$E>=IF(ISBLANK($B$5),0,$B$5)) * ('Master Leads'!$E:$E<=IF(ISBLANK($D$5),99999,$D$5)))) | G45: =IF($A45="","",SUMPRODUCT(('Master Leads'!$D:$D=$A45) * (ISNUMBER(SEARCH("11", 'Master Leads'!$P:$P))) * ('Master Leads'!$O:$O="Yes") * ('Master Leads'!$E:$E>=IF(ISBLANK($B$5),0,$B$5)) * ('Master Leads'!$E:$E<=IF(ISBLANK($D$5),99999,$D$5)))) | H45: =IF($A45="","",SUM(B45:G45)) | I45: =IF(OR($A45="",$H$54=0),"",H45/$H$54) | J45: =IF(OR($A45="",H20=0),"",H45/H20)
A46: {=IF(INDEX(Members!$A:$A,14)="","",INDEX(Members!$A:$A,14))} | B46: =IF($A46="","",SUMPRODUCT(('Master Leads'!$D:$D=$A46) * (ISNUMBER(SEARCH("6", 'Master Leads'!$P:$P))) * ('Master Leads'!$O:$O="Yes") * ('Master Leads'!$E:$E>=IF(ISBLANK($B$5),0,$B$5)) * ('Master Leads'!$E:$E<=IF(ISBLANK($D$5),99999,$D$5)))) | C46: =IF($A46="","",SUMPRODUCT(('Master Leads'!$D:$D=$A46) * (ISNUMBER(SEARCH("7", 'Master Leads'!$P:$P))) * ('Master Leads'!$O:$O="Yes") * ('Master Leads'!$E:$E>=IF(ISBLANK($B$5),0,$B$5)) * ('Master Leads'!$E:$E<=IF(ISBLANK($D$5),99999,$D$5)))) | D46: =IF($A46="","",SUMPRODUCT(('Master Leads'!$D:$D=$A46) * (ISNUMBER(SEARCH("8", 'Master Leads'!$P:$P))) * ('Master Leads'!$O:$O="Yes") * ('Master Leads'!$E:$E>=IF(ISBLANK($B$5),0,$B$5)) * ('Master Leads'!$E:$E<=IF(ISBLANK($D$5),99999,$D$5)))) | E46: =IF($A46="","",SUMPRODUCT(('Master Leads'!$D:$D=$A46) * (ISNUMBER(SEARCH("9", 'Master Leads'!$P:$P))) * ('Master Leads'!$O:$O="Yes") * ('Master Leads'!$E:$E>=IF(ISBLANK($B$5),0,$B$5)) * ('Master Leads'!$E:$E<=IF(ISBLANK($D$5),99999,$D$5)))) | F46: =IF($A46="","",SUMPRODUCT(('Master Leads'!$D:$D=$A46) * (ISNUMBER(SEARCH("10", 'Master Leads'!$P:$P))) * ('Master Leads'!$O:$O="Yes") * ('Master Leads'!$E:$E>=IF(ISBLANK($B$5),0,$B$5)) * ('Master Leads'!$E:$E<=IF(ISBLANK($D$5),99999,$D$5)))) | G46: =IF($A46="","",SUMPRODUCT(('Master Leads'!$D:$D=$A46) * (ISNUMBER(SEARCH("11", 'Master Leads'!$P:$P))) * ('Master Leads'!$O:$O="Yes") * ('Master Leads'!$E:$E>=IF(ISBLANK($B$5),0,$B$5)) * ('Master Leads'!$E:$E<=IF(ISBLANK($D$5),99999,$D$5)))) | H46: =IF($A46="","",SUM(B46:G46)) | I46: =IF(OR($A46="",$H$54=0),"",H46/$H$54) | J46: =IF(OR($A46="",H21=0),"",H46/H21)
A47: {=IF(INDEX(Members!$A:$A,15)="","",INDEX(Members!$A:$A,15))} | B47: =IF($A47="","",SUMPRODUCT(('Master Leads'!$D:$D=$A47) * (ISNUMBER(SEARCH("6", 'Master Leads'!$P:$P))) * ('Master Leads'!$O:$O="Yes") * ('Master Leads'!$E:$E>=IF(ISBLANK($B$5),0,$B$5)) * ('Master Leads'!$E:$E<=IF(ISBLANK($D$5),99999,$D$5)))) | C47: =IF($A47="","",SUMPRODUCT(('Master Leads'!$D:$D=$A47) * (ISNUMBER(SEARCH("7", 'Master Leads'!$P:$P))) * ('Master Leads'!$O:$O="Yes") * ('Master Leads'!$E:$E>=IF(ISBLANK($B$5),0,$B$5)) * ('Master Leads'!$E:$E<=IF(ISBLANK($D$5),99999,$D$5)))) | D47: =IF($A47="","",SUMPRODUCT(('Master Leads'!$D:$D=$A47) * (ISNUMBER(SEARCH("8", 'Master Leads'!$P:$P))) * ('Master Leads'!$O:$O="Yes") * ('Master Leads'!$E:$E>=IF(ISBLANK($B$5),0,$B$5)) * ('Master Leads'!$E:$E<=IF(ISBLANK($D$5),99999,$D$5)))) | E47: =IF($A47="","",SUMPRODUCT(('Master Leads'!$D:$D=$A47) * (ISNUMBER(SEARCH("9", 'Master Leads'!$P:$P))) * ('Master Leads'!$O:$O="Yes") * ('Master Leads'!$E:$E>=IF(ISBLANK($B$5),0,$B$5)) * ('Master Leads'!$E:$E<=IF(ISBLANK($D$5),99999,$D$5)))) | F47: =IF($A47="","",SUMPRODUCT(('Master Leads'!$D:$D=$A47) * (ISNUMBER(SEARCH("10", 'Master Leads'!$P:$P))) * ('Master Leads'!$O:$O="Yes") * ('Master Leads'!$E:$E>=IF(ISBLANK($B$5),0,$B$5)) * ('Master Leads'!$E:$E<=IF(ISBLANK($D$5),99999,$D$5)))) | G47: =IF($A47="","",SUMPRODUCT(('Master Leads'!$D:$D=$A47) * (ISNUMBER(SEARCH("11", 'Master Leads'!$P:$P))) * ('Master Leads'!$O:$O="Yes") * ('Master Leads'!$E:$E>=IF(ISBLANK($B$5),0,$B$5)) * ('Master Leads'!$E:$E<=IF(ISBLANK($D$5),99999,$D$5)))) | H47: =IF($A47="","",SUM(B47:G47)) | I47: =IF(OR($A47="",$H$54=0),"",H47/$H$54) | J47: =IF(OR($A47="",H22=0),"",H47/H22)
A48: {=IF(INDEX(Members!$A:$A,16)="","",INDEX(Members!$A:$A,16))} | B48: =IF($A48="","",SUMPRODUCT(('Master Leads'!$D:$D=$A48) * (ISNUMBER(SEARCH("6", 'Master Leads'!$P:$P))) * ('Master Leads'!$O:$O="Yes") * ('Master Leads'!$E:$E>=IF(ISBLANK($B$5),0,$B$5)) * ('Master Leads'!$E:$E<=IF(ISBLANK($D$5),99999,$D$5)))) | C48: =IF($A48="","",SUMPRODUCT(('Master Leads'!$D:$D=$A48) * (ISNUMBER(SEARCH("7", 'Master Leads'!$P:$P))) * ('Master Leads'!$O:$O="Yes") * ('Master Leads'!$E:$E>=IF(ISBLANK($B$5),0,$B$5)) * ('Master Leads'!$E:$E<=IF(ISBLANK($D$5),99999,$D$5)))) | D48: =IF($A48="","",SUMPRODUCT(('Master Leads'!$D:$D=$A48) * (ISNUMBER(SEARCH("8", 'Master Leads'!$P:$P))) * ('Master Leads'!$O:$O="Yes") * ('Master Leads'!$E:$E>=IF(ISBLANK($B$5),0,$B$5)) * ('Master Leads'!$E:$E<=IF(ISBLANK($D$5),99999,$D$5)))) | E48: =IF($A48="","",SUMPRODUCT(('Master Leads'!$D:$D=$A48) * (ISNUMBER(SEARCH("9", 'Master Leads'!$P:$P))) * ('Master Leads'!$O:$O="Yes") * ('Master Leads'!$E:$E>=IF(ISBLANK($B$5),0,$B$5)) * ('Master Leads'!$E:$E<=IF(ISBLANK($D$5),99999,$D$5)))) | F48: =IF($A48="","",SUMPRODUCT(('Master Leads'!$D:$D=$A48) * (ISNUMBER(SEARCH("10", 'Master Leads'!$P:$P))) * ('Master Leads'!$O:$O="Yes") * ('Master Leads'!$E:$E>=IF(ISBLANK($B$5),0,$B$5)) * ('Master Leads'!$E:$E<=IF(ISBLANK($D$5),99999,$D$5)))) | G48: =IF($A48="","",SUMPRODUCT(('Master Leads'!$D:$D=$A48) * (ISNUMBER(SEARCH("11", 'Master Leads'!$P:$P))) * ('Master Leads'!$O:$O="Yes") * ('Master Leads'!$E:$E>=IF(ISBLANK($B$5),0,$B$5)) * ('Master Leads'!$E:$E<=IF(ISBLANK($D$5),99999,$D$5)))) | H48: =IF($A48="","",SUM(B48:G48)) | I48: =IF(OR($A48="",$H$54=0),"",H48/$H$54) | J48: =IF(OR($A48="",H23=0),"",H48/H23)
A49: {=IF(INDEX(Members!$A:$A,17)="","",INDEX(Members!$A:$A,17))} | B49: =IF($A49="","",SUMPRODUCT(('Master Leads'!$D:$D=$A49) * (ISNUMBER(SEARCH("6", 'Master Leads'!$P:$P))) * ('Master Leads'!$O:$O="Yes") * ('Master Leads'!$E:$E>=IF(ISBLANK($B$5),0,$B$5)) * ('Master Leads'!$E:$E<=IF(ISBLANK($D$5),99999,$D$5)))) | C49: =IF($A49="","",SUMPRODUCT(('Master Leads'!$D:$D=$A49) * (ISNUMBER(SEARCH("7", 'Master Leads'!$P:$P))) * ('Master Leads'!$O:$O="Yes") * ('Master Leads'!$E:$E>=IF(ISBLANK($B$5),0,$B$5)) * ('Master Leads'!$E:$E<=IF(ISBLANK($D$5),99999,$D$5)))) | D49: =IF($A49="","",SUMPRODUCT(('Master Leads'!$D:$D=$A49) * (ISNUMBER(SEARCH("8", 'Master Leads'!$P:$P))) * ('Master Leads'!$O:$O="Yes") * ('Master Leads'!$E:$E>=IF(ISBLANK($B$5),0,$B$5)) * ('Master Leads'!$E:$E<=IF(ISBLANK($D$5),99999,$D$5)))) | E49: =IF($A49="","",SUMPRODUCT(('Master Leads'!$D:$D=$A49) * (ISNUMBER(SEARCH("9", 'Master Leads'!$P:$P))) * ('Master Leads'!$O:$O="Yes") * ('Master Leads'!$E:$E>=IF(ISBLANK($B$5),0,$B$5)) * ('Master Leads'!$E:$E<=IF(ISBLANK($D$5),99999,$D$5)))) | F49: =IF($A49="","",SUMPRODUCT(('Master Leads'!$D:$D=$A49) * (ISNUMBER(SEARCH("10", 'Master Leads'!$P:$P))) * ('Master Leads'!$O:$O="Yes") * ('Master Leads'!$E:$E>=IF(ISBLANK($B$5),0,$B$5)) * ('Master Leads'!$E:$E<=IF(ISBLANK($D$5),99999,$D$5)))) | G49: =IF($A49="","",SUMPRODUCT(('Master Leads'!$D:$D=$A49) * (ISNUMBER(SEARCH("11", 'Master Leads'!$P:$P))) * ('Master Leads'!$O:$O="Yes") * ('Master Leads'!$E:$E>=IF(ISBLANK($B$5),0,$B$5)) * ('Master Leads'!$E:$E<=IF(ISBLANK($D$5),99999,$D$5)))) | H49: =IF($A49="","",SUM(B49:G49)) | I49: =IF(OR($A49="",$H$54=0),"",H49/$H$54) | J49: =IF(OR($A49="",H24=0),"",H49/H24)
A50: {=IF(INDEX(Members!$A:$A,18)="","",INDEX(Members!$A:$A,18))} | B50: =IF($A50="","",SUMPRODUCT(('Master Leads'!$D:$D=$A50) * (ISNUMBER(SEARCH("6", 'Master Leads'!$P:$P))) * ('Master Leads'!$O:$O="Yes") * ('Master Leads'!$E:$E>=IF(ISBLANK($B$5),0,$B$5)) * ('Master Leads'!$E:$E<=IF(ISBLANK($D$5),99999,$D$5)))) | C50: =IF($A50="","",SUMPRODUCT(('Master Leads'!$D:$D=$A50) * (ISNUMBER(SEARCH("7", 'Master Leads'!$P:$P))) * ('Master Leads'!$O:$O="Yes") * ('Master Leads'!$E:$E>=IF(ISBLANK($B$5),0,$B$5)) * ('Master Leads'!$E:$E<=IF(ISBLANK($D$5),99999,$D$5)))) | D50: =IF($A50="","",SUMPRODUCT(('Master Leads'!$D:$D=$A50) * (ISNUMBER(SEARCH("8", 'Master Leads'!$P:$P))) * ('Master Leads'!$O:$O="Yes") * ('Master Leads'!$E:$E>=IF(ISBLANK($B$5),0,$B$5)) * ('Master Leads'!$E:$E<=IF(ISBLANK($D$5),99999,$D$5)))) | E50: =IF($A50="","",SUMPRODUCT(('Master Leads'!$D:$D=$A50) * (ISNUMBER(SEARCH("9", 'Master Leads'!$P:$P))) * ('Master Leads'!$O:$O="Yes") * ('Master Leads'!$E:$E>=IF(ISBLANK($B$5),0,$B$5)) * ('Master Leads'!$E:$E<=IF(ISBLANK($D$5),99999,$D$5)))) | F50: =IF($A50="","",SUMPRODUCT(('Master Leads'!$D:$D=$A50) * (ISNUMBER(SEARCH("10", 'Master Leads'!$P:$P))) * ('Master Leads'!$O:$O="Yes") * ('Master Leads'!$E:$E>=IF(ISBLANK($B$5),0,$B$5)) * ('Master Leads'!$E:$E<=IF(ISBLANK($D$5),99999,$D$5)))) | G50: =IF($A50="","",SUMPRODUCT(('Master Leads'!$D:$D=$A50) * (ISNUMBER(SEARCH("11", 'Master Leads'!$P:$P))) * ('Master Leads'!$O:$O="Yes") * ('Master Leads'!$E:$E>=IF(ISBLANK($B$5),0,$B$5)) * ('Master Leads'!$E:$E<=IF(ISBLANK($D$5),99999,$D$5)))) | H50: =IF($A50="","",SUM(B50:G50)) | I50: =IF(OR($A50="",$H$54=0),"",H50/$H$54) | J50: =IF(OR($A50="",H25=0),"",H50/H25)
A51: {=IF(INDEX(Members!$A:$A,19)="","",INDEX(Members!$A:$A,19))} | B51: =IF($A51="","",SUMPRODUCT(('Master Leads'!$D:$D=$A51) * (ISNUMBER(SEARCH("6", 'Master Leads'!$P:$P))) * ('Master Leads'!$O:$O="Yes") * ('Master Leads'!$E:$E>=IF(ISBLANK($B$5),0,$B$5)) * ('Master Leads'!$E:$E<=IF(ISBLANK($D$5),99999,$D$5)))) | C51: =IF($A51="","",SUMPRODUCT(('Master Leads'!$D:$D=$A51) * (ISNUMBER(SEARCH("7", 'Master Leads'!$P:$P))) * ('Master Leads'!$O:$O="Yes") * ('Master Leads'!$E:$E>=IF(ISBLANK($B$5),0,$B$5)) * ('Master Leads'!$E:$E<=IF(ISBLANK($D$5),99999,$D$5)))) | D51: =IF($A51="","",SUMPRODUCT(('Master Leads'!$D:$D=$A51) * (ISNUMBER(SEARCH("8", 'Master Leads'!$P:$P))) * ('Master Leads'!$O:$O="Yes") * ('Master Leads'!$E:$E>=IF(ISBLANK($B$5),0,$B$5)) * ('Master Leads'!$E:$E<=IF(ISBLANK($D$5),99999,$D$5)))) | E51: =IF($A51="","",SUMPRODUCT(('Master Leads'!$D:$D=$A51) * (ISNUMBER(SEARCH("9", 'Master Leads'!$P:$P))) * ('Master Leads'!$O:$O="Yes") * ('Master Leads'!$E:$E>=IF(ISBLANK($B$5),0,$B$5)) * ('Master Leads'!$E:$E<=IF(ISBLANK($D$5),99999,$D$5)))) | F51: =IF($A51="","",SUMPRODUCT(('Master Leads'!$D:$D=$A51) * (ISNUMBER(SEARCH("10", 'Master Leads'!$P:$P))) * ('Master Leads'!$O:$O="Yes") * ('Master Leads'!$E:$E>=IF(ISBLANK($B$5),0,$B$5)) * ('Master Leads'!$E:$E<=IF(ISBLANK($D$5),99999,$D$5)))) | G51: =IF($A51="","",SUMPRODUCT(('Master Leads'!$D:$D=$A51) * (ISNUMBER(SEARCH("11", 'Master Leads'!$P:$P))) * ('Master Leads'!$O:$O="Yes") * ('Master Leads'!$E:$E>=IF(ISBLANK($B$5),0,$B$5)) * ('Master Leads'!$E:$E<=IF(ISBLANK($D$5),99999,$D$5)))) | H51: =IF($A51="","",SUM(B51:G51)) | I51: =IF(OR($A51="",$H$54=0),"",H51/$H$54) | J51: =IF(OR($A51="",H26=0),"",H51/H26)
A52: {=IF(INDEX(Members!$A:$A,20)="","",INDEX(Members!$A:$A,20))} | B52: =IF($A52="","",SUMPRODUCT(('Master Leads'!$D:$D=$A52) * (ISNUMBER(SEARCH("6", 'Master Leads'!$P:$P))) * ('Master Leads'!$O:$O="Yes") * ('Master Leads'!$E:$E>=IF(ISBLANK($B$5),0,$B$5)) * ('Master Leads'!$E:$E<=IF(ISBLANK($D$5),99999,$D$5)))) | C52: =IF($A52="","",SUMPRODUCT(('Master Leads'!$D:$D=$A52) * (ISNUMBER(SEARCH("7", 'Master Leads'!$P:$P))) * ('Master Leads'!$O:$O="Yes") * ('Master Leads'!$E:$E>=IF(ISBLANK($B$5),0,$B$5)) * ('Master Leads'!$E:$E<=IF(ISBLANK($D$5),99999,$D$5)))) | D52: =IF($A52="","",SUMPRODUCT(('Master Leads'!$D:$D=$A52) * (ISNUMBER(SEARCH("8", 'Master Leads'!$P:$P))) * ('Master Leads'!$O:$O="Yes") * ('Master Leads'!$E:$E>=IF(ISBLANK($B$5),0,$B$5)) * ('Master Leads'!$E:$E<=IF(ISBLANK($D$5),99999,$D$5)))) | E52: =IF($A52="","",SUMPRODUCT(('Master Leads'!$D:$D=$A52) * (ISNUMBER(SEARCH("9", 'Master Leads'!$P:$P))) * ('Master Leads'!$O:$O="Yes") * ('Master Leads'!$E:$E>=IF(ISBLANK($B$5),0,$B$5)) * ('Master Leads'!$E:$E<=IF(ISBLANK($D$5),99999,$D$5)))) | F52: =IF($A52="","",SUMPRODUCT(('Master Leads'!$D:$D=$A52) * (ISNUMBER(SEARCH("10", 'Master Leads'!$P:$P))) * ('Master Leads'!$O:$O="Yes") * ('Master Leads'!$E:$E>=IF(ISBLANK($B$5),0,$B$5)) * ('Master Leads'!$E:$E<=IF(ISBLANK($D$5),99999,$D$5)))) | G52: =IF($A52="","",SUMPRODUCT(('Master Leads'!$D:$D=$A52) * (ISNUMBER(SEARCH("11", 'Master Leads'!$P:$P))) * ('Master Leads'!$O:$O="Yes") * ('Master Leads'!$E:$E>=IF(ISBLANK($B$5),0,$B$5)) * ('Master Leads'!$E:$E<=IF(ISBLANK($D$5),99999,$D$5)))) | H52: =IF($A52="","",SUM(B52:G52)) | I52: =IF(OR($A52="",$H$54=0),"",H52/$H$54) | J52: =IF(OR($A52="",H27=0),"",H52/H27)
A53: {=IF(INDEX(Members!$A:$A,21)="","",INDEX(Members!$A:$A,21))} | B53: =IF($A53="","",SUMPRODUCT(('Master Leads'!$D:$D=$A53) * (ISNUMBER(SEARCH("6", 'Master Leads'!$P:$P))) * ('Master Leads'!$O:$O="Yes") * ('Master Leads'!$E:$E>=IF(ISBLANK($B$5),0,$B$5)) * ('Master Leads'!$E:$E<=IF(ISBLANK($D$5),99999,$D$5)))) | C53: =IF($A53="","",SUMPRODUCT(('Master Leads'!$D:$D=$A53) * (ISNUMBER(SEARCH("7", 'Master Leads'!$P:$P))) * ('Master Leads'!$O:$O="Yes") * ('Master Leads'!$E:$E>=IF(ISBLANK($B$5),0,$B$5)) * ('Master Leads'!$E:$E<=IF(ISBLANK($D$5),99999,$D$5)))) | D53: =IF($A53="","",SUMPRODUCT(('Master Leads'!$D:$D=$A53) * (ISNUMBER(SEARCH("8", 'Master Leads'!$P:$P))) * ('Master Leads'!$O:$O="Yes") * ('Master Leads'!$E:$E>=IF(ISBLANK($B$5),0,$B$5)) * ('Master Leads'!$E:$E<=IF(ISBLANK($D$5),99999,$D$5)))) | E53: =IF($A53="","",SUMPRODUCT(('Master Leads'!$D:$D=$A53) * (ISNUMBER(SEARCH("9", 'Master Leads'!$P:$P))) * ('Master Leads'!$O:$O="Yes") * ('Master Leads'!$E:$E>=IF(ISBLANK($B$5),0,$B$5)) * ('Master Leads'!$E:$E<=IF(ISBLANK($D$5),99999,$D$5)))) | F53: =IF($A53="","",SUMPRODUCT(('Master Leads'!$D:$D=$A53) * (ISNUMBER(SEARCH("10", 'Master Leads'!$P:$P))) * ('Master Leads'!$O:$O="Yes") * ('Master Leads'!$E:$E>=IF(ISBLANK($B$5),0,$B$5)) * ('Master Leads'!$E:$E<=IF(ISBLANK($D$5),99999,$D$5)))) | G53: =IF($A53="","",SUMPRODUCT(('Master Leads'!$D:$D=$A53) * (ISNUMBER(SEARCH("11", 'Master Leads'!$P:$P))) * ('Master Leads'!$O:$O="Yes") * ('Master Leads'!$E:$E>=IF(ISBLANK($B$5),0,$B$5)) * ('Master Leads'!$E:$E<=IF(ISBLANK($D$5),99999,$D$5)))) | H53: =IF($A53="","",SUM(B53:G53)) | I53: =IF(OR($A53="",$H$54=0),"",H53/$H$54) | J53: =IF(OR($A53="",H28=0),"",H53/H28)
A54: TOTAL PAID | B54: =SUMPRODUCT((ISNUMBER(SEARCH("6", 'Master Leads'!$P:$P))) * ('Master Leads'!$O:$O="Yes") * ('Master Leads'!$E:$E>=IF(ISBLANK($B$5),0,$B$5)) * ('Master Leads'!$E:$E<=IF(ISBLANK($D$5),99999,$D$5))) -> 0 | C54: =SUMPRODUCT((ISNUMBER(SEARCH("7", 'Master Leads'!$P:$P))) * ('Master Leads'!$O:$O="Yes") * ('Master Leads'!$E:$E>=IF(ISBLANK($B$5),0,$B$5)) * ('Master Leads'!$E:$E<=IF(ISBLANK($D$5),99999,$D$5))) -> 0 | D54: =SUMPRODUCT((ISNUMBER(SEARCH("8", 'Master Leads'!$P:$P))) * ('Master Leads'!$O:$O="Yes") * ('Master Leads'!$E:$E>=IF(ISBLANK($B$5),0,$B$5)) * ('Master Leads'!$E:$E<=IF(ISBLANK($D$5),99999,$D$5))) -> 0 | E54: =SUMPRODUCT((ISNUMBER(SEARCH("9", 'Master Leads'!$P:$P))) * ('Master Leads'!$O:$O="Yes") * ('Master Leads'!$E:$E>=IF(ISBLANK($B$5),0,$B$5)) * ('Master Leads'!$E:$E<=IF(ISBLANK($D$5),99999,$D$5))) -> 0 | F54: =SUMPRODUCT((ISNUMBER(SEARCH("10", 'Master Leads'!$P:$P))) * ('Master Leads'!$O:$O="Yes") * ('Master Leads'!$E:$E>=IF(ISBLANK($B$5),0,$B$5)) * ('Master Leads'!$E:$E<=IF(ISBLANK($D$5),99999,$D$5))) -> 0 | G54: =SUMPRODUCT((ISNUMBER(SEARCH("11", 'Master Leads'!$P:$P))) * ('Master Leads'!$O:$O="Yes") * ('Master Leads'!$E:$E>=IF(ISBLANK($B$5),0,$B$5)) * ('Master Leads'!$E:$E<=IF(ISBLANK($D$5),99999,$D$5))) -> 0 | H54: =SUM(B54:G54) -> 0 | I54: 1 | J54: =IF(H29=0,"",H54/H29) -> 0
A57: TABLE 3: UNRESOLVED LEADS PIPELINE BY MEMBER
A58: Assigned Member | B58: New Leads | C58: Contacted | D58: No Answer | E58: Interested | F58: Other Pending | G58: Total Unresolved | H58: Unresolved % | I58: Actionable Rate
A59: {=IF(INDEX(Members!$A:$A,2)="","",INDEX(Members!$A:$A,2))} -> maheesha | B59: =IF($A59="","",COUNTIFS('Master Leads'!$D:$D,$A59,'Master Leads'!$F:$F,"New",'Master Leads'!$E:$E,">="&IF(ISBLANK($B$5),0,$B$5),'Master Leads'!$E:$E,"<="&IF(ISBLANK($D$5),99999,$D$5))) -> 0 | C59: =IF($A59="","",COUNTIFS('Master Leads'!$D:$D,$A59,'Master Leads'!$F:$F,"Contacted",'Master Leads'!$E:$E,">="&IF(ISBLANK($B$5),0,$B$5),'Master Leads'!$E:$E,"<="&IF(ISBLANK($D$5),99999,$D$5))) -> 18 | D59: =IF($A59="","",COUNTIFS('Master Leads'!$D:$D,$A59,'Master Leads'!$F:$F,"No Answer",'Master Leads'!$E:$E,">="&IF(ISBLANK($B$5),0,$B$5),'Master Leads'!$E:$E,"<="&IF(ISBLANK($D$5),99999,$D$5))) -> 9 | E59: =IF($A59="","",COUNTIFS('Master Leads'!$D:$D,$A59,'Master Leads'!$F:$F,"Interested",'Master Leads'!$E:$E,">="&IF(ISBLANK($B$5),0,$B$5),'Master Leads'!$E:$E,"<="&IF(ISBLANK($D$5),99999,$D$5))) -> 0 | F59: =IF($A59="","",COUNTIFS('Master Leads'!$D:$D,$A59,'Master Leads'!$E:$E,">="&IF(ISBLANK($B$5),0,$B$5),'Master Leads'!$E:$E,"<="&IF(ISBLANK($D$5),99999,$D$5)) - COUNTIFS('Master Leads'!$D:$D,$A59,'Master Leads'!$F:$F,"Converted",'Master Leads'!$E:$E,">="&IF(ISBLANK($B$5),0,$B$5),'Master Leads'!$E:$E,"<="&IF(ISBLANK($D$5),99999,$D$5)) - COUNTIFS('Master Leads'!$D:$D,$A59,'Master Leads'!$F:$F,"Not Interested",'Master Leads'!$E:$E,">="&IF(ISBLANK($B$5),0,$B$5),'Master Leads'!$E:$E,"<="&IF(ISBLANK($D$5),99999,$D$5)) - COUNTIFS('Master Leads'!$D:$D,$A59,'Master Leads'!$F:$F,"Off",'Master Leads'!$E:$E,">="&IF(ISBLANK($B$5),0,$B$5),'Master Leads'!$E:$E,"<="&IF(ISBLANK($D$5),99999,$D$5)) - COUNTIFS('Master Leads'!$D:$D,$A59,'Master Leads'!$F:$F,"Invalid",'Master Leads'!$E:$E,">="&IF(ISBLANK($B$5),0,$B$5),'Master Leads'!$E:$E,"<="&IF(ISBLANK($D$5),99999,$D$5)) - COUNTIFS('Master Leads'!$D:$D,$A59,'Master Leads'!$F:$F,"Wrong number",'Master Leads'!$E:$E,">="&IF(ISBLANK($B$5),0,$B$5),'Master Leads'!$E:$E,"<="&IF(ISBLANK($D$5),99999,$D$5)) - B59 - C59 - D59 - E59) -> 0 | G59: =IF($A59="","",SUM(B59:F59)) -> 27 | H59: =IF(OR($A59="",H9=0),"",G59/H9) -> 0.93103448 | I59: =IF(OR($A59="",H9=0),"",(B59+E59+F59)/H9) -> 0
A60: {=IF(INDEX(Members!$A:$A,3)="","",INDEX(Members!$A:$A,3))} -> menik | B60: =IF($A60="","",COUNTIFS('Master Leads'!$D:$D,$A60,'Master Leads'!$F:$F,"New",'Master Leads'!$E:$E,">="&IF(ISBLANK($B$5),0,$B$5),'Master Leads'!$E:$E,"<="&IF(ISBLANK($D$5),99999,$D$5))) -> 0 | C60: =IF($A60="","",COUNTIFS('Master Leads'!$D:$D,$A60,'Master Leads'!$F:$F,"Contacted",'Master Leads'!$E:$E,">="&IF(ISBLANK($B$5),0,$B$5),'Master Leads'!$E:$E,"<="&IF(ISBLANK($D$5),99999,$D$5))) -> 0 | D60: =IF($A60="","",COUNTIFS('Master Leads'!$D:$D,$A60,'Master Leads'!$F:$F,"No Answer",'Master Leads'!$E:$E,">="&IF(ISBLANK($B$5),0,$B$5),'Master Leads'!$E:$E,"<="&IF(ISBLANK($D$5),99999,$D$5))) -> 0 | E60: =IF($A60="","",COUNTIFS('Master Leads'!$D:$D,$A60,'Master Leads'!$F:$F,"Interested",'Master Leads'!$E:$E,">="&IF(ISBLANK($B$5),0,$B$5),'Master Leads'!$E:$E,"<="&IF(ISBLANK($D$5),99999,$D$5))) -> 0 | F60: =IF($A60="","",COUNTIFS('Master Leads'!$D:$D,$A60,'Master Leads'!$E:$E,">="&IF(ISBLANK($B$5),0,$B$5),'Master Leads'!$E:$E,"<="&IF(ISBLANK($D$5),99999,$D$5)) - COUNTIFS('Master Leads'!$D:$D,$A60,'Master Leads'!$F:$F,"Converted",'Master Leads'!$E:$E,">="&IF(ISBLANK($B$5),0,$B$5),'Master Leads'!$E:$E,"<="&IF(ISBLANK($D$5),99999,$D$5)) - COUNTIFS('Master Leads'!$D:$D,$A60,'Master Leads'!$F:$F,"Not Interested",'Master Leads'!$E:$E,">="&IF(ISBLANK($B$5),0,$B$5),'Master Leads'!$E:$E,"<="&IF(ISBLANK($D$5),99999,$D$5)) - COUNTIFS('Master Leads'!$D:$D,$A60,'Master Leads'!$F:$F,"Off",'Master Leads'!$E:$E,">="&IF(ISBLANK($B$5),0,$B$5),'Master Leads'!$E:$E,"<="&IF(ISBLANK($D$5),99999,$D$5)) - COUNTIFS('Master Leads'!$D:$D,$A60,'Master Leads'!$F:$F,"Invalid",'Master Leads'!$E:$E,">="&IF(ISBLANK($B$5),0,$B$5),'Master Leads'!$E:$E,"<="&IF(ISBLANK($D$5),99999,$D$5)) - COUNTIFS('Master Leads'!$D:$D,$A60,'Master Leads'!$F:$F,"Wrong number",'Master Leads'!$E:$E,">="&IF(ISBLANK($B$5),0,$B$5),'Master Leads'!$E:$E,"<="&IF(ISBLANK($D$5),99999,$D$5)) - B60 - C60 - D60 - E60) -> 0 | G60: =IF($A60="","",SUM(B60:F60)) -> 0 | H60: =IF(OR($A60="",H10=0),"",G60/H10) | I60: =IF(OR($A60="",H10=0),"",(B60+E60+F60)/H10)
A61: {=IF(INDEX(Members!$A:$A,4)="","",INDEX(Members!$A:$A,4))} -> kavinda | B61: =IF($A61="","",COUNTIFS('Master Leads'!$D:$D,$A61,'Master Leads'!$F:$F,"New",'Master Leads'!$E:$E,">="&IF(ISBLANK($B$5),0,$B$5),'Master Leads'!$E:$E,"<="&IF(ISBLANK($D$5),99999,$D$5))) -> 0 | C61: =IF($A61="","",COUNTIFS('Master Leads'!$D:$D,$A61,'Master Leads'!$F:$F,"Contacted",'Master Leads'!$E:$E,">="&IF(ISBLANK($B$5),0,$B$5),'Master Leads'!$E:$E,"<="&IF(ISBLANK($D$5),99999,$D$5))) -> 320 | D61: =IF($A61="","",COUNTIFS('Master Leads'!$D:$D,$A61,'Master Leads'!$F:$F,"No Answer",'Master Leads'!$E:$E,">="&IF(ISBLANK($B$5),0,$B$5),'Master Leads'!$E:$E,"<="&IF(ISBLANK($D$5),99999,$D$5))) -> 149 | E61: =IF($A61="","",COUNTIFS('Master Leads'!$D:$D,$A61,'Master Leads'!$F:$F,"Interested",'Master Leads'!$E:$E,">="&IF(ISBLANK($B$5),0,$B$5),'Master Leads'!$E:$E,"<="&IF(ISBLANK($D$5),99999,$D$5))) -> 0 | F61: =IF($A61="","",COUNTIFS('Master Leads'!$D:$D,$A61,'Master Leads'!$E:$E,">="&IF(ISBLANK($B$5),0,$B$5),'Master Leads'!$E:$E,"<="&IF(ISBLANK($D$5),99999,$D$5)) - COUNTIFS('Master Leads'!$D:$D,$A61,'Master Leads'!$F:$F,"Converted",'Master Leads'!$E:$E,">="&IF(ISBLANK($B$5),0,$B$5),'Master Leads'!$E:$E,"<="&IF(ISBLANK($D$5),99999,$D$5)) - COUNTIFS('Master Leads'!$D:$D,$A61,'Master Leads'!$F:$F,"Not Interested",'Master Leads'!$E:$E,">="&IF(ISBLANK($B$5),0,$B$5),'Master Leads'!$E:$E,"<="&IF(ISBLANK($D$5),99999,$D$5)) - COUNTIFS('Master Leads'!$D:$D,$A61,'Master Leads'!$F:$F,"Off",'Master Leads'!$E:$E,">="&IF(ISBLANK($B$5),0,$B$5),'Master Leads'!$E:$E,"<="&IF(ISBLANK($D$5),99999,$D$5)) - COUNTIFS('Master Leads'!$D:$D,$A61,'Master Leads'!$F:$F,"Invalid",'Master Leads'!$E:$E,">="&IF(ISBLANK($B$5),0,$B$5),'Master Leads'!$E:$E,"<="&IF(ISBLANK($D$5),99999,$D$5)) - COUNTIFS('Master Leads'!$D:$D,$A61,'Master Leads'!$F:$F,"Wrong number",'Master Leads'!$E:$E,">="&IF(ISBLANK($B$5),0,$B$5),'Master Leads'!$E:$E,"<="&IF(ISBLANK($D$5),99999,$D$5)) - B61 - C61 - D61 - E61) -> 43 | G61: =IF($A61="","",SUM(B61:F61)) -> 512 | H61: =IF(OR($A61="",H11=0),"",G61/H11) -> 0.8407225 | I61: =IF(OR($A61="",H11=0),"",(B61+E61+F61)/H11) -> 0.070607553
A62: {=IF(INDEX(Members!$A:$A,5)="","",INDEX(Members!$A:$A,5))} -> umesh | B62: =IF($A62="","",COUNTIFS('Master Leads'!$D:$D,$A62,'Master Leads'!$F:$F,"New",'Master Leads'!$E:$E,">="&IF(ISBLANK($B$5),0,$B$5),'Master Leads'!$E:$E,"<="&IF(ISBLANK($D$5),99999,$D$5))) -> 1 | C62: =IF($A62="","",COUNTIFS('Master Leads'!$D:$D,$A62,'Master Leads'!$F:$F,"Contacted",'Master Leads'!$E:$E,">="&IF(ISBLANK($B$5),0,$B$5),'Master Leads'!$E:$E,"<="&IF(ISBLANK($D$5),99999,$D$5))) -> 266 | D62: =IF($A62="","",COUNTIFS('Master Leads'!$D:$D,$A62,'Master Leads'!$F:$F,"No Answer",'Master Leads'!$E:$E,">="&IF(ISBLANK($B$5),0,$B$5),'Master Leads'!$E:$E,"<="&IF(ISBLANK($D$5),99999,$D$5))) -> 141 | E62: =IF($A62="","",COUNTIFS('Master Leads'!$D:$D,$A62,'Master Leads'!$F:$F,"Interested",'Master Leads'!$E:$E,">="&IF(ISBLANK($B$5),0,$B$5),'Master Leads'!$E:$E,"<="&IF(ISBLANK($D$5),99999,$D$5))) -> 5 | F62: =IF($A62="","",COUNTIFS('Master Leads'!$D:$D,$A62,'Master Leads'!$E:$E,">="&IF(ISBLANK($B$5),0,$B$5),'Master Leads'!$E:$E,"<="&IF(ISBLANK($D$5),99999,$D$5)) - COUNTIFS('Master Leads'!$D:$D,$A62,'Master Leads'!$F:$F,"Converted",'Master Leads'!$E:$E,">="&IF(ISBLANK($B$5),0,$B$5),'Master Leads'!$E:$E,"<="&IF(ISBLANK($D$5),99999,$D$5)) - COUNTIFS('Master Leads'!$D:$D,$A62,'Master Leads'!$F:$F,"Not Interested",'Master Leads'!$E:$E,">="&IF(ISBLANK($B$5),0,$B$5),'Master Leads'!$E:$E,"<="&IF(ISBLANK($D$5),99999,$D$5)) - COUNTIFS('Master Leads'!$D:$D,$A62,'Master Leads'!$F:$F,"Off",'Master Leads'!$E:$E,">="&IF(ISBLANK($B$5),0,$B$5),'Master Leads'!$E:$E,"<="&IF(ISBLANK($D$5),99999,$D$5)) - COUNTIFS('Master Leads'!$D:$D,$A62,'Master Leads'!$F:$F,"Invalid",'Master Leads'!$E:$E,">="&IF(ISBLANK($B$5),0,$B$5),'Master Leads'!$E:$E,"<="&IF(ISBLANK($D$5),99999,$D$5)) - COUNTIFS('Master Leads'!$D:$D,$A62,'Master Leads'!$F:$F,"Wrong number",'Master Leads'!$E:$E,">="&IF(ISBLANK($B$5),0,$B$5),'Master Leads'!$E:$E,"<="&IF(ISBLANK($D$5),99999,$D$5)) - B62 - C62 - D62 - E62) -> 18 | G62: =IF($A62="","",SUM(B62:F62)) -> 431 | H62: =IF(OR($A62="",H12=0),"",G62/H12) -> 0.72073579 | I62: =IF(OR($A62="",H12=0),"",(B62+E62+F62)/H12) -> 0.040133779
A63: {=IF(INDEX(Members!$A:$A,6)="","",INDEX(Members!$A:$A,6))} -> Avishka | B63: =IF($A63="","",COUNTIFS('Master Leads'!$D:$D,$A63,'Master Leads'!$F:$F,"New",'Master Leads'!$E:$E,">="&IF(ISBLANK($B$5),0,$B$5),'Master Leads'!$E:$E,"<="&IF(ISBLANK($D$5),99999,$D$5))) -> 0 | C63: =IF($A63="","",COUNTIFS('Master Leads'!$D:$D,$A63,'Master Leads'!$F:$F,"Contacted",'Master Leads'!$E:$E,">="&IF(ISBLANK($B$5),0,$B$5),'Master Leads'!$E:$E,"<="&IF(ISBLANK($D$5),99999,$D$5))) -> 36 | D63: =IF($A63="","",COUNTIFS('Master Leads'!$D:$D,$A63,'Master Leads'!$F:$F,"No Answer",'Master Leads'!$E:$E,">="&IF(ISBLANK($B$5),0,$B$5),'Master Leads'!$E:$E,"<="&IF(ISBLANK($D$5),99999,$D$5))) -> 20 | E63: =IF($A63="","",COUNTIFS('Master Leads'!$D:$D,$A63,'Master Leads'!$F:$F,"Interested",'Master Leads'!$E:$E,">="&IF(ISBLANK($B$5),0,$B$5),'Master Leads'!$E:$E,"<="&IF(ISBLANK($D$5),99999,$D$5))) -> 0 | F63: =IF($A63="","",COUNTIFS('Master Leads'!$D:$D,$A63,'Master Leads'!$E:$E,">="&IF(ISBLANK($B$5),0,$B$5),'Master Leads'!$E:$E,"<="&IF(ISBLANK($D$5),99999,$D$5)) - COUNTIFS('Master Leads'!$D:$D,$A63,'Master Leads'!$F:$F,"Converted",'Master Leads'!$E:$E,">="&IF(ISBLANK($B$5),0,$B$5),'Master Leads'!$E:$E,"<="&IF(ISBLANK($D$5),99999,$D$5)) - COUNTIFS('Master Leads'!$D:$D,$A63,'Master Leads'!$F:$F,"Not Interested",'Master Leads'!$E:$E,">="&IF(ISBLANK($B$5),0,$B$5),'Master Leads'!$E:$E,"<="&IF(ISBLANK($D$5),99999,$D$5)) - COUNTIFS('Master Leads'!$D:$D,$A63,'Master Leads'!$F:$F,"Off",'Master Leads'!$E:$E,">="&IF(ISBLANK($B$5),0,$B$5),'Master Leads'!$E:$E,"<="&IF(ISBLANK($D$5),99999,$D$5)) - COUNTIFS('Master Leads'!$D:$D,$A63,'Master Leads'!$F:$F,"Invalid",'Master Leads'!$E:$E,">="&IF(ISBLANK($B$5),0,$B$5),'Master Leads'!$E:$E,"<="&IF(ISBLANK($D$5),99999,$D$5)) - COUNTIFS('Master Leads'!$D:$D,$A63,'Master Leads'!$F:$F,"Wrong number",'Master Leads'!$E:$E,">="&IF(ISBLANK($B$5),0,$B$5),'Master Leads'!$E:$E,"<="&IF(ISBLANK($D$5),99999,$D$5)) - B63 - C63 - D63 - E63) -> 12 | G63: =IF($A63="","",SUM(B63:F63)) -> 68 | H63: =IF(OR($A63="",H13=0),"",G63/H13) -> 0.7816092 | I63: =IF(OR($A63="",H13=0),"",(B63+E63+F63)/H13) -> 0.13793103
A64: {=IF(INDEX(Members!$A:$A,7)="","",INDEX(Members!$A:$A,7))} -> Wihanga | B64: =IF($A64="","",COUNTIFS('Master Leads'!$D:$D,$A64,'Master Leads'!$F:$F,"New",'Master Leads'!$E:$E,">="&IF(ISBLANK($B$5),0,$B$5),'Master Leads'!$E:$E,"<="&IF(ISBLANK($D$5),99999,$D$5))) -> 0 | C64: =IF($A64="","",COUNTIFS('Master Leads'!$D:$D,$A64,'Master Leads'!$F:$F,"Contacted",'Master Leads'!$E:$E,">="&IF(ISBLANK($B$5),0,$B$5),'Master Leads'!$E:$E,"<="&IF(ISBLANK($D$5),99999,$D$5))) -> 0 | D64: =IF($A64="","",COUNTIFS('Master Leads'!$D:$D,$A64,'Master Leads'!$F:$F,"No Answer",'Master Leads'!$E:$E,">="&IF(ISBLANK($B$5),0,$B$5),'Master Leads'!$E:$E,"<="&IF(ISBLANK($D$5),99999,$D$5))) -> 0 | E64: =IF($A64="","",COUNTIFS('Master Leads'!$D:$D,$A64,'Master Leads'!$F:$F,"Interested",'Master Leads'!$E:$E,">="&IF(ISBLANK($B$5),0,$B$5),'Master Leads'!$E:$E,"<="&IF(ISBLANK($D$5),99999,$D$5))) -> 0 | F64: =IF($A64="","",COUNTIFS('Master Leads'!$D:$D,$A64,'Master Leads'!$E:$E,">="&IF(ISBLANK($B$5),0,$B$5),'Master Leads'!$E:$E,"<="&IF(ISBLANK($D$5),99999,$D$5)) - COUNTIFS('Master Leads'!$D:$D,$A64,'Master Leads'!$F:$F,"Converted",'Master Leads'!$E:$E,">="&IF(ISBLANK($B$5),0,$B$5),'Master Leads'!$E:$E,"<="&IF(ISBLANK($D$5),99999,$D$5)) - COUNTIFS('Master Leads'!$D:$D,$A64,'Master Leads'!$F:$F,"Not Interested",'Master Leads'!$E:$E,">="&IF(ISBLANK($B$5),0,$B$5),'Master Leads'!$E:$E,"<="&IF(ISBLANK($D$5),99999,$D$5)) - COUNTIFS('Master Leads'!$D:$D,$A64,'Master Leads'!$F:$F,"Off",'Master Leads'!$E:$E,">="&IF(ISBLANK($B$5),0,$B$5),'Master Leads'!$E:$E,"<="&IF(ISBLANK($D$5),99999,$D$5)) - COUNTIFS('Master Leads'!$D:$D,$A64,'Master Leads'!$F:$F,"Invalid",'Master Leads'!$E:$E,">="&IF(ISBLANK($B$5),0,$B$5),'Master Leads'!$E:$E,"<="&IF(ISBLANK($D$5),99999,$D$5)) - COUNTIFS('Master Leads'!$D:$D,$A64,'Master Leads'!$F:$F,"Wrong number",'Master Leads'!$E:$E,">="&IF(ISBLANK($B$5),0,$B$5),'Master Leads'!$E:$E,"<="&IF(ISBLANK($D$5),99999,$D$5)) - B64 - C64 - D64 - E64) -> 0 | G64: =IF($A64="","",SUM(B64:F64)) -> 0 | H64: =IF(OR($A64="",H14=0),"",G64/H14) | I64: =IF(OR($A64="",H14=0),"",(B64+E64+F64)/H14)
A65: {=IF(INDEX(Members!$A:$A,8)="","",INDEX(Members!$A:$A,8))} -> muthumali | B65: =IF($A65="","",COUNTIFS('Master Leads'!$D:$D,$A65,'Master Leads'!$F:$F,"New",'Master Leads'!$E:$E,">="&IF(ISBLANK($B$5),0,$B$5),'Master Leads'!$E:$E,"<="&IF(ISBLANK($D$5),99999,$D$5))) -> 0 | C65: =IF($A65="","",COUNTIFS('Master Leads'!$D:$D,$A65,'Master Leads'!$F:$F,"Contacted",'Master Leads'!$E:$E,">="&IF(ISBLANK($B$5),0,$B$5),'Master Leads'!$E:$E,"<="&IF(ISBLANK($D$5),99999,$D$5))) -> 411 | D65: =IF($A65="","",COUNTIFS('Master Leads'!$D:$D,$A65,'Master Leads'!$F:$F,"No Answer",'Master Leads'!$E:$E,">="&IF(ISBLANK($B$5),0,$B$5),'Master Leads'!$E:$E,"<="&IF(ISBLANK($D$5),99999,$D$5))) -> 169 | E65: =IF($A65="","",COUNTIFS('Master Leads'!$D:$D,$A65,'Master Leads'!$F:$F,"Interested",'Master Leads'!$E:$E,">="&IF(ISBLANK($B$5),0,$B$5),'Master Leads'!$E:$E,"<="&IF(ISBLANK($D$5),99999,$D$5))) -> 0 | F65: =IF($A65="","",COUNTIFS('Master Leads'!$D:$D,$A65,'Master Leads'!$E:$E,">="&IF(ISBLANK($B$5),0,$B$5),'Master Leads'!$E:$E,"<="&IF(ISBLANK($D$5),99999,$D$5)) - COUNTIFS('Master Leads'!$D:$D,$A65,'Master Leads'!$F:$F,"Converted",'Master Leads'!$E:$E,">="&IF(ISBLANK($B$5),0,$B$5),'Master Leads'!$E:$E,"<="&IF(ISBLANK($D$5),99999,$D$5)) - COUNTIFS('Master Leads'!$D:$D,$A65,'Master Leads'!$F:$F,"Not Interested",'Master Leads'!$E:$E,">="&IF(ISBLANK($B$5),0,$B$5),'Master Leads'!$E:$E,"<="&IF(ISBLANK($D$5),99999,$D$5)) - COUNTIFS('Master Leads'!$D:$D,$A65,'Master Leads'!$F:$F,"Off",'Master Leads'!$E:$E,">="&IF(ISBLANK($B$5),0,$B$5),'Master Leads'!$E:$E,"<="&IF(ISBLANK($D$5),99999,$D$5)) - COUNTIFS('Master Leads'!$D:$D,$A65,'Master Leads'!$F:$F,"Invalid",'Master Leads'!$E:$E,">="&IF(ISBLANK($B$5),0,$B$5),'Master Leads'!$E:$E,"<="&IF(ISBLANK($D$5),99999,$D$5)) - COUNTIFS('Master Leads'!$D:$D,$A65,'Master Leads'!$F:$F,"Wrong number",'Master Leads'!$E:$E,">="&IF(ISBLANK($B$5),0,$B$5),'Master Leads'!$E:$E,"<="&IF(ISBLANK($D$5),99999,$D$5)) - B65 - C65 - D65 - E65) -> 28 | G65: =IF($A65="","",SUM(B65:F65)) -> 608 | H65: =IF(OR($A65="",H15=0),"",G65/H15) -> 0.88243832 | I65: =IF(OR($A65="",H15=0),"",(B65+E65+F65)/H15) -> 0.040638607
A66: {=IF(INDEX(Members!$A:$A,9)="","",INDEX(Members!$A:$A,9))} -> shamali | B66: =IF($A66="","",COUNTIFS('Master Leads'!$D:$D,$A66,'Master Leads'!$F:$F,"New",'Master Leads'!$E:$E,">="&IF(ISBLANK($B$5),0,$B$5),'Master Leads'!$E:$E,"<="&IF(ISBLANK($D$5),99999,$D$5))) -> 1 | C66: =IF($A66="","",COUNTIFS('Master Leads'!$D:$D,$A66,'Master Leads'!$F:$F,"Contacted",'Master Leads'!$E:$E,">="&IF(ISBLANK($B$5),0,$B$5),'Master Leads'!$E:$E,"<="&IF(ISBLANK($D$5),99999,$D$5))) -> 228 | D66: =IF($A66="","",COUNTIFS('Master Leads'!$D:$D,$A66,'Master Leads'!$F:$F,"No Answer",'Master Leads'!$E:$E,">="&IF(ISBLANK($B$5),0,$B$5),'Master Leads'!$E:$E,"<="&IF(ISBLANK($D$5),99999,$D$5))) -> 135 | E66: =IF($A66="","",COUNTIFS('Master Leads'!$D:$D,$A66,'Master Leads'!$F:$F,"Interested",'Master Leads'!$E:$E,">="&IF(ISBLANK($B$5),0,$B$5),'Master Leads'!$E:$E,"<="&IF(ISBLANK($D$5),99999,$D$5))) -> 35 | F66: =IF($A66="","",COUNTIFS('Master Leads'!$D:$D,$A66,'Master Leads'!$E:$E,">="&IF(ISBLANK($B$5),0,$B$5),'Master Leads'!$E:$E,"<="&IF(ISBLANK($D$5),99999,$D$5)) - COUNTIFS('Master Leads'!$D:$D,$A66,'Master Leads'!$F:$F,"Converted",'Master Leads'!$E:$E,">="&IF(ISBLANK($B$5),0,$B$5),'Master Leads'!$E:$E,"<="&IF(ISBLANK($D$5),99999,$D$5)) - COUNTIFS('Master Leads'!$D:$D,$A66,'Master Leads'!$F:$F,"Not Interested",'Master Leads'!$E:$E,">="&IF(ISBLANK($B$5),0,$B$5),'Master Leads'!$E:$E,"<="&IF(ISBLANK($D$5),99999,$D$5)) - COUNTIFS('Master Leads'!$D:$D,$A66,'Master Leads'!$F:$F,"Off",'Master Leads'!$E:$E,">="&IF(ISBLANK($B$5),0,$B$5),'Master Leads'!$E:$E,"<="&IF(ISBLANK($D$5),99999,$D$5)) - COUNTIFS('Master Leads'!$D:$D,$A66,'Master Leads'!$F:$F,"Invalid",'Master Leads'!$E:$E,">="&IF(ISBLANK($B$5),0,$B$5),'Master Leads'!$E:$E,"<="&IF(ISBLANK($D$5),99999,$D$5)) - COUNTIFS('Master Leads'!$D:$D,$A66,'Master Leads'!$F:$F,"Wrong number",'Master Leads'!$E:$E,">="&IF(ISBLANK($B$5),0,$B$5),'Master Leads'!$E:$E,"<="&IF(ISBLANK($D$5),99999,$D$5)) - B66 - C66 - D66 - E66) -> 54 | G66: =IF($A66="","",SUM(B66:F66)) -> 453 | H66: =IF(OR($A66="",H16=0),"",G66/H16) -> 0.84672897 | I66: =IF(OR($A66="",H16=0),"",(B66+E66+F66)/H16) -> 0.1682243
A67: {=IF(INDEX(Members!$A:$A,10)="","",INDEX(Members!$A:$A,10))} -> Ama | B67: =IF($A67="","",COUNTIFS('Master Leads'!$D:$D,$A67,'Master Leads'!$F:$F,"New",'Master Leads'!$E:$E,">="&IF(ISBLANK($B$5),0,$B$5),'Master Leads'!$E:$E,"<="&IF(ISBLANK($D$5),99999,$D$5))) -> 0 | C67: =IF($A67="","",COUNTIFS('Master Leads'!$D:$D,$A67,'Master Leads'!$F:$F,"Contacted",'Master Leads'!$E:$E,">="&IF(ISBLANK($B$5),0,$B$5),'Master Leads'!$E:$E,"<="&IF(ISBLANK($D$5),99999,$D$5))) -> 199 | D67: =IF($A67="","",COUNTIFS('Master Leads'!$D:$D,$A67,'Master Leads'!$F:$F,"No Answer",'Master Leads'!$E:$E,">="&IF(ISBLANK($B$5),0,$B$5),'Master Leads'!$E:$E,"<="&IF(ISBLANK($D$5),99999,$D$5))) -> 117 | E67: =IF($A67="","",COUNTIFS('Master Leads'!$D:$D,$A67,'Master Leads'!$F:$F,"Interested",'Master Leads'!$E:$E,">="&IF(ISBLANK($B$5),0,$B$5),'Master Leads'!$E:$E,"<="&IF(ISBLANK($D$5),99999,$D$5))) -> 1 | F67: =IF($A67="","",COUNTIFS('Master Leads'!$D:$D,$A67,'Master Leads'!$E:$E,">="&IF(ISBLANK($B$5),0,$B$5),'Master Leads'!$E:$E,"<="&IF(ISBLANK($D$5),99999,$D$5)) - COUNTIFS('Master Leads'!$D:$D,$A67,'Master Leads'!$F:$F,"Converted",'Master Leads'!$E:$E,">="&IF(ISBLANK($B$5),0,$B$5),'Master Leads'!$E:$E,"<="&IF(ISBLANK($D$5),99999,$D$5)) - COUNTIFS('Master Leads'!$D:$D,$A67,'Master Leads'!$F:$F,"Not Interested",'Master Leads'!$E:$E,">="&IF(ISBLANK($B$5),0,$B$5),'Master Leads'!$E:$E,"<="&IF(ISBLANK($D$5),99999,$D$5)) - COUNTIFS('Master Leads'!$D:$D,$A67,'Master Leads'!$F:$F,"Off",'Master Leads'!$E:$E,">="&IF(ISBLANK($B$5),0,$B$5),'Master Leads'!$E:$E,"<="&IF(ISBLANK($D$5),99999,$D$5)) - COUNTIFS('Master Leads'!$D:$D,$A67,'Master Leads'!$F:$F,"Invalid",'Master Leads'!$E:$E,">="&IF(ISBLANK($B$5),0,$B$5),'Master Leads'!$E:$E,"<="&IF(ISBLANK($D$5),99999,$D$5)) - COUNTIFS('Master Leads'!$D:$D,$A67,'Master Leads'!$F:$F,"Wrong number",'Master Leads'!$E:$E,">="&IF(ISBLANK($B$5),0,$B$5),'Master Leads'!$E:$E,"<="&IF(ISBLANK($D$5),99999,$D$5)) - B67 - C67 - D67 - E67) -> 52 | G67: =IF($A67="","",SUM(B67:F67)) -> 369 | H67: =IF(OR($A67="",H17=0),"",G67/H17) -> 0.86416862 | I67: =IF(OR($A67="",H17=0),"",(B67+E67+F67)/H17) -> 0.12412178
A68: {=IF(INDEX(Members!$A:$A,11)="","",INDEX(Members!$A:$A,11))} -> kushalya | B68: =IF($A68="","",COUNTIFS('Master Leads'!$D:$D,$A68,'Master Leads'!$F:$F,"New",'Master Leads'!$E:$E,">="&IF(ISBLANK($B$5),0,$B$5),'Master Leads'!$E:$E,"<="&IF(ISBLANK($D$5),99999,$D$5))) -> 0 | C68: =IF($A68="","",COUNTIFS('Master Leads'!$D:$D,$A68,'Master Leads'!$F:$F,"Contacted",'Master Leads'!$E:$E,">="&IF(ISBLANK($B$5),0,$B$5),'Master Leads'!$E:$E,"<="&IF(ISBLANK($D$5),99999,$D$5))) -> 137 | D68: =IF($A68="","",COUNTIFS('Master Leads'!$D:$D,$A68,'Master Leads'!$F:$F,"No Answer",'Master Leads'!$E:$E,">="&IF(ISBLANK($B$5),0,$B$5),'Master Leads'!$E:$E,"<="&IF(ISBLANK($D$5),99999,$D$5))) -> 85 | E68: =IF($A68="","",COUNTIFS('Master Leads'!$D:$D,$A68,'Master Leads'!$F:$F,"Interested",'Master Leads'!$E:$E,">="&IF(ISBLANK($B$5),0,$B$5),'Master Leads'!$E:$E,"<="&IF(ISBLANK($D$5),99999,$D$5))) -> 0 | F68: =IF($A68="","",COUNTIFS('Master Leads'!$D:$D,$A68,'Master Leads'!$E:$E,">="&IF(ISBLANK($B$5),0,$B$5),'Master Leads'!$E:$E,"<="&IF(ISBLANK($D$5),99999,$D$5)) - COUNTIFS('Master Leads'!$D:$D,$A68,'Master Leads'!$F:$F,"Converted",'Master Leads'!$E:$E,">="&IF(ISBLANK($B$5),0,$B$5),'Master Leads'!$E:$E,"<="&IF(ISBLANK($D$5),99999,$D$5)) - COUNTIFS('Master Leads'!$D:$D,$A68,'Master Leads'!$F:$F,"Not Interested",'Master Leads'!$E:$E,">="&IF(ISBLANK($B$5),0,$B$5),'Master Leads'!$E:$E,"<="&IF(ISBLANK($D$5),99999,$D$5)) - COUNTIFS('Master Leads'!$D:$D,$A68,'Master Leads'!$F:$F,"Off",'Master Leads'!$E:$E,">="&IF(ISBLANK($B$5),0,$B$5),'Master Leads'!$E:$E,"<="&IF(ISBLANK($D$5),99999,$D$5)) - COUNTIFS('Master Leads'!$D:$D,$A68,'Master Leads'!$F:$F,"Invalid",'Master Leads'!$E:$E,">="&IF(ISBLANK($B$5),0,$B$5),'Master Leads'!$E:$E,"<="&IF(ISBLANK($D$5),99999,$D$5)) - COUNTIFS('Master Leads'!$D:$D,$A68,'Master Leads'!$F:$F,"Wrong number",'Master Leads'!$E:$E,">="&IF(ISBLANK($B$5),0,$B$5),'Master Leads'!$E:$E,"<="&IF(ISBLANK($D$5),99999,$D$5)) - B68 - C68 - D68 - E68) -> 31 | G68: =IF($A68="","",SUM(B68:F68)) -> 253 | H68: =IF(OR($A68="",H18=0),"",G68/H18) -> 0.77846154 | I68: =IF(OR($A68="",H18=0),"",(B68+E68+F68)/H18) -> 0.095384615
A69: {=IF(INDEX(Members!$A:$A,12)="","",INDEX(Members!$A:$A,12))} -> TOTAL | B69: =IF($A69="","",COUNTIFS('Master Leads'!$D:$D,$A69,'Master Leads'!$F:$F,"New",'Master Leads'!$E:$E,">="&IF(ISBLANK($B$5),0,$B$5),'Master Leads'!$E:$E,"<="&IF(ISBLANK($D$5),99999,$D$5))) -> 0 | C69: =IF($A69="","",COUNTIFS('Master Leads'!$D:$D,$A69,'Master Leads'!$F:$F,"Contacted",'Master Leads'!$E:$E,">="&IF(ISBLANK($B$5),0,$B$5),'Master Leads'!$E:$E,"<="&IF(ISBLANK($D$5),99999,$D$5))) -> 0 | D69: =IF($A69="","",COUNTIFS('Master Leads'!$D:$D,$A69,'Master Leads'!$F:$F,"No Answer",'Master Leads'!$E:$E,">="&IF(ISBLANK($B$5),0,$B$5),'Master Leads'!$E:$E,"<="&IF(ISBLANK($D$5),99999,$D$5))) -> 0 | E69: =IF($A69="","",COUNTIFS('Master Leads'!$D:$D,$A69,'Master Leads'!$F:$F,"Interested",'Master Leads'!$E:$E,">="&IF(ISBLANK($B$5),0,$B$5),'Master Leads'!$E:$E,"<="&IF(ISBLANK($D$5),99999,$D$5))) -> 0 | F69: =IF($A69="","",COUNTIFS('Master Leads'!$D:$D,$A69,'Master Leads'!$E:$E,">="&IF(ISBLANK($B$5),0,$B$5),'Master Leads'!$E:$E,"<="&IF(ISBLANK($D$5),99999,$D$5)) - COUNTIFS('Master Leads'!$D:$D,$A69,'Master Leads'!$F:$F,"Converted",'Master Leads'!$E:$E,">="&IF(ISBLANK($B$5),0,$B$5),'Master Leads'!$E:$E,"<="&IF(ISBLANK($D$5),99999,$D$5)) - COUNTIFS('Master Leads'!$D:$D,$A69,'Master Leads'!$F:$F,"Not Interested",'Master Leads'!$E:$E,">="&IF(ISBLANK($B$5),0,$B$5),'Master Leads'!$E:$E,"<="&IF(ISBLANK($D$5),99999,$D$5)) - COUNTIFS('Master Leads'!$D:$D,$A69,'Master Leads'!$F:$F,"Off",'Master Leads'!$E:$E,">="&IF(ISBLANK($B$5),0,$B$5),'Master Leads'!$E:$E,"<="&IF(ISBLANK($D$5),99999,$D$5)) - COUNTIFS('Master Leads'!$D:$D,$A69,'Master Leads'!$F:$F,"Invalid",'Master Leads'!$E:$E,">="&IF(ISBLANK($B$5),0,$B$5),'Master Leads'!$E:$E,"<="&IF(ISBLANK($D$5),99999,$D$5)) - COUNTIFS('Master Leads'!$D:$D,$A69,'Master Leads'!$F:$F,"Wrong number",'Master Leads'!$E:$E,">="&IF(ISBLANK($B$5),0,$B$5),'Master Leads'!$E:$E,"<="&IF(ISBLANK($D$5),99999,$D$5)) - B69 - C69 - D69 - E69) -> 0 | G69: =IF($A69="","",SUM(B69:F69)) -> 0 | H69: =IF(OR($A69="",H19=0),"",G69/H19) | I69: =IF(OR($A69="",H19=0),"",(B69+E69+F69)/H19)
A70: {=IF(INDEX(Members!$A:$A,13)="","",INDEX(Members!$A:$A,13))} | B70: =IF($A70="","",COUNTIFS('Master Leads'!$D:$D,$A70,'Master Leads'!$F:$F,"New",'Master Leads'!$E:$E,">="&IF(ISBLANK($B$5),0,$B$5),'Master Leads'!$E:$E,"<="&IF(ISBLANK($D$5),99999,$D$5))) | C70: =IF($A70="","",COUNTIFS('Master Leads'!$D:$D,$A70,'Master Leads'!$F:$F,"Contacted",'Master Leads'!$E:$E,">="&IF(ISBLANK($B$5),0,$B$5),'Master Leads'!$E:$E,"<="&IF(ISBLANK($D$5),99999,$D$5))) | D70: =IF($A70="","",COUNTIFS('Master Leads'!$D:$D,$A70,'Master Leads'!$F:$F,"No Answer",'Master Leads'!$E:$E,">="&IF(ISBLANK($B$5),0,$B$5),'Master Leads'!$E:$E,"<="&IF(ISBLANK($D$5),99999,$D$5))) | E70: =IF($A70="","",COUNTIFS('Master Leads'!$D:$D,$A70,'Master Leads'!$F:$F,"Interested",'Master Leads'!$E:$E,">="&IF(ISBLANK($B$5),0,$B$5),'Master Leads'!$E:$E,"<="&IF(ISBLANK($D$5),99999,$D$5))) | F70: =IF($A70="","",COUNTIFS('Master Leads'!$D:$D,$A70,'Master Leads'!$E:$E,">="&IF(ISBLANK($B$5),0,$B$5),'Master Leads'!$E:$E,"<="&IF(ISBLANK($D$5),99999,$D$5)) - COUNTIFS('Master Leads'!$D:$D,$A70,'Master Leads'!$F:$F,"Converted",'Master Leads'!$E:$E,">="&IF(ISBLANK($B$5),0,$B$5),'Master Leads'!$E:$E,"<="&IF(ISBLANK($D$5),99999,$D$5)) - COUNTIFS('Master Leads'!$D:$D,$A70,'Master Leads'!$F:$F,"Not Interested",'Master Leads'!$E:$E,">="&IF(ISBLANK($B$5),0,$B$5),'Master Leads'!$E:$E,"<="&IF(ISBLANK($D$5),99999,$D$5)) - COUNTIFS('Master Leads'!$D:$D,$A70,'Master Leads'!$F:$F,"Off",'Master Leads'!$E:$E,">="&IF(ISBLANK($B$5),0,$B$5),'Master Leads'!$E:$E,"<="&IF(ISBLANK($D$5),99999,$D$5)) - COUNTIFS('Master Leads'!$D:$D,$A70,'Master Leads'!$F:$F,"Invalid",'Master Leads'!$E:$E,">="&IF(ISBLANK($B$5),0,$B$5),'Master Leads'!$E:$E,"<="&IF(ISBLANK($D$5),99999,$D$5)) - COUNTIFS('Master Leads'!$D:$D,$A70,'Master Leads'!$F:$F,"Wrong number",'Master Leads'!$E:$E,">="&IF(ISBLANK($B$5),0,$B$5),'Master Leads'!$E:$E,"<="&IF(ISBLANK($D$5),99999,$D$5)) - B70 - C70 - D70 - E70) | G70: =IF($A70="","",SUM(B70:F70)) | H70: =IF(OR($A70="",H20=0),"",G70/H20) | I70: =IF(OR($A70="",H20=0),"",(B70+E70+F70)/H20)
A71: {=IF(INDEX(Members!$A:$A,14)="","",INDEX(Members!$A:$A,14))} | B71: =IF($A71="","",COUNTIFS('Master Leads'!$D:$D,$A71,'Master Leads'!$F:$F,"New",'Master Leads'!$E:$E,">="&IF(ISBLANK($B$5),0,$B$5),'Master Leads'!$E:$E,"<="&IF(ISBLANK($D$5),99999,$D$5))) | C71: =IF($A71="","",COUNTIFS('Master Leads'!$D:$D,$A71,'Master Leads'!$F:$F,"Contacted",'Master Leads'!$E:$E,">="&IF(ISBLANK($B$5),0,$B$5),'Master Leads'!$E:$E,"<="&IF(ISBLANK($D$5),99999,$D$5))) | D71: =IF($A71="","",COUNTIFS('Master Leads'!$D:$D,$A71,'Master Leads'!$F:$F,"No Answer",'Master Leads'!$E:$E,">="&IF(ISBLANK($B$5),0,$B$5),'Master Leads'!$E:$E,"<="&IF(ISBLANK($D$5),99999,$D$5))) | E71: =IF($A71="","",COUNTIFS('Master Leads'!$D:$D,$A71,'Master Leads'!$F:$F,"Interested",'Master Leads'!$E:$E,">="&IF(ISBLANK($B$5),0,$B$5),'Master Leads'!$E:$E,"<="&IF(ISBLANK($D$5),99999,$D$5))) | F71: =IF($A71="","",COUNTIFS('Master Leads'!$D:$D,$A71,'Master Leads'!$E:$E,">="&IF(ISBLANK($B$5),0,$B$5),'Master Leads'!$E:$E,"<="&IF(ISBLANK($D$5),99999,$D$5)) - COUNTIFS('Master Leads'!$D:$D,$A71,'Master Leads'!$F:$F,"Converted",'Master Leads'!$E:$E,">="&IF(ISBLANK($B$5),0,$B$5),'Master Leads'!$E:$E,"<="&IF(ISBLANK($D$5),99999,$D$5)) - COUNTIFS('Master Leads'!$D:$D,$A71,'Master Leads'!$F:$F,"Not Interested",'Master Leads'!$E:$E,">="&IF(ISBLANK($B$5),0,$B$5),'Master Leads'!$E:$E,"<="&IF(ISBLANK($D$5),99999,$D$5)) - COUNTIFS('Master Leads'!$D:$D,$A71,'Master Leads'!$F:$F,"Off",'Master Leads'!$E:$E,">="&IF(ISBLANK($B$5),0,$B$5),'Master Leads'!$E:$E,"<="&IF(ISBLANK($D$5),99999,$D$5)) - COUNTIFS('Master Leads'!$D:$D,$A71,'Master Leads'!$F:$F,"Invalid",'Master Leads'!$E:$E,">="&IF(ISBLANK($B$5),0,$B$5),'Master Leads'!$E:$E,"<="&IF(ISBLANK($D$5),99999,$D$5)) - COUNTIFS('Master Leads'!$D:$D,$A71,'Master Leads'!$F:$F,"Wrong number",'Master Leads'!$E:$E,">="&IF(ISBLANK($B$5),0,$B$5),'Master Leads'!$E:$E,"<="&IF(ISBLANK($D$5),99999,$D$5)) - B71 - C71 - D71 - E71) | G71: =IF($A71="","",SUM(B71:F71)) | H71: =IF(OR($A71="",H21=0),"",G71/H21) | I71: =IF(OR($A71="",H21=0),"",(B71+E71+F71)/H21)
A72: {=IF(INDEX(Members!$A:$A,15)="","",INDEX(Members!$A:$A,15))} | B72: =IF($A72="","",COUNTIFS('Master Leads'!$D:$D,$A72,'Master Leads'!$F:$F,"New",'Master Leads'!$E:$E,">="&IF(ISBLANK($B$5),0,$B$5),'Master Leads'!$E:$E,"<="&IF(ISBLANK($D$5),99999,$D$5))) | C72: =IF($A72="","",COUNTIFS('Master Leads'!$D:$D,$A72,'Master Leads'!$F:$F,"Contacted",'Master Leads'!$E:$E,">="&IF(ISBLANK($B$5),0,$B$5),'Master Leads'!$E:$E,"<="&IF(ISBLANK($D$5),99999,$D$5))) | D72: =IF($A72="","",COUNTIFS('Master Leads'!$D:$D,$A72,'Master Leads'!$F:$F,"No Answer",'Master Leads'!$E:$E,">="&IF(ISBLANK($B$5),0,$B$5),'Master Leads'!$E:$E,"<="&IF(ISBLANK($D$5),99999,$D$5))) | E72: =IF($A72="","",COUNTIFS('Master Leads'!$D:$D,$A72,'Master Leads'!$F:$F,"Interested",'Master Leads'!$E:$E,">="&IF(ISBLANK($B$5),0,$B$5),'Master Leads'!$E:$E,"<="&IF(ISBLANK($D$5),99999,$D$5))) | F72: =IF($A72="","",COUNTIFS('Master Leads'!$D:$D,$A72,'Master Leads'!$E:$E,">="&IF(ISBLANK($B$5),0,$B$5),'Master Leads'!$E:$E,"<="&IF(ISBLANK($D$5),99999,$D$5)) - COUNTIFS('Master Leads'!$D:$D,$A72,'Master Leads'!$F:$F,"Converted",'Master Leads'!$E:$E,">="&IF(ISBLANK($B$5),0,$B$5),'Master Leads'!$E:$E,"<="&IF(ISBLANK($D$5),99999,$D$5)) - COUNTIFS('Master Leads'!$D:$D,$A72,'Master Leads'!$F:$F,"Not Interested",'Master Leads'!$E:$E,">="&IF(ISBLANK($B$5),0,$B$5),'Master Leads'!$E:$E,"<="&IF(ISBLANK($D$5),99999,$D$5)) - COUNTIFS('Master Leads'!$D:$D,$A72,'Master Leads'!$F:$F,"Off",'Master Leads'!$E:$E,">="&IF(ISBLANK($B$5),0,$B$5),'Master Leads'!$E:$E,"<="&IF(ISBLANK($D$5),99999,$D$5)) - COUNTIFS('Master Leads'!$D:$D,$A72,'Master Leads'!$F:$F,"Invalid",'Master Leads'!$E:$E,">="&IF(ISBLANK($B$5),0,$B$5),'Master Leads'!$E:$E,"<="&IF(ISBLANK($D$5),99999,$D$5)) - COUNTIFS('Master Leads'!$D:$D,$A72,'Master Leads'!$F:$F,"Wrong number",'Master Leads'!$E:$E,">="&IF(ISBLANK($B$5),0,$B$5),'Master Leads'!$E:$E,"<="&IF(ISBLANK($D$5),99999,$D$5)) - B72 - C72 - D72 - E72) | G72: =IF($A72="","",SUM(B72:F72)) | H72: =IF(OR($A72="",H22=0),"",G72/H22) | I72: =IF(OR($A72="",H22=0),"",(B72+E72+F72)/H22)
A73: {=IF(INDEX(Members!$A:$A,16)="","",INDEX(Members!$A:$A,16))} | B73: =IF($A73="","",COUNTIFS('Master Leads'!$D:$D,$A73,'Master Leads'!$F:$F,"New",'Master Leads'!$E:$E,">="&IF(ISBLANK($B$5),0,$B$5),'Master Leads'!$E:$E,"<="&IF(ISBLANK($D$5),99999,$D$5))) | C73: =IF($A73="","",COUNTIFS('Master Leads'!$D:$D,$A73,'Master Leads'!$F:$F,"Contacted",'Master Leads'!$E:$E,">="&IF(ISBLANK($B$5),0,$B$5),'Master Leads'!$E:$E,"<="&IF(ISBLANK($D$5),99999,$D$5))) | D73: =IF($A73="","",COUNTIFS('Master Leads'!$D:$D,$A73,'Master Leads'!$F:$F,"No Answer",'Master Leads'!$E:$E,">="&IF(ISBLANK($B$5),0,$B$5),'Master Leads'!$E:$E,"<="&IF(ISBLANK($D$5),99999,$D$5))) | E73: =IF($A73="","",COUNTIFS('Master Leads'!$D:$D,$A73,'Master Leads'!$F:$F,"Interested",'Master Leads'!$E:$E,">="&IF(ISBLANK($B$5),0,$B$5),'Master Leads'!$E:$E,"<="&IF(ISBLANK($D$5),99999,$D$5))) | F73: =IF($A73="","",COUNTIFS('Master Leads'!$D:$D,$A73,'Master Leads'!$E:$E,">="&IF(ISBLANK($B$5),0,$B$5),'Master Leads'!$E:$E,"<="&IF(ISBLANK($D$5),99999,$D$5)) - COUNTIFS('Master Leads'!$D:$D,$A73,'Master Leads'!$F:$F,"Converted",'Master Leads'!$E:$E,">="&IF(ISBLANK($B$5),0,$B$5),'Master Leads'!$E:$E,"<="&IF(ISBLANK($D$5),99999,$D$5)) - COUNTIFS('Master Leads'!$D:$D,$A73,'Master Leads'!$F:$F,"Not Interested",'Master Leads'!$E:$E,">="&IF(ISBLANK($B$5),0,$B$5),'Master Leads'!$E:$E,"<="&IF(ISBLANK($D$5),99999,$D$5)) - COUNTIFS('Master Leads'!$D:$D,$A73,'Master Leads'!$F:$F,"Off",'Master Leads'!$E:$E,">="&IF(ISBLANK($B$5),0,$B$5),'Master Leads'!$E:$E,"<="&IF(ISBLANK($D$5),99999,$D$5)) - COUNTIFS('Master Leads'!$D:$D,$A73,'Master Leads'!$F:$F,"Invalid",'Master Leads'!$E:$E,">="&IF(ISBLANK($B$5),0,$B$5),'Master Leads'!$E:$E,"<="&IF(ISBLANK($D$5),99999,$D$5)) - COUNTIFS('Master Leads'!$D:$D,$A73,'Master Leads'!$F:$F,"Wrong number",'Master Leads'!$E:$E,">="&IF(ISBLANK($B$5),0,$B$5),'Master Leads'!$E:$E,"<="&IF(ISBLANK($D$5),99999,$D$5)) - B73 - C73 - D73 - E73) | G73: =IF($A73="","",SUM(B73:F73)) | H73: =IF(OR($A73="",H23=0),"",G73/H23) | I73: =IF(OR($A73="",H23=0),"",(B73+E73+F73)/H23)
A74: {=IF(INDEX(Members!$A:$A,17)="","",INDEX(Members!$A:$A,17))} | B74: =IF($A74="","",COUNTIFS('Master Leads'!$D:$D,$A74,'Master Leads'!$F:$F,"New",'Master Leads'!$E:$E,">="&IF(ISBLANK($B$5),0,$B$5),'Master Leads'!$E:$E,"<="&IF(ISBLANK($D$5),99999,$D$5))) | C74: =IF($A74="","",COUNTIFS('Master Leads'!$D:$D,$A74,'Master Leads'!$F:$F,"Contacted",'Master Leads'!$E:$E,">="&IF(ISBLANK($B$5),0,$B$5),'Master Leads'!$E:$E,"<="&IF(ISBLANK($D$5),99999,$D$5))) | D74: =IF($A74="","",COUNTIFS('Master Leads'!$D:$D,$A74,'Master Leads'!$F:$F,"No Answer",'Master Leads'!$E:$E,">="&IF(ISBLANK($B$5),0,$B$5),'Master Leads'!$E:$E,"<="&IF(ISBLANK($D$5),99999,$D$5))) | E74: =IF($A74="","",COUNTIFS('Master Leads'!$D:$D,$A74,'Master Leads'!$F:$F,"Interested",'Master Leads'!$E:$E,">="&IF(ISBLANK($B$5),0,$B$5),'Master Leads'!$E:$E,"<="&IF(ISBLANK($D$5),99999,$D$5))) | F74: =IF($A74="","",COUNTIFS('Master Leads'!$D:$D,$A74,'Master Leads'!$E:$E,">="&IF(ISBLANK($B$5),0,$B$5),'Master Leads'!$E:$E,"<="&IF(ISBLANK($D$5),99999,$D$5)) - COUNTIFS('Master Leads'!$D:$D,$A74,'Master Leads'!$F:$F,"Converted",'Master Leads'!$E:$E,">="&IF(ISBLANK($B$5),0,$B$5),'Master Leads'!$E:$E,"<="&IF(ISBLANK($D$5),99999,$D$5)) - COUNTIFS('Master Leads'!$D:$D,$A74,'Master Leads'!$F:$F,"Not Interested",'Master Leads'!$E:$E,">="&IF(ISBLANK($B$5),0,$B$5),'Master Leads'!$E:$E,"<="&IF(ISBLANK($D$5),99999,$D$5)) - COUNTIFS('Master Leads'!$D:$D,$A74,'Master Leads'!$F:$F,"Off",'Master Leads'!$E:$E,">="&IF(ISBLANK($B$5),0,$B$5),'Master Leads'!$E:$E,"<="&IF(ISBLANK($D$5),99999,$D$5)) - COUNTIFS('Master Leads'!$D:$D,$A74,'Master Leads'!$F:$F,"Invalid",'Master Leads'!$E:$E,">="&IF(ISBLANK($B$5),0,$B$5),'Master Leads'!$E:$E,"<="&IF(ISBLANK($D$5),99999,$D$5)) - COUNTIFS('Master Leads'!$D:$D,$A74,'Master Leads'!$F:$F,"Wrong number",'Master Leads'!$E:$E,">="&IF(ISBLANK($B$5),0,$B$5),'Master Leads'!$E:$E,"<="&IF(ISBLANK($D$5),99999,$D$5)) - B74 - C74 - D74 - E74) | G74: =IF($A74="","",SUM(B74:F74)) | H74: =IF(OR($A74="",H24=0),"",G74/H24) | I74: =IF(OR($A74="",H24=0),"",(B74+E74+F74)/H24)
A75: {=IF(INDEX(Members!$A:$A,18)="","",INDEX(Members!$A:$A,18))} | B75: =IF($A75="","",COUNTIFS('Master Leads'!$D:$D,$A75,'Master Leads'!$F:$F,"New",'Master Leads'!$E:$E,">="&IF(ISBLANK($B$5),0,$B$5),'Master Leads'!$E:$E,"<="&IF(ISBLANK($D$5),99999,$D$5))) | C75: =IF($A75="","",COUNTIFS('Master Leads'!$D:$D,$A75,'Master Leads'!$F:$F,"Contacted",'Master Leads'!$E:$E,">="&IF(ISBLANK($B$5),0,$B$5),'Master Leads'!$E:$E,"<="&IF(ISBLANK($D$5),99999,$D$5))) | D75: =IF($A75="","",COUNTIFS('Master Leads'!$D:$D,$A75,'Master Leads'!$F:$F,"No Answer",'Master Leads'!$E:$E,">="&IF(ISBLANK($B$5),0,$B$5),'Master Leads'!$E:$E,"<="&IF(ISBLANK($D$5),99999,$D$5))) | E75: =IF($A75="","",COUNTIFS('Master Leads'!$D:$D,$A75,'Master Leads'!$F:$F,"Interested",'Master Leads'!$E:$E,">="&IF(ISBLANK($B$5),0,$B$5),'Master Leads'!$E:$E,"<="&IF(ISBLANK($D$5),99999,$D$5))) | F75: =IF($A75="","",COUNTIFS('Master Leads'!$D:$D,$A75,'Master Leads'!$E:$E,">="&IF(ISBLANK($B$5),0,$B$5),'Master Leads'!$E:$E,"<="&IF(ISBLANK($D$5),99999,$D$5)) - COUNTIFS('Master Leads'!$D:$D,$A75,'Master Leads'!$F:$F,"Converted",'Master Leads'!$E:$E,">="&IF(ISBLANK($B$5),0,$B$5),'Master Leads'!$E:$E,"<="&IF(ISBLANK($D$5),99999,$D$5)) - COUNTIFS('Master Leads'!$D:$D,$A75,'Master Leads'!$F:$F,"Not Interested",'Master Leads'!$E:$E,">="&IF(ISBLANK($B$5),0,$B$5),'Master Leads'!$E:$E,"<="&IF(ISBLANK($D$5),99999,$D$5)) - COUNTIFS('Master Leads'!$D:$D,$A75,'Master Leads'!$F:$F,"Off",'Master Leads'!$E:$E,">="&IF(ISBLANK($B$5),0,$B$5),'Master Leads'!$E:$E,"<="&IF(ISBLANK($D$5),99999,$D$5)) - COUNTIFS('Master Leads'!$D:$D,$A75,'Master Leads'!$F:$F,"Invalid",'Master Leads'!$E:$E,">="&IF(ISBLANK($B$5),0,$B$5),'Master Leads'!$E:$E,"<="&IF(ISBLANK($D$5),99999,$D$5)) - COUNTIFS('Master Leads'!$D:$D,$A75,'Master Leads'!$F:$F,"Wrong number",'Master Leads'!$E:$E,">="&IF(ISBLANK($B$5),0,$B$5),'Master Leads'!$E:$E,"<="&IF(ISBLANK($D$5),99999,$D$5)) - B75 - C75 - D75 - E75) | G75: =IF($A75="","",SUM(B75:F75)) | H75: =IF(OR($A75="",H25=0),"",G75/H25) | I75: =IF(OR($A75="",H25=0),"",(B75+E75+F75)/H25)
A76: {=IF(INDEX(Members!$A:$A,19)="","",INDEX(Members!$A:$A,19))} | B76: =IF($A76="","",COUNTIFS('Master Leads'!$D:$D,$A76,'Master Leads'!$F:$F,"New",'Master Leads'!$E:$E,">="&IF(ISBLANK($B$5),0,$B$5),'Master Leads'!$E:$E,"<="&IF(ISBLANK($D$5),99999,$D$5))) | C76: =IF($A76="","",COUNTIFS('Master Leads'!$D:$D,$A76,'Master Leads'!$F:$F,"Contacted",'Master Leads'!$E:$E,">="&IF(ISBLANK($B$5),0,$B$5),'Master Leads'!$E:$E,"<="&IF(ISBLANK($D$5),99999,$D$5))) | D76: =IF($A76="","",COUNTIFS('Master Leads'!$D:$D,$A76,'Master Leads'!$F:$F,"No Answer",'Master Leads'!$E:$E,">="&IF(ISBLANK($B$5),0,$B$5),'Master Leads'!$E:$E,"<="&IF(ISBLANK($D$5),99999,$D$5))) | E76: =IF($A76="","",COUNTIFS('Master Leads'!$D:$D,$A76,'Master Leads'!$F:$F,"Interested",'Master Leads'!$E:$E,">="&IF(ISBLANK($B$5),0,$B$5),'Master Leads'!$E:$E,"<="&IF(ISBLANK($D$5),99999,$D$5))) | F76: =IF($A76="","",COUNTIFS('Master Leads'!$D:$D,$A76,'Master Leads'!$E:$E,">="&IF(ISBLANK($B$5),0,$B$5),'Master Leads'!$E:$E,"<="&IF(ISBLANK($D$5),99999,$D$5)) - COUNTIFS('Master Leads'!$D:$D,$A76,'Master Leads'!$F:$F,"Converted",'Master Leads'!$E:$E,">="&IF(ISBLANK($B$5),0,$B$5),'Master Leads'!$E:$E,"<="&IF(ISBLANK($D$5),99999,$D$5)) - COUNTIFS('Master Leads'!$D:$D,$A76,'Master Leads'!$F:$F,"Not Interested",'Master Leads'!$E:$E,">="&IF(ISBLANK($B$5),0,$B$5),'Master Leads'!$E:$E,"<="&IF(ISBLANK($D$5),99999,$D$5)) - COUNTIFS('Master Leads'!$D:$D,$A76,'Master Leads'!$F:$F,"Off",'Master Leads'!$E:$E,">="&IF(ISBLANK($B$5),0,$B$5),'Master Leads'!$E:$E,"<="&IF(ISBLANK($D$5),99999,$D$5)) - COUNTIFS('Master Leads'!$D:$D,$A76,'Master Leads'!$F:$F,"Invalid",'Master Leads'!$E:$E,">="&IF(ISBLANK($B$5),0,$B$5),'Master Leads'!$E:$E,"<="&IF(ISBLANK($D$5),99999,$D$5)) - COUNTIFS('Master Leads'!$D:$D,$A76,'Master Leads'!$F:$F,"Wrong number",'Master Leads'!$E:$E,">="&IF(ISBLANK($B$5),0,$B$5),'Master Leads'!$E:$E,"<="&IF(ISBLANK($D$5),99999,$D$5)) - B76 - C76 - D76 - E76) | G76: =IF($A76="","",SUM(B76:F76)) | H76: =IF(OR($A76="",H26=0),"",G76/H26) | I76: =IF(OR($A76="",H26=0),"",(B76+E76+F76)/H26)
A77: {=IF(INDEX(Members!$A:$A,20)="","",INDEX(Members!$A:$A,20))} | B77: =IF($A77="","",COUNTIFS('Master Leads'!$D:$D,$A77,'Master Leads'!$F:$F,"New",'Master Leads'!$E:$E,">="&IF(ISBLANK($B$5),0,$B$5),'Master Leads'!$E:$E,"<="&IF(ISBLANK($D$5),99999,$D$5))) | C77: =IF($A77="","",COUNTIFS('Master Leads'!$D:$D,$A77,'Master Leads'!$F:$F,"Contacted",'Master Leads'!$E:$E,">="&IF(ISBLANK($B$5),0,$B$5),'Master Leads'!$E:$E,"<="&IF(ISBLANK($D$5),99999,$D$5))) | D77: =IF($A77="","",COUNTIFS('Master Leads'!$D:$D,$A77,'Master Leads'!$F:$F,"No Answer",'Master Leads'!$E:$E,">="&IF(ISBLANK($B$5),0,$B$5),'Master Leads'!$E:$E,"<="&IF(ISBLANK($D$5),99999,$D$5))) | E77: =IF($A77="","",COUNTIFS('Master Leads'!$D:$D,$A77,'Master Leads'!$F:$F,"Interested",'Master Leads'!$E:$E,">="&IF(ISBLANK($B$5),0,$B$5),'Master Leads'!$E:$E,"<="&IF(ISBLANK($D$5),99999,$D$5))) | F77: =IF($A77="","",COUNTIFS('Master Leads'!$D:$D,$A77,'Master Leads'!$E:$E,">="&IF(ISBLANK($B$5),0,$B$5),'Master Leads'!$E:$E,"<="&IF(ISBLANK($D$5),99999,$D$5)) - COUNTIFS('Master Leads'!$D:$D,$A77,'Master Leads'!$F:$F,"Converted",'Master Leads'!$E:$E,">="&IF(ISBLANK($B$5),0,$B$5),'Master Leads'!$E:$E,"<="&IF(ISBLANK($D$5),99999,$D$5)) - COUNTIFS('Master Leads'!$D:$D,$A77,'Master Leads'!$F:$F,"Not Interested",'Master Leads'!$E:$E,">="&IF(ISBLANK($B$5),0,$B$5),'Master Leads'!$E:$E,"<="&IF(ISBLANK($D$5),99999,$D$5)) - COUNTIFS('Master Leads'!$D:$D,$A77,'Master Leads'!$F:$F,"Off",'Master Leads'!$E:$E,">="&IF(ISBLANK($B$5),0,$B$5),'Master Leads'!$E:$E,"<="&IF(ISBLANK($D$5),99999,$D$5)) - COUNTIFS('Master Leads'!$D:$D,$A77,'Master Leads'!$F:$F,"Invalid",'Master Leads'!$E:$E,">="&IF(ISBLANK($B$5),0,$B$5),'Master Leads'!$E:$E,"<="&IF(ISBLANK($D$5),99999,$D$5)) - COUNTIFS('Master Leads'!$D:$D,$A77,'Master Leads'!$F:$F,"Wrong number",'Master Leads'!$E:$E,">="&IF(ISBLANK($B$5),0,$B$5),'Master Leads'!$E:$E,"<="&IF(ISBLANK($D$5),99999,$D$5)) - B77 - C77 - D77 - E77) | G77: =IF($A77="","",SUM(B77:F77)) | H77: =IF(OR($A77="",H27=0),"",G77/H27) | I77: =IF(OR($A77="",H27=0),"",(B77+E77+F77)/H27)
A78: {=IF(INDEX(Members!$A:$A,21)="","",INDEX(Members!$A:$A,21))} | B78: =IF($A78="","",COUNTIFS('Master Leads'!$D:$D,$A78,'Master Leads'!$F:$F,"New",'Master Leads'!$E:$E,">="&IF(ISBLANK($B$5),0,$B$5),'Master Leads'!$E:$E,"<="&IF(ISBLANK($D$5),99999,$D$5))) | C78: =IF($A78="","",COUNTIFS('Master Leads'!$D:$D,$A78,'Master Leads'!$F:$F,"Contacted",'Master Leads'!$E:$E,">="&IF(ISBLANK($B$5),0,$B$5),'Master Leads'!$E:$E,"<="&IF(ISBLANK($D$5),99999,$D$5))) | D78: =IF($A78="","",COUNTIFS('Master Leads'!$D:$D,$A78,'Master Leads'!$F:$F,"No Answer",'Master Leads'!$E:$E,">="&IF(ISBLANK($B$5),0,$B$5),'Master Leads'!$E:$E,"<="&IF(ISBLANK($D$5),99999,$D$5))) | E78: =IF($A78="","",COUNTIFS('Master Leads'!$D:$D,$A78,'Master Leads'!$F:$F,"Interested",'Master Leads'!$E:$E,">="&IF(ISBLANK($B$5),0,$B$5),'Master Leads'!$E:$E,"<="&IF(ISBLANK($D$5),99999,$D$5))) | F78: =IF($A78="","",COUNTIFS('Master Leads'!$D:$D,$A78,'Master Leads'!$E:$E,">="&IF(ISBLANK($B$5),0,$B$5),'Master Leads'!$E:$E,"<="&IF(ISBLANK($D$5),99999,$D$5)) - COUNTIFS('Master Leads'!$D:$D,$A78,'Master Leads'!$F:$F,"Converted",'Master Leads'!$E:$E,">="&IF(ISBLANK($B$5),0,$B$5),'Master Leads'!$E:$E,"<="&IF(ISBLANK($D$5),99999,$D$5)) - COUNTIFS('Master Leads'!$D:$D,$A78,'Master Leads'!$F:$F,"Not Interested",'Master Leads'!$E:$E,">="&IF(ISBLANK($B$5),0,$B$5),'Master Leads'!$E:$E,"<="&IF(ISBLANK($D$5),99999,$D$5)) - COUNTIFS('Master Leads'!$D:$D,$A78,'Master Leads'!$F:$F,"Off",'Master Leads'!$E:$E,">="&IF(ISBLANK($B$5),0,$B$5),'Master Leads'!$E:$E,"<="&IF(ISBLANK($D$5),99999,$D$5)) - COUNTIFS('Master Leads'!$D:$D,$A78,'Master Leads'!$F:$F,"Invalid",'Master Leads'!$E:$E,">="&IF(ISBLANK($B$5),0,$B$5),'Master Leads'!$E:$E,"<="&IF(ISBLANK($D$5),99999,$D$5)) - COUNTIFS('Master Leads'!$D:$D,$A78,'Master Leads'!$F:$F,"Wrong number",'Master Leads'!$E:$E,">="&IF(ISBLANK($B$5),0,$B$5),'Master Leads'!$E:$E,"<="&IF(ISBLANK($D$5),99999,$D$5)) - B78 - C78 - D78 - E78) | G78: =IF($A78="","",SUM(B78:F78)) | H78: =IF(OR($A78="",H28=0),"",G78/H28) | I78: =IF(OR($A78="",H28=0),"",(B78+E78+F78)/H28)
A79: TOTAL UNRESOLVED | B79: =COUNTIFS('Master Leads'!$F:$F,"New",'Master Leads'!$E:$E,">="&IF(ISBLANK($B$5),0,$B$5),'Master Leads'!$E:$E,"<="&IF(ISBLANK($D$5),99999,$D$5)) -> 2 | C79: =COUNTIFS('Master Leads'!$F:$F,"Contacted",'Master Leads'!$E:$E,">="&IF(ISBLANK($B$5),0,$B$5),'Master Leads'!$E:$E,"<="&IF(ISBLANK($D$5),99999,$D$5)) -> 1616 | D79: =COUNTIFS('Master Leads'!$F:$F,"No Answer",'Master Leads'!$E:$E,">="&IF(ISBLANK($B$5),0,$B$5),'Master Leads'!$E:$E,"<="&IF(ISBLANK($D$5),99999,$D$5)) -> 825 | E79: =COUNTIFS('Master Leads'!$F:$F,"Interested",'Master Leads'!$E:$E,">="&IF(ISBLANK($B$5),0,$B$5),'Master Leads'!$E:$E,"<="&IF(ISBLANK($D$5),99999,$D$5)) -> 41 | F79: =H29 - COUNTIFS('Master Leads'!$F:$F,"Converted",'Master Leads'!$E:$E,">="&IF(ISBLANK($B$5),0,$B$5),'Master Leads'!$E:$E,"<="&IF(ISBLANK($D$5),99999,$D$5)) - COUNTIFS('Master Leads'!$F:$F,"Not Interested",'Master Leads'!$E:$E,">="&IF(ISBLANK($B$5),0,$B$5),'Master Leads'!$E:$E,"<="&IF(ISBLANK($D$5),99999,$D$5)) - COUNTIFS('Master Leads'!$F:$F,"Off",'Master Leads'!$E:$E,">="&IF(ISBLANK($B$5),0,$B$5),'Master Leads'!$E:$E,"<="&IF(ISBLANK($D$5),99999,$D$5)) - COUNTIFS('Master Leads'!$F:$F,"Invalid",'Master Leads'!$E:$E,">="&IF(ISBLANK($B$5),0,$B$5),'Master Leads'!$E:$E,"<="&IF(ISBLANK($D$5),99999,$D$5)) - COUNTIFS('Master Leads'!$F:$F,"Wrong number",'Master Leads'!$E:$E,">="&IF(ISBLANK($B$5),0,$B$5),'Master Leads'!$E:$E,"<="&IF(ISBLANK($D$5),99999,$D$5)) - SUM(B79:E79) -> 238 | G79: =SUM(B79:F79) -> 2722 | H79: =IF(H29=0,"",G79/H29) -> 0.82484848 | I79: =IF(H29=0,"",(B79+E79+F79)/H29) -> 0.085151515
A82: TABLE 4: CAMPAIGN ROI & PERFORMANCE MATRIX
A83: Campaign / Boost | B83: Total Leads | C83: Converted | D83: Paid Students | E83: Not Interested | F83: Active Pipeline | G83: Conversion % | H83: Paid Share %
A84: S26 | B84: =COUNTIFS('Master Leads'!$I:$I,"S26",'Master Leads'!$E:$E,">="&IF(ISBLANK($B$5),0,$B$5),'Master Leads'!$E:$E,"<="&IF(ISBLANK($D$5),99999,$D$5)) -> 3181 | C84: =COUNTIFS('Master Leads'!$I:$I,"S26",'Master Leads'!$F:$F,"Converted",'Master Leads'!$E:$E,">="&IF(ISBLANK($B$5),0,$B$5),'Master Leads'!$E:$E,"<="&IF(ISBLANK($D$5),99999,$D$5)) -> 23 | D84: =COUNTIFS('Master Leads'!$I:$I,"S26",'Master Leads'!$O:$O,"Yes",'Master Leads'!$E:$E,">="&IF(ISBLANK($B$5),0,$B$5),'Master Leads'!$E:$E,"<="&IF(ISBLANK($D$5),99999,$D$5)) -> 0 | E84: =COUNTIFS('Master Leads'!$I:$I,"S26",'Master Leads'!$F:$F,"Not Interested",'Master Leads'!$E:$E,">="&IF(ISBLANK($B$5),0,$B$5),'Master Leads'!$E:$E,"<="&IF(ISBLANK($D$5),99999,$D$5)) -> 105 | F84: =B84 - C84 - E84 -> 3053 | G84: =IF(B84=0,"",C84/B84) -> 0.0072304307 | H84: =IF(OR(B84=0,$D$86=0),"",D84/$D$86)
A85: S27 | B85: =COUNTIFS('Master Leads'!$I:$I,"S27",'Master Leads'!$E:$E,">="&IF(ISBLANK($B$5),0,$B$5),'Master Leads'!$E:$E,"<="&IF(ISBLANK($D$5),99999,$D$5)) -> 119 | C85: =COUNTIFS('Master Leads'!$I:$I,"S27",'Master Leads'!$F:$F,"Converted",'Master Leads'!$E:$E,">="&IF(ISBLANK($B$5),0,$B$5),'Master Leads'!$E:$E,"<="&IF(ISBLANK($D$5),99999,$D$5)) -> 0 | D85: =COUNTIFS('Master Leads'!$I:$I,"S27",'Master Leads'!$O:$O,"Yes",'Master Leads'!$E:$E,">="&IF(ISBLANK($B$5),0,$B$5),'Master Leads'!$E:$E,"<="&IF(ISBLANK($D$5),99999,$D$5)) -> 0 | E85: =COUNTIFS('Master Leads'!$I:$I,"S27",'Master Leads'!$F:$F,"Not Interested",'Master Leads'!$E:$E,">="&IF(ISBLANK($B$5),0,$B$5),'Master Leads'!$E:$E,"<="&IF(ISBLANK($D$5),99999,$D$5)) -> 6 | F85: =B85 - C85 - E85 -> 113 | G85: =IF(B85=0,"",C85/B85) -> 0 | H85: =IF(OR(B85=0,$D$86=0),"",D85/$D$86)
A86: TOTAL CAMPAIGN | B86: =SUM(B84:B85) -> 3300 | C86: =SUM(C84:C85) -> 23 | D86: =SUM(D84:D85) -> 0 | E86: =SUM(E84:E85) -> 111 | F86: =SUM(F84:F85) -> 3166 | G86: =IF(B86=0,"",C86/B86) -> 0.006969697 | H86: 1

Sheet Members
A1: Member Name | B1: Total Leads (auto) | C1: Converted Leads (auto) | D1: Paid (auto) | E1: No Answer (auto) | F1: Conversion Rate (auto) | G1: Paid Rate (auto) | H1: Date Joined | I1: Notes / Role
A2: maheesha | B2: =COUNTIF('Master Leads'!D:D,A2) -> 29 | C2: =COUNTIFS('Master Leads'!D:D,A2,'Master Leads'!F:F,"Converted") -> 0 | D2: =COUNTIFS('Master Leads'!D:D,A2,'Master Leads'!O:O,"Yes") -> 0 | E2: =COUNTIFS('Master Leads'!D:D,A2,'Master Leads'!F:F,"No Answer") -> 9 | F2: =IFERROR(C2/B2,"-") -> 0 | G2: =IFERROR(D2/B2,"-") -> 0
A3: menik | B3: =COUNTIF('Master Leads'!D:D,A3) -> 0 | C3: =COUNTIFS('Master Leads'!D:D,A3,'Master Leads'!F:F,"Converted") -> 0 | D3: =COUNTIFS('Master Leads'!D:D,A3,'Master Leads'!O:O,"Yes") -> 0 | E3: =COUNTIFS('Master Leads'!D:D,A3,'Master Leads'!F:F,"No Answer") -> 0 | F3: =IFERROR(C3/B3,"-") -> - | G3: =IFERROR(D3/B3,"-") -> -
A4: kavinda | B4: =COUNTIF('Master Leads'!D:D,A4) -> 609 | C4: =COUNTIFS('Master Leads'!D:D,A4,'Master Leads'!F:F,"Converted") -> 2 | D4: =COUNTIFS('Master Leads'!D:D,A4,'Master Leads'!O:O,"Yes") -> 0 | E4: =COUNTIFS('Master Leads'!D:D,A4,'Master Leads'!F:F,"No Answer") -> 149 | F4: =IFERROR(C4/B4,"-") -> 0.0032840723 | G4: =IFERROR(D4/B4,"-") -> 0
A5: umesh | B5: =COUNTIF('Master Leads'!D:D,A5) -> 598 | C5: =COUNTIFS('Master Leads'!D:D,A5,'Master Leads'!F:F,"Converted") -> 11 | D5: =COUNTIFS('Master Leads'!D:D,A5,'Master Leads'!O:O,"Yes") -> 0 | E5: =COUNTIFS('Master Leads'!D:D,A5,'Master Leads'!F:F,"No Answer") -> 141 | F5: =IFERROR(C5/B5,"-") -> 0.018394649 | G5: =IFERROR(D5/B5,"-") -> 0
A6: Avishka | B6: =COUNTIF('Master Leads'!D:D,A6) -> 87 | C6: =COUNTIFS('Master Leads'!D:D,A6,'Master Leads'!F:F,"Converted") -> 0 | D6: =COUNTIFS('Master Leads'!D:D,A6,'Master Leads'!O:O,"Yes") -> 0 | E6: =COUNTIFS('Master Leads'!D:D,A6,'Master Leads'!F:F,"No Answer") -> 20 | F6: =IFERROR(C6/B6,"-") -> 0 | G6: =IFERROR(D6/B6,"-") -> 0
A7: Wihanga | B7: =COUNTIF('Master Leads'!D:D,A7) -> 0 | C7: =COUNTIFS('Master Leads'!D:D,A7,'Master Leads'!F:F,"Converted") -> 0 | D7: =COUNTIFS('Master Leads'!D:D,A7,'Master Leads'!O:O,"Yes") -> 0 | E7: =COUNTIFS('Master Leads'!D:D,A7,'Master Leads'!F:F,"No Answer") -> 0 | F7: =IFERROR(C7/B7,"-") -> - | G7: =IFERROR(D7/B7,"-") -> -
A8: muthumali | B8: =COUNTIF('Master Leads'!D:D,A8) -> 689 | C8: =COUNTIFS('Master Leads'!D:D,A8,'Master Leads'!F:F,"Converted") -> 0 | D8: =COUNTIFS('Master Leads'!D:D,A8,'Master Leads'!O:O,"Yes") -> 0 | E8: =COUNTIFS('Master Leads'!D:D,A8,'Master Leads'!F:F,"No Answer") -> 169 | F8: =IFERROR(C8/B8,"-") -> 0 | G8: =IFERROR(D8/B8,"-") -> 0
A9: shamali | B9: =COUNTIF('Master Leads'!D:D,A9) -> 535 | C9: =COUNTIFS('Master Leads'!D:D,A9,'Master Leads'!F:F,"Converted") -> 2 | D9: =COUNTIFS('Master Leads'!D:D,A9,'Master Leads'!O:O,"Yes") -> 0 | E9: =COUNTIFS('Master Leads'!D:D,A9,'Master Leads'!F:F,"No Answer") -> 135 | F9: =IFERROR(C9/B9,"-") -> 0.0037383178 | G9: =IFERROR(D9/B9,"-") -> 0
A10: Ama | B10: =COUNTIF('Master Leads'!D:D,A10) -> 427 | C10: =COUNTIFS('Master Leads'!D:D,A10,'Master Leads'!F:F,"Converted") -> 3 | D10: =COUNTIFS('Master Leads'!D:D,A10,'Master Leads'!O:O,"Yes") -> 0 | E10: =COUNTIFS('Master Leads'!D:D,A10,'Master Leads'!F:F,"No Answer") -> 117 | F10: =IFERROR(C10/B10,"-") -> 0.0070257611 | G10: =IFERROR(D10/B10,"-") -> 0
A11: kushalya | B11: =COUNTIF('Master Leads'!D:D,A11) -> 325 | C11: =COUNTIFS('Master Leads'!D:D,A11,'Master Leads'!F:F,"Converted") -> 5 | D11: =COUNTIFS('Master Leads'!D:D,A11,'Master Leads'!O:O,"Yes") -> 0 | E11: =COUNTIFS('Master Leads'!D:D,A11,'Master Leads'!F:F,"No Answer") -> 85 | F11: =IFERROR(C11/B11,"-") -> 0.015384615 | G11: =IFERROR(D11/B11,"-") -> 0
A12: TOTAL | B12: =COUNTA('Master Leads'!B:B)-1 -> 3296 | C12: =COUNTIF('Master Leads'!F:F,"Converted") -> 23 | D12: =COUNTIF('Master Leads'!O:O,"Yes") -> 0 | E12: =COUNTIF('Master Leads'!F:F,"No Answer") -> 825

Sheet Instructions
A1: LEAD MANAGEMENT SYSTEM v9 — Google Sheets Edition
A3: HOW TO USE THIS SYSTEM
A5: 1. Upload this file to Google Sheets (File > Import, or drag and drop onto drive.google.com)
A6: 2. Go to Extensions > Apps Script and paste the new v9 Apps Script code
A7: 3. Save the script (Ctrl+S), then reload the sheet
A8: 4. A 'Lead Tools' menu will appear at the top
A10: LEAD TOOLS MENU OPTIONS
A12: Add New Lead — Enter phone + campaign + member. Auto: F-Code, Date, Duplicate check, Repeat tag
A13: Look Up a Number — See full history of any phone number across all campaigns
A14: Add New Member — Add a new team member to the Members sheet (auto-updates all dropdowns)
A15: Remove Member — Soft-remove: blanks the name but keeps all their lead history
A17: COLUMNS IN MASTER LEADS
... A49: LIGHT BLUE — Repeat Student row
